inventory_snapshot_id,snapshot_date,product_id,channel_id,on_hand_qty,on_order_qty,units_sold_in_week,reorder_point,is_stockout
INV-0000001,2023-01-16,APP-0005,CH-NE-01,140,0,5,36,False
INV-0000002,2023-01-16,APP-0005,CH-MW-01,143,0,2,36,False
INV-0000003,2023-01-16,APP-0005,CH-WE-01,137,0,8,36,False
INV-0000004,2023-01-16,APP-0005,CH-ON-01,137,0,8,36,False
INV-0000005,2023-01-16,APP-0005,CH-WS-01,143,0,2,36,False
INV-0000006,2023-01-23,APP-0005,CH-NE-01,124,0,16,36,False
INV-0000007,2023-01-23,APP-0005,CH-MW-01,137,0,6,36,False
INV-0000008,2023-01-23,APP-0005,CH-WE-01,120,0,17,36,False
INV-0000009,2023-01-23,APP-0005,CH-ON-01,134,0,3,36,False
INV-0000010,2023-01-23,APP-0005,CH-WS-01,142,0,1,36,False
INV-0000011,2023-01-30,APP-0005,CH-NE-01,115,0,9,36,False
INV-0000012,2023-01-30,APP-0005,CH-MW-01,135,0,2,36,False
INV-0000013,2023-01-30,APP-0005,CH-WE-01,101,0,19,36,False
INV-0000014,2023-01-30,APP-0005,CH-ON-01,122,0,12,36,False
INV-0000015,2023-01-30,APP-0005,CH-WS-01,140,0,2,36,False
INV-0000016,2023-01-30,HOM-0032,CH-NE-01,64,0,6,28,False
INV-0000017,2023-01-30,HOM-0032,CH-MW-01,66,0,4,28,False
INV-0000018,2023-01-30,HOM-0032,CH-WE-01,61,0,9,28,False
INV-0000019,2023-01-30,HOM-0032,CH-ON-01,58,0,12,28,False
INV-0000020,2023-01-30,HOM-0032,CH-WS-01,68,0,2,28,False
INV-0000021,2023-02-06,APP-0005,CH-NE-01,109,0,6,36,False
INV-0000022,2023-02-06,APP-0005,CH-MW-01,128,0,7,36,False
INV-0000023,2023-02-06,APP-0005,CH-WE-01,84,0,17,36,False
INV-0000024,2023-02-06,APP-0005,CH-ON-01,108,0,14,36,False
INV-0000025,2023-02-06,APP-0005,CH-WS-01,130,0,10,36,False
INV-0000026,2023-02-06,HOM-0032,CH-NE-01,53,0,11,28,False
INV-0000027,2023-02-06,HOM-0032,CH-MW-01,59,0,7,28,False
INV-0000028,2023-02-06,HOM-0032,CH-WE-01,57,0,4,28,False
INV-0000029,2023-02-06,HOM-0032,CH-ON-01,42,0,16,28,False
INV-0000030,2023-02-06,HOM-0032,CH-WS-01,60,0,8,28,False
INV-0000031,2023-02-13,APP-0005,CH-NE-01,104,0,5,36,False
INV-0000032,2023-02-13,APP-0005,CH-MW-01,125,0,3,36,False
INV-0000033,2023-02-13,APP-0005,CH-WE-01,75,0,9,36,False
INV-0000034,2023-02-13,APP-0005,CH-ON-01,98,0,10,36,False
INV-0000035,2023-02-13,APP-0005,CH-WS-01,130,0,0,36,False
INV-0000036,2023-02-13,HOM-0032,CH-NE-01,38,0,15,28,False
INV-0000037,2023-02-13,HOM-0032,CH-MW-01,50,0,9,28,False
INV-0000038,2023-02-13,HOM-0032,CH-WE-01,46,0,11,28,False
INV-0000039,2023-02-13,HOM-0032,CH-ON-01,27,51,15,28,False
INV-0000040,2023-02-13,HOM-0032,CH-WS-01,60,0,0,28,False
INV-0000041,2023-02-20,APP-0005,CH-NE-01,89,0,15,36,False
INV-0000042,2023-02-20,APP-0005,CH-MW-01,121,0,4,36,False
INV-0000043,2023-02-20,APP-0005,CH-WE-01,68,0,7,36,False
INV-0000044,2023-02-20,APP-0005,CH-ON-01,93,0,5,36,False
INV-0000045,2023-02-20,APP-0005,CH-WS-01,125,0,5,36,False
INV-0000046,2023-02-20,HOM-0032,CH-NE-01,35,0,3,28,False
INV-0000047,2023-02-20,HOM-0032,CH-MW-01,46,0,4,28,False
INV-0000048,2023-02-20,HOM-0032,CH-WE-01,31,0,15,28,False
INV-0000049,2023-02-20,HOM-0032,CH-ON-01,71,0,7,28,False
INV-0000050,2023-02-20,HOM-0032,CH-WS-01,59,0,1,28,False
INV-0000051,2023-02-27,APP-0005,CH-NE-01,80,0,9,36,False
INV-0000052,2023-02-27,APP-0005,CH-MW-01,116,0,5,36,False
INV-0000053,2023-02-27,APP-0005,CH-WE-01,58,0,10,36,False
INV-0000054,2023-02-27,APP-0005,CH-ON-01,72,0,21,36,False
INV-0000055,2023-02-27,APP-0005,CH-WS-01,122,0,3,36,False
INV-0000056,2023-02-27,HOM-0032,CH-NE-01,23,35,12,28,False
INV-0000057,2023-02-27,HOM-0032,CH-MW-01,41,0,5,28,False
INV-0000058,2023-02-27,HOM-0032,CH-WE-01,28,36,3,28,False
INV-0000059,2023-02-27,HOM-0032,CH-ON-01,68,0,3,28,False
INV-0000060,2023-02-27,HOM-0032,CH-WS-01,59,0,0,28,False
INV-0000061,2023-03-06,APP-0005,CH-NE-01,70,0,10,36,False
INV-0000062,2023-03-06,APP-0005,CH-MW-01,111,0,5,36,False
INV-0000063,2023-03-06,APP-0005,CH-WE-01,36,99,22,36,False
INV-0000064,2023-03-06,APP-0005,CH-ON-01,55,0,17,36,False
INV-0000065,2023-03-06,APP-0005,CH-WS-01,118,0,4,36,False
INV-0000066,2023-03-06,HOM-0032,CH-NE-01,47,0,11,28,False
INV-0000067,2023-03-06,HOM-0032,CH-MW-01,37,0,4,28,False
INV-0000068,2023-03-06,HOM-0032,CH-WE-01,56,0,8,28,False
INV-0000069,2023-03-06,HOM-0032,CH-ON-01,52,0,16,28,False
INV-0000070,2023-03-06,HOM-0032,CH-WS-01,57,0,2,28,False
INV-0000071,2023-03-13,APP-0005,CH-NE-01,59,0,11,36,False
INV-0000072,2023-03-13,APP-0005,CH-MW-01,95,0,16,36,False
INV-0000073,2023-03-13,APP-0005,CH-WE-01,130,0,5,36,False
INV-0000074,2023-03-13,APP-0005,CH-ON-01,40,0,15,36,False
INV-0000075,2023-03-13,APP-0005,CH-WS-01,113,0,5,36,False
INV-0000076,2023-03-13,HOM-0032,CH-NE-01,41,0,6,28,False
INV-0000077,2023-03-13,HOM-0032,CH-MW-01,23,48,14,28,False
INV-0000078,2023-03-13,HOM-0032,CH-WE-01,52,0,4,28,False
INV-0000079,2023-03-13,HOM-0032,CH-ON-01,38,0,14,28,False
INV-0000080,2023-03-13,HOM-0032,CH-WS-01,56,0,1,28,False
INV-0000081,2023-03-20,APP-0005,CH-NE-01,47,0,12,36,False
INV-0000082,2023-03-20,APP-0005,CH-MW-01,87,0,8,36,False
INV-0000083,2023-03-20,APP-0005,CH-WE-01,124,0,6,36,False
INV-0000084,2023-03-20,APP-0005,CH-ON-01,28,117,12,36,False
INV-0000085,2023-03-20,APP-0005,CH-WS-01,113,0,0,36,False
INV-0000086,2023-03-20,HOM-0032,CH-NE-01,34,0,7,28,False
INV-0000087,2023-03-20,HOM-0032,CH-MW-01,68,0,3,28,False
INV-0000088,2023-03-20,HOM-0032,CH-WE-01,36,0,16,28,False
INV-0000089,2023-03-20,HOM-0032,CH-ON-01,27,67,11,28,False
INV-0000090,2023-03-20,HOM-0032,CH-WS-01,53,0,3,28,False
INV-0000091,2023-03-27,APP-0005,CH-NE-01,42,0,5,36,False
INV-0000092,2023-03-27,APP-0005,CH-MW-01,73,0,14,36,False
INV-0000093,2023-03-27,APP-0005,CH-WE-01,114,0,10,36,False
INV-0000094,2023-03-27,APP-0005,CH-ON-01,142,0,3,36,False
INV-0000095,2023-03-27,APP-0005,CH-WS-01,109,0,4,36,False
INV-0000096,2023-03-27,HOM-0032,CH-NE-01,27,43,7,28,False
INV-0000097,2023-03-27,HOM-0032,CH-MW-01,59,0,9,28,False
INV-0000098,2023-03-27,HOM-0032,CH-WE-01,31,0,5,28,False
INV-0000099,2023-03-27,HOM-0032,CH-ON-01,85,0,9,28,False
INV-0000100,2023-03-27,HOM-0032,CH-WS-01,49,0,4,28,False
INV-0000101,2023-04-03,APP-0005,CH-NE-01,35,123,7,36,False
INV-0000102,2023-04-03,APP-0005,CH-MW-01,69,0,4,36,False
INV-0000103,2023-04-03,APP-0005,CH-WE-01,100,0,14,36,False
INV-0000104,2023-04-03,APP-0005,CH-ON-01,126,0,16,36,False
INV-0000105,2023-04-03,APP-0005,CH-WS-01,102,0,7,36,False
INV-0000106,2023-04-03,HOM-0031,CH-NE-01,90,0,7,25,False
INV-0000107,2023-04-03,HOM-0031,CH-MW-01,93,0,4,25,False
INV-0000108,2023-04-03,HOM-0031,CH-WE-01,92,0,5,25,False
INV-0000109,2023-04-03,HOM-0031,CH-ON-01,91,0,6,25,False
INV-0000110,2023-04-03,HOM-0031,CH-WS-01,92,0,5,25,False
INV-0000111,2023-04-03,HOM-0032,CH-NE-01,62,0,8,28,False
INV-0000112,2023-04-03,HOM-0032,CH-MW-01,50,0,9,28,False
INV-0000113,2023-04-03,HOM-0032,CH-WE-01,18,47,13,28,False
INV-0000114,2023-04-03,HOM-0032,CH-ON-01,73,0,12,28,False
INV-0000115,2023-04-03,HOM-0032,CH-WS-01,47,0,2,28,False
INV-0000116,2023-04-10,APP-0005,CH-NE-01,149,0,9,36,False
INV-0000117,2023-04-10,APP-0005,CH-MW-01,58,0,11,36,False
INV-0000118,2023-04-10,APP-0005,CH-WE-01,95,0,5,36,False
INV-0000119,2023-04-10,APP-0005,CH-ON-01,109,0,17,36,False
INV-0000120,2023-04-10,APP-0005,CH-WS-01,99,0,3,36,False
INV-0000121,2023-04-10,APP-0007,CH-NE-01,86,0,7,28,False
INV-0000122,2023-04-10,APP-0007,CH-MW-01,91,0,2,28,False
INV-0000123,2023-04-10,APP-0007,CH-WE-01,92,0,1,28,False
INV-0000124,2023-04-10,APP-0007,CH-ON-01,87,0,6,28,False
INV-0000125,2023-04-10,APP-0007,CH-WS-01,91,0,2,28,False
INV-0000126,2023-04-10,HOM-0029,CH-NE-01,116,0,12,39,False
INV-0000127,2023-04-10,HOM-0029,CH-MW-01,123,0,5,39,False
INV-0000128,2023-04-10,HOM-0029,CH-WE-01,116,0,12,39,False
INV-0000129,2023-04-10,HOM-0029,CH-ON-01,119,0,9,39,False
INV-0000130,2023-04-10,HOM-0029,CH-WS-01,128,0,0,39,False
INV-0000131,2023-04-10,HOM-0031,CH-NE-01,77,0,13,25,False
INV-0000132,2023-04-10,HOM-0031,CH-MW-01,79,0,14,25,False
INV-0000133,2023-04-10,HOM-0031,CH-WE-01,81,0,11,25,False
INV-0000134,2023-04-10,HOM-0031,CH-ON-01,67,0,24,25,False
INV-0000135,2023-04-10,HOM-0031,CH-WS-01,92,0,0,25,False
INV-0000136,2023-04-10,HOM-0032,CH-NE-01,58,0,4,28,False
INV-0000137,2023-04-10,HOM-0032,CH-MW-01,45,0,5,28,False
INV-0000138,2023-04-10,HOM-0032,CH-WE-01,65,0,0,28,False
INV-0000139,2023-04-10,HOM-0032,CH-ON-01,62,0,11,28,False
INV-0000140,2023-04-10,HOM-0032,CH-WS-01,47,0,0,28,False
INV-0000141,2023-04-17,APP-0005,CH-NE-01,143,0,6,36,False
INV-0000142,2023-04-17,APP-0005,CH-MW-01,55,0,3,36,False
INV-0000143,2023-04-17,APP-0005,CH-WE-01,83,0,12,36,False
INV-0000144,2023-04-17,APP-0005,CH-ON-01,96,0,13,36,False
INV-0000145,2023-04-17,APP-0005,CH-WS-01,95,0,4,36,False
INV-0000146,2023-04-17,APP-0007,CH-NE-01,79,0,7,28,False
INV-0000147,2023-04-17,APP-0007,CH-MW-01,78,0,13,28,False
INV-0000148,2023-04-17,APP-0007,CH-WE-01,82,0,10,28,False
INV-0000149,2023-04-17,APP-0007,CH-ON-01,66,0,21,28,False
INV-0000150,2023-04-17,APP-0007,CH-WS-01,88,0,3,28,False
INV-0000151,2023-04-17,APP-0010,CH-NE-01,111,0,0,34,False
INV-0000152,2023-04-17,APP-0010,CH-MW-01,110,0,1,34,False
INV-0000153,2023-04-17,APP-0010,CH-WE-01,98,0,13,34,False
INV-0000154,2023-04-17,APP-0010,CH-ON-01,98,0,13,34,False
INV-0000155,2023-04-17,APP-0010,CH-WS-01,110,0,1,34,False
INV-0000156,2023-04-17,HOM-0029,CH-NE-01,109,0,7,39,False
INV-0000157,2023-04-17,HOM-0029,CH-MW-01,116,0,7,39,False
INV-0000158,2023-04-17,HOM-0029,CH-WE-01,104,0,12,39,False
INV-0000159,2023-04-17,HOM-0029,CH-ON-01,111,0,8,39,False
INV-0000160,2023-04-17,HOM-0029,CH-WS-01,126,0,2,39,False
INV-0000161,2023-04-17,HOM-0031,CH-NE-01,70,0,7,25,False
INV-0000162,2023-04-17,HOM-0031,CH-MW-01,66,0,13,25,False
INV-0000163,2023-04-17,HOM-0031,CH-WE-01,68,0,13,25,False
INV-0000164,2023-04-17,HOM-0031,CH-ON-01,55,0,12,25,False
INV-0000165,2023-04-17,HOM-0031,CH-WS-01,92,0,0,25,False
INV-0000166,2023-04-17,HOM-0032,CH-NE-01,52,0,6,28,False
INV-0000167,2023-04-17,HOM-0032,CH-MW-01,40,0,5,28,False
INV-0000168,2023-04-17,HOM-0032,CH-WE-01,61,0,4,28,False
INV-0000169,2023-04-17,HOM-0032,CH-ON-01,52,0,10,28,False
INV-0000170,2023-04-17,HOM-0032,CH-WS-01,45,0,2,28,False
INV-0000171,2023-04-24,APP-0005,CH-NE-01,127,0,16,36,False
INV-0000172,2023-04-24,APP-0005,CH-MW-01,41,0,14,36,False
INV-0000173,2023-04-24,APP-0005,CH-WE-01,77,0,6,36,False
INV-0000174,2023-04-24,APP-0005,CH-ON-01,90,0,6,36,False
INV-0000175,2023-04-24,APP-0005,CH-WS-01,95,0,0,36,False
INV-0000176,2023-04-24,APP-0007,CH-NE-01,64,0,15,28,False
INV-0000177,2023-04-24,APP-0007,CH-MW-01,74,0,4,28,False
INV-0000178,2023-04-24,APP-0007,CH-WE-01,81,0,1,28,False
INV-0000179,2023-04-24,APP-0007,CH-ON-01,64,0,2,28,False
INV-0000180,2023-04-24,APP-0007,CH-WS-01,86,0,2,28,False
INV-0000181,2023-04-24,APP-0010,CH-NE-01,102,0,9,34,False
INV-0000182,2023-04-24,APP-0010,CH-MW-01,106,0,4,34,False
INV-0000183,2023-04-24,APP-0010,CH-WE-01,83,0,15,34,False
INV-0000184,2023-04-24,APP-0010,CH-ON-01,86,0,12,34,False
INV-0000185,2023-04-24,APP-0010,CH-WS-01,98,0,12,34,False
INV-0000186,2023-04-24,HOM-0029,CH-NE-01,106,0,3,39,False
INV-0000187,2023-04-24,HOM-0029,CH-MW-01,113,0,3,39,False
INV-0000188,2023-04-24,HOM-0029,CH-WE-01,85,0,19,39,False
INV-0000189,2023-04-24,HOM-0029,CH-ON-01,95,0,16,39,False
INV-0000190,2023-04-24,HOM-0029,CH-WS-01,122,0,4,39,False
INV-0000191,2023-04-24,HOM-0031,CH-NE-01,60,0,10,25,False
INV-0000192,2023-04-24,HOM-0031,CH-MW-01,57,0,9,25,False
INV-0000193,2023-04-24,HOM-0031,CH-WE-01,65,0,3,25,False
INV-0000194,2023-04-24,HOM-0031,CH-ON-01,38,0,17,25,False
INV-0000195,2023-04-24,HOM-0031,CH-WS-01,88,0,4,25,False
INV-0000196,2023-04-24,HOM-0032,CH-NE-01,35,0,17,28,False
INV-0000197,2023-04-24,HOM-0032,CH-MW-01,37,0,3,28,False
INV-0000198,2023-04-24,HOM-0032,CH-WE-01,54,0,7,28,False
INV-0000199,2023-04-24,HOM-0032,CH-ON-01,45,0,7,28,False
INV-0000200,2023-04-24,HOM-0032,CH-WS-01,44,0,1,28,False
INV-0000201,2023-05-01,APP-0005,CH-NE-01,124,0,3,36,False
INV-0000202,2023-05-01,APP-0005,CH-MW-01,34,118,7,36,False
INV-0000203,2023-05-01,APP-0005,CH-WE-01,63,0,14,36,False
INV-0000204,2023-05-01,APP-0005,CH-ON-01,74,0,16,36,False
INV-0000205,2023-05-01,APP-0005,CH-WS-01,88,0,7,36,False
INV-0000206,2023-05-01,APP-0007,CH-NE-01,57,0,7,28,False
INV-0000207,2023-05-01,APP-0007,CH-MW-01,66,0,8,28,False
INV-0000208,2023-05-01,APP-0007,CH-WE-01,78,0,3,28,False
INV-0000209,2023-05-01,APP-0007,CH-ON-01,55,0,9,28,False
INV-0000210,2023-05-01,APP-0007,CH-WS-01,80,0,6,28,False
INV-0000211,2023-05-01,APP-0010,CH-NE-01,94,0,8,34,False
INV-0000212,2023-05-01,APP-0010,CH-MW-01,100,0,6,34,False
INV-0000213,2023-05-01,APP-0010,CH-WE-01,72,0,11,34,False
INV-0000214,2023-05-01,APP-0010,CH-ON-01,69,0,17,34,False
INV-0000215,2023-05-01,APP-0010,CH-WS-01,98,0,0,34,False
INV-0000216,2023-05-01,HOM-0029,CH-NE-01,103,0,3,39,False
INV-0000217,2023-05-01,HOM-0029,CH-MW-01,107,0,6,39,False
INV-0000218,2023-05-01,HOM-0029,CH-WE-01,65,0,20,39,False
INV-0000219,2023-05-01,HOM-0029,CH-ON-01,86,0,9,39,False
INV-0000220,2023-05-01,HOM-0029,CH-WS-01,120,0,2,39,False
INV-0000221,2023-05-01,HOM-0031,CH-NE-01,56,0,4,25,False
INV-0000222,2023-05-01,HOM-0031,CH-MW-01,47,0,10,25,False
INV-0000223,2023-05-01,HOM-0031,CH-WE-01,60,0,5,25,False
INV-0000224,2023-05-01,HOM-0031,CH-ON-01,29,0,9,25,False
INV-0000225,2023-05-01,HOM-0031,CH-WS-01,85,0,3,25,False
INV-0000226,2023-05-01,HOM-0032,CH-NE-01,25,69,10,28,False
INV-0000227,2023-05-01,HOM-0032,CH-MW-01,21,38,16,28,False
INV-0000228,2023-05-01,HOM-0032,CH-WE-01,40,0,14,28,False
INV-0000229,2023-05-01,HOM-0032,CH-ON-01,31,0,14,28,False
INV-0000230,2023-05-01,HOM-0032,CH-WS-01,40,0,4,28,False
INV-0000231,2023-05-08,APP-0005,CH-NE-01,119,0,5,36,False
INV-0000232,2023-05-08,APP-0005,CH-MW-01,147,0,5,36,False
INV-0000233,2023-05-08,APP-0005,CH-WE-01,50,0,13,36,False
INV-0000234,2023-05-08,APP-0005,CH-ON-01,63,0,11,36,False
INV-0000235,2023-05-08,APP-0005,CH-WS-01,77,0,11,36,False
INV-0000236,2023-05-08,APP-0007,CH-NE-01,50,0,7,28,False
INV-0000237,2023-05-08,APP-0007,CH-MW-01,57,0,9,28,False
INV-0000238,2023-05-08,APP-0007,CH-WE-01,67,0,11,28,False
INV-0000239,2023-05-08,APP-0007,CH-ON-01,50,0,5,28,False
INV-0000240,2023-05-08,APP-0007,CH-WS-01,74,0,6,28,False
INV-0000241,2023-05-08,APP-0010,CH-NE-01,88,0,6,34,False
INV-0000242,2023-05-08,APP-0010,CH-MW-01,91,0,9,34,False
INV-0000243,2023-05-08,APP-0010,CH-WE-01,57,0,15,34,False
INV-0000244,2023-05-08,APP-0010,CH-ON-01,55,0,14,34,False
INV-0000245,2023-05-08,APP-0010,CH-WS-01,95,0,3,34,False
INV-0000246,2023-05-08,HOM-0029,CH-NE-01,93,0,10,39,False
INV-0000247,2023-05-08,HOM-0029,CH-MW-01,103,0,4,39,False
INV-0000248,2023-05-08,HOM-0029,CH-WE-01,51,0,14,39,False
INV-0000249,2023-05-08,HOM-0029,CH-ON-01,71,0,15,39,False
INV-0000250,2023-05-08,HOM-0029,CH-WS-01,117,0,3,39,False
INV-0000251,2023-05-08,HOM-0031,CH-NE-01,47,0,9,25,False
INV-0000252,2023-05-08,HOM-0031,CH-MW-01,41,0,6,25,False
INV-0000253,2023-05-08,HOM-0031,CH-WE-01,53,0,7,25,False
INV-0000254,2023-05-08,HOM-0031,CH-ON-01,2,93,27,25,False
INV-0000255,2023-05-08,HOM-0031,CH-WS-01,83,0,2,25,False
INV-0000256,2023-05-08,HOM-0032,CH-NE-01,83,0,11,28,False
INV-0000257,2023-05-08,HOM-0032,CH-MW-01,55,0,4,28,False
INV-0000258,2023-05-08,HOM-0032,CH-WE-01,29,0,11,28,False
INV-0000259,2023-05-08,HOM-0032,CH-ON-01,8,37,23,28,False
INV-0000260,2023-05-08,HOM-0032,CH-WS-01,37,0,3,28,False
INV-0000261,2023-05-15,APP-0005,CH-NE-01,107,0,12,36,False
INV-0000262,2023-05-15,APP-0005,CH-MW-01,145,0,2,36,False
INV-0000263,2023-05-15,APP-0005,CH-WE-01,46,0,4,36,False
INV-0000264,2023-05-15,APP-0005,CH-ON-01,53,0,10,36,False
INV-0000265,2023-05-15,APP-0005,CH-WS-01,75,0,2,36,False
INV-0000266,2023-05-15,APP-0007,CH-NE-01,36,0,14,28,False
INV-0000267,2023-05-15,APP-0007,CH-MW-01,52,0,5,28,False
INV-0000268,2023-05-15,APP-0007,CH-WE-01,56,0,11,28,False
INV-0000269,2023-05-15,APP-0007,CH-ON-01,29,0,21,28,False
INV-0000270,2023-05-15,APP-0007,CH-WS-01,73,0,1,28,False
INV-0000271,2023-05-15,APP-0010,CH-NE-01,71,0,17,34,False
INV-0000272,2023-05-15,APP-0010,CH-MW-01,88,0,3,34,False
INV-0000273,2023-05-15,APP-0010,CH-WE-01,53,0,4,34,False
INV-0000274,2023-05-15,APP-0010,CH-ON-01,44,0,11,34,False
INV-0000275,2023-05-15,APP-0010,CH-WS-01,93,0,2,34,False
INV-0000276,2023-05-15,HOM-0029,CH-NE-01,76,0,17,39,False
INV-0000277,2023-05-15,HOM-0029,CH-MW-01,98,0,5,39,False
INV-0000278,2023-05-15,HOM-0029,CH-WE-01,36,112,15,39,False
INV-0000279,2023-05-15,HOM-0029,CH-ON-01,63,0,8,39,False
INV-0000280,2023-05-15,HOM-0029,CH-WS-01,107,0,10,39,False
INV-0000281,2023-05-15,HOM-0031,CH-NE-01,35,0,12,25,False
INV-0000282,2023-05-15,HOM-0031,CH-MW-01,26,0,15,25,False
INV-0000283,2023-05-15,HOM-0031,CH-WE-01,36,0,17,25,False
INV-0000284,2023-05-15,HOM-0031,CH-ON-01,83,0,12,25,False
INV-0000285,2023-05-15,HOM-0031,CH-WS-01,80,0,3,25,False
INV-0000286,2023-05-15,HOM-0032,CH-NE-01,75,0,8,28,False
INV-0000287,2023-05-15,HOM-0032,CH-MW-01,51,0,4,28,False
INV-0000288,2023-05-15,HOM-0032,CH-WE-01,20,45,9,28,False
INV-0000289,2023-05-15,HOM-0032,CH-ON-01,36,0,9,28,False
INV-0000290,2023-05-15,HOM-0032,CH-WS-01,36,0,1,28,False
INV-0000291,2023-05-22,APP-0005,CH-NE-01,98,0,9,36,False
INV-0000292,2023-05-22,APP-0005,CH-MW-01,141,0,4,36,False
INV-0000293,2023-05-22,APP-0005,CH-WE-01,37,0,9,36,False
INV-0000294,2023-05-22,APP-0005,CH-ON-01,38,0,15,36,False
INV-0000295,2023-05-22,APP-0005,CH-WS-01,71,0,4,36,False
INV-0000296,2023-05-22,APP-0007,CH-NE-01,32,0,4,28,False
INV-0000297,2023-05-22,APP-0007,CH-MW-01,48,0,4,28,False
INV-0000298,2023-05-22,APP-0007,CH-WE-01,52,0,4,28,False
INV-0000299,2023-05-22,APP-0007,CH-ON-01,26,86,3,28,False
INV-0000300,2023-05-22,APP-0007,CH-WS-01,71,0,2,28,False
INV-0000301,2023-05-22,APP-0010,CH-NE-01,67,0,4,34,False
INV-0000302,2023-05-22,APP-0010,CH-MW-01,77,0,11,34,False
INV-0000303,2023-05-22,APP-0010,CH-WE-01,44,0,9,34,False
INV-0000304,2023-05-22,APP-0010,CH-ON-01,28,99,16,34,False
INV-0000305,2023-05-22,APP-0010,CH-WS-01,93,0,0,34,False
INV-0000306,2023-05-22,APP-0011,CH-NE-01,142,0,12,44,False
INV-0000307,2023-05-22,APP-0011,CH-MW-01,152,0,2,44,False
INV-0000308,2023-05-22,APP-0011,CH-WE-01,145,0,9,44,False
INV-0000309,2023-05-22,APP-0011,CH-ON-01,140,0,14,44,False
INV-0000310,2023-05-22,APP-0011,CH-WS-01,153,0,1,44,False
INV-0000311,2023-05-22,HOM-0029,CH-NE-01,73,0,3,39,False
INV-0000312,2023-05-22,HOM-0029,CH-MW-01,95,0,3,39,False
INV-0000313,2023-05-22,HOM-0029,CH-WE-01,124,0,24,39,False
INV-0000314,2023-05-22,HOM-0029,CH-ON-01,45,0,18,39,False
INV-0000315,2023-05-22,HOM-0029,CH-WS-01,107,0,0,39,False
INV-0000316,2023-05-22,HOM-0031,CH-NE-01,31,0,4,25,False
INV-0000317,2023-05-22,HOM-0031,CH-MW-01,20,89,6,25,False
INV-0000318,2023-05-22,HOM-0031,CH-WE-01,27,0,9,25,False
INV-0000319,2023-05-22,HOM-0031,CH-ON-01,66,0,17,25,False
INV-0000320,2023-05-22,HOM-0031,CH-WS-01,78,0,2,25,False
INV-0000321,2023-05-22,HOM-0032,CH-NE-01,67,0,8,28,False
INV-0000322,2023-05-22,HOM-0032,CH-MW-01,44,0,7,28,False
INV-0000323,2023-05-22,HOM-0032,CH-WE-01,57,0,8,28,False
INV-0000324,2023-05-22,HOM-0032,CH-ON-01,27,59,9,28,False
INV-0000325,2023-05-22,HOM-0032,CH-WS-01,32,0,4,28,False
INV-0000326,2023-05-29,APP-0005,CH-NE-01,88,0,10,36,False
INV-0000327,2023-05-29,APP-0005,CH-MW-01,138,0,3,36,False
INV-0000328,2023-05-29,APP-0005,CH-WE-01,30,108,7,36,False
INV-0000329,2023-05-29,APP-0005,CH-ON-01,27,95,11,36,False
INV-0000330,2023-05-29,APP-0005,CH-WS-01,66,0,5,36,False
INV-0000331,2023-05-29,APP-0007,CH-NE-01,19,46,13,28,False
INV-0000332,2023-05-29,APP-0007,CH-MW-01,45,0,3,28,False
INV-0000333,2023-05-29,APP-0007,CH-WE-01,33,0,19,28,False
INV-0000334,2023-05-29,APP-0007,CH-ON-01,98,0,14,28,False
INV-0000335,2023-05-29,APP-0007,CH-WS-01,70,0,1,28,False
INV-0000336,2023-05-29,APP-0010,CH-NE-01,63,0,4,34,False
INV-0000337,2023-05-29,APP-0010,CH-MW-01,71,0,6,34,False
INV-0000338,2023-05-29,APP-0010,CH-WE-01,34,70,10,34,False
INV-0000339,2023-05-29,APP-0010,CH-ON-01,109,0,18,34,False
INV-0000340,2023-05-29,APP-0010,CH-WS-01,93,0,0,34,False
INV-0000341,2023-05-29,APP-0011,CH-NE-01,135,0,7,44,False
INV-0000342,2023-05-29,APP-0011,CH-MW-01,137,0,15,44,False
INV-0000343,2023-05-29,APP-0011,CH-WE-01,133,0,12,44,False
INV-0000344,2023-05-29,APP-0011,CH-ON-01,128,0,12,44,False
INV-0000345,2023-05-29,APP-0011,CH-WS-01,152,0,1,44,False
INV-0000346,2023-05-29,HOM-0029,CH-NE-01,60,0,13,39,False
INV-0000347,2023-05-29,HOM-0029,CH-MW-01,82,0,13,39,False
INV-0000348,2023-05-29,HOM-0029,CH-WE-01,116,0,8,39,False
INV-0000349,2023-05-29,HOM-0029,CH-ON-01,32,114,13,39,False
INV-0000350,2023-05-29,HOM-0029,CH-WS-01,107,0,0,39,False
INV-0000351,2023-05-29,HOM-0031,CH-NE-01,25,55,6,25,False
INV-0000352,2023-05-29,HOM-0031,CH-MW-01,102,0,7,25,False
INV-0000353,2023-05-29,HOM-0031,CH-WE-01,11,83,16,25,False
INV-0000354,2023-05-29,HOM-0031,CH-ON-01,56,0,10,25,False
INV-0000355,2023-05-29,HOM-0031,CH-WS-01,68,0,10,25,False
INV-0000356,2023-05-29,HOM-0032,CH-NE-01,64,0,3,28,False
INV-0000357,2023-05-29,HOM-0032,CH-MW-01,35,0,9,28,False
INV-0000358,2023-05-29,HOM-0032,CH-WE-01,39,0,18,28,False
INV-0000359,2023-05-29,HOM-0032,CH-ON-01,77,0,9,28,False
INV-0000360,2023-05-29,HOM-0032,CH-WS-01,31,0,1,28,False
INV-0000361,2023-06-05,APP-0005,CH-NE-01,76,0,12,36,False
INV-0000362,2023-06-05,APP-0005,CH-MW-01,128,0,10,36,False
INV-0000363,2023-06-05,APP-0005,CH-WE-01,124,0,14,36,False
INV-0000364,2023-06-05,APP-0005,CH-ON-01,100,0,22,36,False
INV-0000365,2023-06-05,APP-0005,CH-WS-01,64,0,2,36,False
INV-0000366,2023-06-05,APP-0007,CH-NE-01,54,0,11,28,False
INV-0000367,2023-06-05,APP-0007,CH-MW-01,43,0,2,28,False
INV-0000368,2023-06-05,APP-0007,CH-WE-01,26,58,7,28,False
INV-0000369,2023-06-05,APP-0007,CH-ON-01,75,0,23,28,False
INV-0000370,2023-06-05,APP-0007,CH-WS-01,63,0,7,28,False
INV-0000371,2023-06-05,APP-0010,CH-NE-01,63,0,0,34,False
INV-0000372,2023-06-05,APP-0010,CH-MW-01,60,0,11,34,False
INV-0000373,2023-06-05,APP-0010,CH-WE-01,96,0,8,34,False
INV-0000374,2023-06-05,APP-0010,CH-ON-01,99,0,10,34,False
INV-0000375,2023-06-05,APP-0010,CH-WS-01,86,0,7,34,False
INV-0000376,2023-06-05,APP-0011,CH-NE-01,133,0,2,44,False
INV-0000377,2023-06-05,APP-0011,CH-MW-01,132,0,5,44,False
INV-0000378,2023-06-05,APP-0011,CH-WE-01,127,0,6,44,False
INV-0000379,2023-06-05,APP-0011,CH-ON-01,112,0,16,44,False
INV-0000380,2023-06-05,APP-0011,CH-WS-01,150,0,2,44,False
INV-0000381,2023-06-05,HOM-0025,CH-NE-01,98,0,5,40,False
INV-0000382,2023-06-05,HOM-0025,CH-MW-01,97,0,6,40,False
INV-0000383,2023-06-05,HOM-0025,CH-WE-01,88,0,15,40,False
INV-0000384,2023-06-05,HOM-0025,CH-ON-01,82,0,21,40,False
INV-0000385,2023-06-05,HOM-0025,CH-WS-01,103,0,0,40,False
INV-0000386,2023-06-05,HOM-0029,CH-NE-01,49,0,11,39,False
INV-0000387,2023-06-05,HOM-0029,CH-MW-01,75,0,7,39,False
INV-0000388,2023-06-05,HOM-0029,CH-WE-01,111,0,5,39,False
INV-0000389,2023-06-05,HOM-0029,CH-ON-01,125,0,21,39,False
INV-0000390,2023-06-05,HOM-0029,CH-WS-01,103,0,4,39,False
INV-0000391,2023-06-05,HOM-0031,CH-NE-01,69,0,11,25,False
INV-0000392,2023-06-05,HOM-0031,CH-MW-01,99,0,3,25,False
INV-0000393,2023-06-05,HOM-0031,CH-WE-01,77,0,17,25,False
INV-0000394,2023-06-05,HOM-0031,CH-ON-01,42,0,14,25,False
INV-0000395,2023-06-05,HOM-0031,CH-WS-01,64,0,4,25,False
INV-0000396,2023-06-05,HOM-0032,CH-NE-01,59,0,5,28,False
INV-0000397,2023-06-05,HOM-0032,CH-MW-01,21,59,14,28,False
INV-0000398,2023-06-05,HOM-0032,CH-WE-01,27,63,12,28,False
INV-0000399,2023-06-05,HOM-0032,CH-ON-01,58,0,19,28,False
INV-0000400,2023-06-05,HOM-0032,CH-WS-01,30,0,1,28,False
INV-0000401,2023-06-12,APP-0005,CH-NE-01,64,0,12,36,False
INV-0000402,2023-06-12,APP-0005,CH-MW-01,124,0,4,36,False
INV-0000403,2023-06-12,APP-0005,CH-WE-01,109,0,15,36,False
INV-0000404,2023-06-12,APP-0005,CH-ON-01,93,0,7,36,False
INV-0000405,2023-06-12,APP-0005,CH-WS-01,63,0,1,36,False
INV-0000406,2023-06-12,APP-0007,CH-NE-01,45,0,9,28,False
INV-0000407,2023-06-12,APP-0007,CH-MW-01,35,0,8,28,False
INV-0000408,2023-06-12,APP-0007,CH-WE-01,69,0,15,28,False
INV-0000409,2023-06-12,APP-0007,CH-ON-01,62,0,13,28,False
INV-0000410,2023-06-12,APP-0007,CH-WS-01,62,0,1,28,False
INV-0000411,2023-06-12,APP-0010,CH-NE-01,51,0,12,34,False
INV-0000412,2023-06-12,APP-0010,CH-MW-01,57,0,3,34,False
INV-0000413,2023-06-12,APP-0010,CH-WE-01,86,0,10,34,False
INV-0000414,2023-06-12,APP-0010,CH-ON-01,82,0,17,34,False
INV-0000415,2023-06-12,APP-0010,CH-WS-01,82,0,4,34,False
INV-0000416,2023-06-12,APP-0011,CH-NE-01,127,0,6,44,False
INV-0000417,2023-06-12,APP-0011,CH-MW-01,126,0,6,44,False
INV-0000418,2023-06-12,APP-0011,CH-WE-01,116,0,11,44,False
INV-0000419,2023-06-12,APP-0011,CH-ON-01,112,0,0,44,False
INV-0000420,2023-06-12,APP-0011,CH-WS-01,149,0,1,44,False
INV-0000421,2023-06-12,HOM-0025,CH-NE-01,75,0,23,40,False
INV-0000422,2023-06-12,HOM-0025,CH-MW-01,95,0,2,40,False
INV-0000423,2023-06-12,HOM-0025,CH-WE-01,74,0,14,40,False
INV-0000424,2023-06-12,HOM-0025,CH-ON-01,74,0,8,40,False
INV-0000425,2023-06-12,HOM-0025,CH-WS-01,100,0,3,40,False
INV-0000426,2023-06-12,HOM-0026,CH-NE-01,55,0,9,26,False
INV-0000427,2023-06-12,HOM-0026,CH-MW-01,56,0,8,26,False
INV-0000428,2023-06-12,HOM-0026,CH-WE-01,53,0,11,26,False
INV-0000429,2023-06-12,HOM-0026,CH-ON-01,54,0,10,26,False
INV-0000430,2023-06-12,HOM-0026,CH-WS-01,61,0,3,26,False
INV-0000431,2023-06-12,HOM-0029,CH-NE-01,41,0,8,39,False
INV-0000432,2023-06-12,HOM-0029,CH-MW-01,65,0,10,39,False
INV-0000433,2023-06-12,HOM-0029,CH-WE-01,91,0,20,39,False
INV-0000434,2023-06-12,HOM-0029,CH-ON-01,107,0,18,39,False
INV-0000435,2023-06-12,HOM-0029,CH-WS-01,102,0,1,39,False
INV-0000436,2023-06-12,HOM-0031,CH-NE-01,59,0,10,25,False
INV-0000437,2023-06-12,HOM-0031,CH-MW-01,94,0,5,25,False
INV-0000438,2023-06-12,HOM-0031,CH-WE-01,62,0,15,25,False
INV-0000439,2023-06-12,HOM-0031,CH-ON-01,16,51,26,25,False
INV-0000440,2023-06-12,HOM-0031,CH-WS-01,61,0,3,25,False
INV-0000441,2023-06-12,HOM-0032,CH-NE-01,53,0,6,28,False
INV-0000442,2023-06-12,HOM-0032,CH-MW-01,69,0,11,28,False
INV-0000443,2023-06-12,HOM-0032,CH-WE-01,78,0,12,28,False
INV-0000444,2023-06-12,HOM-0032,CH-ON-01,44,0,14,28,False
INV-0000445,2023-06-12,HOM-0032,CH-WS-01,30,0,0,28,False
INV-0000446,2023-06-19,APP-0005,CH-NE-01,50,0,14,36,False
INV-0000447,2023-06-19,APP-0005,CH-MW-01,119,0,5,36,False
INV-0000448,2023-06-19,APP-0005,CH-WE-01,90,0,19,36,False
INV-0000449,2023-06-19,APP-0005,CH-ON-01,73,0,20,36,False
INV-0000450,2023-06-19,APP-0005,CH-WS-01,59,0,4,36,False
INV-0000451,2023-06-19,APP-0007,CH-NE-01,40,0,5,28,False
INV-0000452,2023-06-19,APP-0007,CH-MW-01,29,0,6,28,False
INV-0000453,2023-06-19,APP-0007,CH-WE-01,49,0,20,28,False
INV-0000454,2023-06-19,APP-0007,CH-ON-01,41,0,21,28,False
INV-0000455,2023-06-19,APP-0007,CH-WS-01,58,0,4,28,False
INV-0000456,2023-06-19,APP-0010,CH-NE-01,44,0,7,34,False
INV-0000457,2023-06-19,APP-0010,CH-MW-01,56,0,1,34,False
INV-0000458,2023-06-19,APP-0010,CH-WE-01,75,0,11,34,False
INV-0000459,2023-06-19,APP-0010,CH-ON-01,59,0,23,34,False
INV-0000460,2023-06-19,APP-0010,CH-WS-01,82,0,0,34,False
INV-0000461,2023-06-19,APP-0011,CH-NE-01,114,0,13,44,False
INV-0000462,2023-06-19,APP-0011,CH-MW-01,121,0,5,44,False
INV-0000463,2023-06-19,APP-0011,CH-WE-01,106,0,10,44,False
INV-0000464,2023-06-19,APP-0011,CH-ON-01,101,0,11,44,False
INV-0000465,2023-06-19,APP-0011,CH-WS-01,148,0,1,44,False
INV-0000466,2023-06-19,HOM-0025,CH-NE-01,75,0,0,40,False
INV-0000467,2023-06-19,HOM-0025,CH-MW-01,89,0,6,40,False
INV-0000468,2023-06-19,HOM-0025,CH-WE-01,69,0,5,40,False
INV-0000469,2023-06-19,HOM-0025,CH-ON-01,59,0,15,40,False
INV-0000470,2023-06-19,HOM-0025,CH-WS-01,100,0,0,40,False
INV-0000471,2023-06-19,HOM-0026,CH-NE-01,49,0,6,26,False
INV-0000472,2023-06-19,HOM-0026,CH-MW-01,49,0,7,26,False
INV-0000473,2023-06-19,HOM-0026,CH-WE-01,39,0,14,26,False
INV-0000474,2023-06-19,HOM-0026,CH-ON-01,44,0,10,26,False
INV-0000475,2023-06-19,HOM-0026,CH-WS-01,57,0,4,26,False
INV-0000476,2023-06-19,HOM-0029,CH-NE-01,34,116,7,39,False
INV-0000477,2023-06-19,HOM-0029,CH-MW-01,57,0,8,39,False
INV-0000478,2023-06-19,HOM-0029,CH-WE-01,80,0,11,39,False
INV-0000479,2023-06-19,HOM-0029,CH-ON-01,95,0,12,39,False
INV-0000480,2023-06-19,HOM-0029,CH-WS-01,95,0,7,39,False
INV-0000481,2023-06-19,HOM-0031,CH-NE-01,50,0,9,25,False
INV-0000482,2023-06-19,HOM-0031,CH-MW-01,90,0,4,25,False
INV-0000483,2023-06-19,HOM-0031,CH-WE-01,57,0,5,25,False
INV-0000484,2023-06-19,HOM-0031,CH-ON-01,54,0,13,25,False
INV-0000485,2023-06-19,HOM-0031,CH-WS-01,51,0,10,25,False
INV-0000486,2023-06-19,HOM-0032,CH-NE-01,50,0,3,28,False
INV-0000487,2023-06-19,HOM-0032,CH-MW-01,54,0,15,28,False
INV-0000488,2023-06-19,HOM-0032,CH-WE-01,68,0,10,28,False
INV-0000489,2023-06-19,HOM-0032,CH-ON-01,26,52,18,28,False
INV-0000490,2023-06-19,HOM-0032,CH-WS-01,30,0,0,28,False
INV-0000491,2023-06-26,APP-0005,CH-NE-01,40,0,10,36,False
INV-0000492,2023-06-26,APP-0005,CH-MW-01,110,0,9,36,False
INV-0000493,2023-06-26,APP-0005,CH-WE-01,78,0,12,36,False
INV-0000494,2023-06-26,APP-0005,CH-ON-01,44,0,29,36,False
INV-0000495,2023-06-26,APP-0005,CH-WS-01,59,0,0,36,False
INV-0000496,2023-06-26,APP-0007,CH-NE-01,31,0,9,28,False
INV-0000497,2023-06-26,APP-0007,CH-MW-01,27,61,2,28,False
INV-0000498,2023-06-26,APP-0007,CH-WE-01,45,0,4,28,False
INV-0000499,2023-06-26,APP-0007,CH-ON-01,29,0,12,28,False
INV-0000500,2023-06-26,APP-0007,CH-WS-01,55,0,3,28,False
INV-0000501,2023-06-26,APP-0010,CH-NE-01,36,0,8,34,False
INV-0000502,2023-06-26,APP-0010,CH-MW-01,51,0,5,34,False
INV-0000503,2023-06-26,APP-0010,CH-WE-01,61,0,14,34,False
INV-0000504,2023-06-26,APP-0010,CH-ON-01,50,0,9,34,False
INV-0000505,2023-06-26,APP-0010,CH-WS-01,81,0,1,34,False
INV-0000506,2023-06-26,APP-0011,CH-NE-01,103,0,11,44,False
INV-0000507,2023-06-26,APP-0011,CH-MW-01,118,0,3,44,False
INV-0000508,2023-06-26,APP-0011,CH-WE-01,99,0,7,44,False
INV-0000509,2023-06-26,APP-0011,CH-ON-01,92,0,9,44,False
INV-0000510,2023-06-26,APP-0011,CH-WS-01,148,0,0,44,False
INV-0000511,2023-06-26,ACC-0021,CH-NE-01,117,0,8,36,False
INV-0000512,2023-06-26,ACC-0021,CH-MW-01,112,0,13,36,False
INV-0000513,2023-06-26,ACC-0021,CH-WE-01,115,0,10,36,False
INV-0000514,2023-06-26,ACC-0021,CH-ON-01,111,0,14,36,False
INV-0000515,2023-06-26,ACC-0021,CH-WS-01,119,0,6,36,False
INV-0000516,2023-06-26,HOM-0025,CH-NE-01,67,0,8,40,False
INV-0000517,2023-06-26,HOM-0025,CH-MW-01,85,0,4,40,False
INV-0000518,2023-06-26,HOM-0025,CH-WE-01,58,0,11,40,False
INV-0000519,2023-06-26,HOM-0025,CH-ON-01,56,0,3,40,False
INV-0000520,2023-06-26,HOM-0025,CH-WS-01,96,0,4,40,False
INV-0000521,2023-06-26,HOM-0026,CH-NE-01,32,0,17,26,False
INV-0000522,2023-06-26,HOM-0026,CH-MW-01,48,0,1,26,False
INV-0000523,2023-06-26,HOM-0026,CH-WE-01,27,0,12,26,False
INV-0000524,2023-06-26,HOM-0026,CH-ON-01,24,41,20,26,False
INV-0000525,2023-06-26,HOM-0026,CH-WS-01,57,0,0,26,False
INV-0000526,2023-06-26,HOM-0029,CH-NE-01,138,0,12,39,False
INV-0000527,2023-06-26,HOM-0029,CH-MW-01,49,0,8,39,False
INV-0000528,2023-06-26,HOM-0029,CH-WE-01,75,0,5,39,False
INV-0000529,2023-06-26,HOM-0029,CH-ON-01,84,0,11,39,False
INV-0000530,2023-06-26,HOM-0029,CH-WS-01,93,0,2,39,False
INV-0000531,2023-06-26,HOM-0031,CH-NE-01,43,0,7,25,False
INV-0000532,2023-06-26,HOM-0031,CH-MW-01,80,0,10,25,False
INV-0000533,2023-06-26,HOM-0031,CH-WE-01,48,0,9,25,False
INV-0000534,2023-06-26,HOM-0031,CH-ON-01,36,0,18,25,False
INV-0000535,2023-06-26,HOM-0031,CH-WS-01,48,0,3,25,False
INV-0000536,2023-06-26,HOM-0032,CH-NE-01,41,0,9,28,False
INV-0000537,2023-06-26,HOM-0032,CH-MW-01,47,0,7,28,False
INV-0000538,2023-06-26,HOM-0032,CH-WE-01,60,0,8,28,False
INV-0000539,2023-06-26,HOM-0032,CH-ON-01,70,0,8,28,False
INV-0000540,2023-06-26,HOM-0032,CH-WS-01,25,68,5,28,False
INV-0000541,2023-07-03,APP-0005,CH-NE-01,37,0,3,36,False
INV-0000542,2023-07-03,APP-0005,CH-MW-01,107,0,3,36,False
INV-0000543,2023-07-03,APP-0005,CH-WE-01,68,0,10,36,False
INV-0000544,2023-07-03,APP-0005,CH-ON-01,37,0,7,36,False
INV-0000545,2023-07-03,APP-0005,CH-WS-01,58,0,1,36,False
INV-0000546,2023-07-03,APP-0007,CH-NE-01,25,76,6,28,False
INV-0000547,2023-07-03,APP-0007,CH-MW-01,76,0,12,28,False
INV-0000548,2023-07-03,APP-0007,CH-WE-01,33,0,12,28,False
INV-0000549,2023-07-03,APP-0007,CH-ON-01,15,46,14,28,False
INV-0000550,2023-07-03,APP-0007,CH-WS-01,51,0,4,28,False
INV-0000551,2023-07-03,APP-0010,CH-NE-01,20,95,16,34,False
INV-0000552,2023-07-03,APP-0010,CH-MW-01,45,0,6,34,False
INV-0000553,2023-07-03,APP-0010,CH-WE-01,58,0,3,34,False
INV-0000554,2023-07-03,APP-0010,CH-ON-01,26,82,24,34,False
INV-0000555,2023-07-03,APP-0010,CH-WS-01,79,0,2,34,False
INV-0000556,2023-07-03,APP-0011,CH-NE-01,90,0,13,44,False
INV-0000557,2023-07-03,APP-0011,CH-MW-01,118,0,0,44,False
INV-0000558,2023-07-03,APP-0011,CH-WE-01,85,0,14,44,False
INV-0000559,2023-07-03,APP-0011,CH-ON-01,82,0,10,44,False
INV-0000560,2023-07-03,APP-0011,CH-WS-01,148,0,0,44,False
INV-0000561,2023-07-03,ACC-0021,CH-NE-01,109,0,8,36,False
INV-0000562,2023-07-03,ACC-0021,CH-MW-01,107,0,5,36,False
INV-0000563,2023-07-03,ACC-0021,CH-WE-01,103,0,12,36,False
INV-0000564,2023-07-03,ACC-0021,CH-ON-01,108,0,3,36,False
INV-0000565,2023-07-03,ACC-0021,CH-WS-01,109,0,10,36,False
INV-0000566,2023-07-03,HOM-0025,CH-NE-01,53,0,14,40,False
INV-0000567,2023-07-03,HOM-0025,CH-MW-01,67,0,18,40,False
INV-0000568,2023-07-03,HOM-0025,CH-WE-01,41,0,17,40,False
INV-0000569,2023-07-03,HOM-0025,CH-ON-01,43,0,13,40,False
INV-0000570,2023-07-03,HOM-0025,CH-WS-01,93,0,3,40,False
INV-0000571,2023-07-03,HOM-0026,CH-NE-01,26,46,6,26,False
INV-0000572,2023-07-03,HOM-0026,CH-MW-01,38,0,10,26,False
INV-0000573,2023-07-03,HOM-0026,CH-WE-01,21,60,6,26,False
INV-0000574,2023-07-03,HOM-0026,CH-ON-01,63,0,2,26,False
INV-0000575,2023-07-03,HOM-0026,CH-WS-01,50,0,7,26,False
INV-0000576,2023-07-03,HOM-0029,CH-NE-01,134,0,4,39,False
INV-0000577,2023-07-03,HOM-0029,CH-MW-01,42,0,7,39,False
INV-0000578,2023-07-03,HOM-0029,CH-WE-01,60,0,15,39,False
INV-0000579,2023-07-03,HOM-0029,CH-ON-01,70,0,14,39,False
INV-0000580,2023-07-03,HOM-0029,CH-WS-01,89,0,4,39,False
INV-0000581,2023-07-03,HOM-0031,CH-NE-01,35,0,8,25,False
INV-0000582,2023-07-03,HOM-0031,CH-MW-01,74,0,6,25,False
INV-0000583,2023-07-03,HOM-0031,CH-WE-01,36,0,12,25,False
INV-0000584,2023-07-03,HOM-0031,CH-ON-01,25,80,11,25,False
INV-0000585,2023-07-03,HOM-0031,CH-WS-01,46,0,2,25,False
INV-0000586,2023-07-03,HOM-0032,CH-NE-01,38,0,3,28,False
INV-0000587,2023-07-03,HOM-0032,CH-MW-01,42,0,5,28,False
INV-0000588,2023-07-03,HOM-0032,CH-WE-01,55,0,5,28,False
INV-0000589,2023-07-03,HOM-0032,CH-ON-01,57,0,13,28,False
INV-0000590,2023-07-03,HOM-0032,CH-WS-01,91,0,2,28,False
INV-0000591,2023-07-10,APP-0005,CH-NE-01,24,141,13,36,False
INV-0000592,2023-07-10,APP-0005,CH-MW-01,103,0,4,36,False
INV-0000593,2023-07-10,APP-0005,CH-WE-01,58,0,10,36,False
INV-0000594,2023-07-10,APP-0005,CH-ON-01,29,140,8,36,False
INV-0000595,2023-07-10,APP-0005,CH-WS-01,55,0,3,36,False
INV-0000596,2023-07-10,APP-0007,CH-NE-01,86,0,15,28,False
INV-0000597,2023-07-10,APP-0007,CH-MW-01,72,0,4,28,False
INV-0000598,2023-07-10,APP-0007,CH-WE-01,24,87,9,28,False
INV-0000599,2023-07-10,APP-0007,CH-ON-01,46,0,15,28,False
INV-0000600,2023-07-10,APP-0007,CH-WS-01,48,0,3,28,False
INV-0000601,2023-07-10,APP-0010,CH-NE-01,109,0,6,34,False
INV-0000602,2023-07-10,APP-0010,CH-MW-01,42,0,3,34,False
INV-0000603,2023-07-10,APP-0010,CH-WE-01,50,0,8,34,False
INV-0000604,2023-07-10,APP-0010,CH-ON-01,102,0,6,34,False
INV-0000605,2023-07-10,APP-0010,CH-WS-01,79,0,0,34,False
INV-0000606,2023-07-10,APP-0011,CH-NE-01,84,0,6,44,False
INV-0000607,2023-07-10,APP-0011,CH-MW-01,112,0,6,44,False
INV-0000608,2023-07-10,APP-0011,CH-WE-01,71,0,14,44,False
INV-0000609,2023-07-10,APP-0011,CH-ON-01,78,0,4,44,False
INV-0000610,2023-07-10,APP-0011,CH-WS-01,147,0,1,44,False
INV-0000611,2023-07-10,ACC-0021,CH-NE-01,106,0,3,36,False
INV-0000612,2023-07-10,ACC-0021,CH-MW-01,100,0,7,36,False
INV-0000613,2023-07-10,ACC-0021,CH-WE-01,94,0,9,36,False
INV-0000614,2023-07-10,ACC-0021,CH-ON-01,95,0,13,36,False
INV-0000615,2023-07-10,ACC-0021,CH-WS-01,100,0,9,36,False
INV-0000616,2023-07-10,HOM-0025,CH-NE-01,47,0,6,40,False
INV-0000617,2023-07-10,HOM-0025,CH-MW-01,67,0,0,40,False
INV-0000618,2023-07-10,HOM-0025,CH-WE-01,34,100,7,40,False
INV-0000619,2023-07-10,HOM-0025,CH-ON-01,38,93,5,40,False
INV-0000620,2023-07-10,HOM-0025,CH-WS-01,85,0,8,40,False
INV-0000621,2023-07-10,HOM-0026,CH-NE-01,67,0,5,26,False
INV-0000622,2023-07-10,HOM-0026,CH-MW-01,31,0,7,26,False
INV-0000623,2023-07-10,HOM-0026,CH-WE-01,74,0,7,26,False
INV-0000624,2023-07-10,HOM-0026,CH-ON-01,46,0,17,26,False
INV-0000625,2023-07-10,HOM-0026,CH-WS-01,49,0,1,26,False
INV-0000626,2023-07-10,HOM-0027,CH-NE-01,80,0,13,43,False
INV-0000627,2023-07-10,HOM-0027,CH-MW-01,90,0,3,43,False
INV-0000628,2023-07-10,HOM-0027,CH-WE-01,84,0,9,43,False
INV-0000629,2023-07-10,HOM-0027,CH-ON-01,76,0,17,43,False
INV-0000630,2023-07-10,HOM-0027,CH-WS-01,93,0,0,43,False
INV-0000631,2023-07-10,HOM-0029,CH-NE-01,120,0,14,39,False
INV-0000632,2023-07-10,HOM-0029,CH-MW-01,34,69,8,39,False
INV-0000633,2023-07-10,HOM-0029,CH-WE-01,46,0,14,39,False
INV-0000634,2023-07-10,HOM-0029,CH-ON-01,52,0,18,39,False
INV-0000635,2023-07-10,HOM-0029,CH-WS-01,86,0,3,39,False
INV-0000636,2023-07-10,HOM-0031,CH-NE-01,26,0,9,25,False
INV-0000637,2023-07-10,HOM-0031,CH-MW-01,70,0,4,25,False
INV-0000638,2023-07-10,HOM-0031,CH-WE-01,22,90,14,25,False
INV-0000639,2023-07-10,HOM-0031,CH-ON-01,90,0,15,25,False
INV-0000640,2023-07-10,HOM-0031,CH-WS-01,42,0,4,25,False
INV-0000641,2023-07-10,HOM-0032,CH-NE-01,32,0,6,28,False
INV-0000642,2023-07-10,HOM-0032,CH-MW-01,37,0,5,28,False
INV-0000643,2023-07-10,HOM-0032,CH-WE-01,47,0,8,28,False
INV-0000644,2023-07-10,HOM-0032,CH-ON-01,53,0,4,28,False
INV-0000645,2023-07-10,HOM-0032,CH-WS-01,89,0,2,28,False
INV-0000646,2023-07-17,APP-0005,CH-NE-01,160,0,5,36,False
INV-0000647,2023-07-17,APP-0005,CH-MW-01,95,0,8,36,False
INV-0000648,2023-07-17,APP-0005,CH-WE-01,53,0,5,36,False
INV-0000649,2023-07-17,APP-0005,CH-ON-01,159,0,10,36,False
INV-0000650,2023-07-17,APP-0005,CH-WS-01,55,0,0,36,False
INV-0000651,2023-07-17,APP-0007,CH-NE-01,75,0,11,28,False
INV-0000652,2023-07-17,APP-0007,CH-MW-01,63,0,9,28,False
INV-0000653,2023-07-17,APP-0007,CH-WE-01,101,0,10,28,False
INV-0000654,2023-07-17,APP-0007,CH-ON-01,30,0,16,28,False
INV-0000655,2023-07-17,APP-0007,CH-WS-01,46,0,2,28,False
INV-0000656,2023-07-17,APP-0010,CH-NE-01,95,0,14,34,False
INV-0000657,2023-07-17,APP-0010,CH-MW-01,34,96,8,34,False
INV-0000658,2023-07-17,APP-0010,CH-WE-01,39,0,11,34,False
INV-0000659,2023-07-17,APP-0010,CH-ON-01,94,0,8,34,False
INV-0000660,2023-07-17,APP-0010,CH-WS-01,78,0,1,34,False
INV-0000661,2023-07-17,APP-0011,CH-NE-01,77,0,7,44,False
INV-0000662,2023-07-17,APP-0011,CH-MW-01,107,0,5,44,False
INV-0000663,2023-07-17,APP-0011,CH-WE-01,64,0,7,44,False
INV-0000664,2023-07-17,APP-0011,CH-ON-01,64,0,14,44,False
INV-0000665,2023-07-17,APP-0011,CH-WS-01,145,0,2,44,False
INV-0000666,2023-07-17,FTW-0015,CH-NE-01,72,0,9,40,False
INV-0000667,2023-07-17,FTW-0015,CH-MW-01,74,0,7,40,False
INV-0000668,2023-07-17,FTW-0015,CH-WE-01,68,0,13,40,False
INV-0000669,2023-07-17,FTW-0015,CH-ON-01,71,0,10,40,False
INV-0000670,2023-07-17,FTW-0015,CH-WS-01,76,0,5,40,False
INV-0000671,2023-07-17,ACC-0021,CH-NE-01,102,0,4,36,False
INV-0000672,2023-07-17,ACC-0021,CH-MW-01,94,0,6,36,False
INV-0000673,2023-07-17,ACC-0021,CH-WE-01,84,0,10,36,False
INV-0000674,2023-07-17,ACC-0021,CH-ON-01,79,0,16,36,False
INV-0000675,2023-07-17,ACC-0021,CH-WS-01,100,0,0,36,False
INV-0000676,2023-07-17,ACC-0024,CH-NE-01,140,0,10,16,False
INV-0000677,2023-07-17,ACC-0024,CH-MW-01,143,0,7,16,False
INV-0000678,2023-07-17,ACC-0024,CH-WE-01,137,0,13,16,False
INV-0000679,2023-07-17,ACC-0024,CH-ON-01,138,0,12,16,False
INV-0000680,2023-07-17,ACC-0024,CH-WS-01,145,0,5,16,False
INV-0000681,2023-07-17,HOM-0025,CH-NE-01,41,0,6,40,False
INV-0000682,2023-07-17,HOM-0025,CH-MW-01,66,0,1,40,False
INV-0000683,2023-07-17,HOM-0025,CH-WE-01,126,0,8,40,False
INV-0000684,2023-07-17,HOM-0025,CH-ON-01,116,0,15,40,False
INV-0000685,2023-07-17,HOM-0025,CH-WS-01,81,0,4,40,False
INV-0000686,2023-07-17,HOM-0026,CH-NE-01,54,0,13,26,False
INV-0000687,2023-07-17,HOM-0026,CH-MW-01,20,45,11,26,False
INV-0000688,2023-07-17,HOM-0026,CH-WE-01,69,0,5,26,False
INV-0000689,2023-07-17,HOM-0026,CH-ON-01,46,0,0,26,False
INV-0000690,2023-07-17,HOM-0026,CH-WS-01,49,0,0,26,False
INV-0000691,2023-07-17,HOM-0027,CH-NE-01,60,0,20,43,False
INV-0000692,2023-07-17,HOM-0027,CH-MW-01,83,0,7,43,False
INV-0000693,2023-07-17,HOM-0027,CH-WE-01,84,0,0,43,False
INV-0000694,2023-07-17,HOM-0027,CH-ON-01,69,0,7,43,False
INV-0000695,2023-07-17,HOM-0027,CH-WS-01,93,0,0,43,False
INV-0000696,2023-07-17,HOM-0029,CH-NE-01,110,0,10,39,False
INV-0000697,2023-07-17,HOM-0029,CH-MW-01,95,0,8,39,False
INV-0000698,2023-07-17,HOM-0029,CH-WE-01,29,122,17,39,False
INV-0000699,2023-07-17,HOM-0029,CH-ON-01,33,73,19,39,False
INV-0000700,2023-07-17,HOM-0029,CH-WS-01,84,0,2,39,False
INV-0000701,2023-07-17,HOM-0031,CH-NE-01,11,69,15,25,False
INV-0000702,2023-07-17,HOM-0031,CH-MW-01,60,0,10,25,False
INV-0000703,2023-07-17,HOM-0031,CH-WE-01,95,0,17,25,False
INV-0000704,2023-07-17,HOM-0031,CH-ON-01,85,0,5,25,False
INV-0000705,2023-07-17,HOM-0031,CH-WS-01,34,0,8,25,False
INV-0000706,2023-07-17,HOM-0032,CH-NE-01,16,37,16,28,False
INV-0000707,2023-07-17,HOM-0032,CH-MW-01,25,49,12,28,False
INV-0000708,2023-07-17,HOM-0032,CH-WE-01,38,0,9,28,False
INV-0000709,2023-07-17,HOM-0032,CH-ON-01,31,0,22,28,False
INV-0000710,2023-07-17,HOM-0032,CH-WS-01,86,0,3,28,False
INV-0000711,2023-07-24,APP-0005,CH-NE-01,151,0,9,36,False
INV-0000712,2023-07-24,APP-0005,CH-MW-01,85,0,10,36,False
INV-0000713,2023-07-24,APP-0005,CH-WE-01,41,0,12,36,False
INV-0000714,2023-07-24,APP-0005,CH-ON-01,150,0,9,36,False
INV-0000715,2023-07-24,APP-0005,CH-WS-01,45,0,10,36,False
INV-0000716,2023-07-24,APP-0007,CH-NE-01,67,0,8,28,False
INV-0000717,2023-07-24,APP-0007,CH-MW-01,57,0,6,28,False
INV-0000718,2023-07-24,APP-0007,CH-WE-01,94,0,7,28,False
INV-0000719,2023-07-24,APP-0007,CH-ON-01,24,62,6,28,False
INV-0000720,2023-07-24,APP-0007,CH-WS-01,43,0,3,28,False
INV-0000721,2023-07-24,APP-0010,CH-NE-01,88,0,7,34,False
INV-0000722,2023-07-24,APP-0010,CH-MW-01,124,0,6,34,False
INV-0000723,2023-07-24,APP-0010,CH-WE-01,35,0,4,34,False
INV-0000724,2023-07-24,APP-0010,CH-ON-01,85,0,9,34,False
INV-0000725,2023-07-24,APP-0010,CH-WS-01,78,0,0,34,False
INV-0000726,2023-07-24,APP-0011,CH-NE-01,61,0,16,44,False
INV-0000727,2023-07-24,APP-0011,CH-MW-01,97,0,10,44,False
INV-0000728,2023-07-24,APP-0011,CH-WE-01,45,0,19,44,False
INV-0000729,2023-07-24,APP-0011,CH-ON-01,56,0,8,44,False
INV-0000730,2023-07-24,APP-0011,CH-WS-01,145,0,0,44,False
INV-0000731,2023-07-24,FTW-0015,CH-NE-01,62,0,10,40,False
INV-0000732,2023-07-24,FTW-0015,CH-MW-01,73,0,1,40,False
INV-0000733,2023-07-24,FTW-0015,CH-WE-01,52,0,16,40,False
INV-0000734,2023-07-24,FTW-0015,CH-ON-01,58,0,13,40,False
INV-0000735,2023-07-24,FTW-0015,CH-WS-01,70,0,6,40,False
INV-0000736,2023-07-24,ACC-0021,CH-NE-01,97,0,5,36,False
INV-0000737,2023-07-24,ACC-0021,CH-MW-01,91,0,3,36,False
INV-0000738,2023-07-24,ACC-0021,CH-WE-01,79,0,5,36,False
INV-0000739,2023-07-24,ACC-0021,CH-ON-01,62,0,17,36,False
INV-0000740,2023-07-24,ACC-0021,CH-WS-01,97,0,3,36,False
INV-0000741,2023-07-24,ACC-0024,CH-NE-01,134,0,6,16,False
INV-0000742,2023-07-24,ACC-0024,CH-MW-01,141,0,2,16,False
INV-0000743,2023-07-24,ACC-0024,CH-WE-01,126,0,11,16,False
INV-0000744,2023-07-24,ACC-0024,CH-ON-01,123,0,15,16,False
INV-0000745,2023-07-24,ACC-0024,CH-WS-01,145,0,0,16,False
INV-0000746,2023-07-24,HOM-0025,CH-NE-01,30,78,11,40,False
INV-0000747,2023-07-24,HOM-0025,CH-MW-01,60,0,6,40,False
INV-0000748,2023-07-24,HOM-0025,CH-WE-01,109,0,17,40,False
INV-0000749,2023-07-24,HOM-0025,CH-ON-01,101,0,15,40,False
INV-0000750,2023-07-24,HOM-0025,CH-WS-01,80,0,1,40,False
INV-0000751,2023-07-24,HOM-0026,CH-NE-01,41,0,13,26,False
INV-0000752,2023-07-24,HOM-0026,CH-MW-01,50,0,15,26,False
INV-0000753,2023-07-24,HOM-0026,CH-WE-01,57,0,12,26,False
INV-0000754,2023-07-24,HOM-0026,CH-ON-01,35,0,11,26,False
INV-0000755,2023-07-24,HOM-0026,CH-WS-01,46,0,3,26,False
INV-0000756,2023-07-24,HOM-0027,CH-NE-01,46,0,14,43,False
INV-0000757,2023-07-24,HOM-0027,CH-MW-01,69,0,14,43,False
INV-0000758,2023-07-24,HOM-0027,CH-WE-01,75,0,9,43,False
INV-0000759,2023-07-24,HOM-0027,CH-ON-01,62,0,7,43,False
INV-0000760,2023-07-24,HOM-0027,CH-WS-01,92,0,1,43,False
INV-0000761,2023-07-24,HOM-0029,CH-NE-01,96,0,14,39,False
INV-0000762,2023-07-24,HOM-0029,CH-MW-01,88,0,7,39,False
INV-0000763,2023-07-24,HOM-0029,CH-WE-01,139,0,12,39,False
INV-0000764,2023-07-24,HOM-0029,CH-ON-01,100,0,6,39,False
INV-0000765,2023-07-24,HOM-0029,CH-WS-01,82,0,2,39,False
INV-0000766,2023-07-24,HOM-0031,CH-NE-01,71,0,9,25,False
INV-0000767,2023-07-24,HOM-0031,CH-MW-01,56,0,4,25,False
INV-0000768,2023-07-24,HOM-0031,CH-WE-01,85,0,10,25,False
INV-0000769,2023-07-24,HOM-0031,CH-ON-01,74,0,11,25,False
INV-0000770,2023-07-24,HOM-0031,CH-WS-01,34,0,0,25,False
INV-0000771,2023-07-24,HOM-0032,CH-NE-01,39,0,14,28,False
INV-0000772,2023-07-24,HOM-0032,CH-MW-01,66,0,8,28,False
INV-0000773,2023-07-24,HOM-0032,CH-WE-01,29,0,9,28,False
INV-0000774,2023-07-24,HOM-0032,CH-ON-01,19,38,12,28,False
INV-0000775,2023-07-24,HOM-0032,CH-WS-01,85,0,1,28,False
INV-0000776,2023-07-31,APP-0005,CH-NE-01,136,0,15,36,False
INV-0000777,2023-07-31,APP-0005,CH-MW-01,78,0,7,36,False
INV-0000778,2023-07-31,APP-0005,CH-WE-01,30,131,11,36,False
INV-0000779,2023-07-31,APP-0005,CH-ON-01,143,0,7,36,False
INV-0000780,2023-07-31,APP-0005,CH-WS-01,42,0,3,36,False
INV-0000781,2023-07-31,APP-0007,CH-NE-01,56,0,11,28,False
INV-0000782,2023-07-31,APP-0007,CH-MW-01,53,0,4,28,False
INV-0000783,2023-07-31,APP-0007,CH-WE-01,87,0,7,28,False
INV-0000784,2023-07-31,APP-0007,CH-ON-01,66,0,20,28,False
INV-0000785,2023-07-31,APP-0007,CH-WS-01,43,0,0,28,False
INV-0000786,2023-07-31,APP-0010,CH-NE-01,83,0,5,34,False
INV-0000787,2023-07-31,APP-0010,CH-MW-01,113,0,11,34,False
INV-0000788,2023-07-31,APP-0010,CH-WE-01,25,92,10,34,False
INV-0000789,2023-07-31,APP-0010,CH-ON-01,63,0,22,34,False
INV-0000790,2023-07-31,APP-0010,CH-WS-01,77,0,1,34,False
INV-0000791,2023-07-31,APP-0011,CH-NE-01,54,0,7,44,False
INV-0000792,2023-07-31,APP-0011,CH-MW-01,94,0,3,44,False
INV-0000793,2023-07-31,APP-0011,CH-WE-01,38,118,7,44,False
INV-0000794,2023-07-31,APP-0011,CH-ON-01,40,83,16,44,False
INV-0000795,2023-07-31,APP-0011,CH-WS-01,141,0,4,44,False
INV-0000796,2023-07-31,FTW-0015,CH-NE-01,57,0,5,40,False
INV-0000797,2023-07-31,FTW-0015,CH-MW-01,65,0,8,40,False
INV-0000798,2023-07-31,FTW-0015,CH-WE-01,41,0,11,40,False
INV-0000799,2023-07-31,FTW-0015,CH-ON-01,35,69,23,40,False
INV-0000800,2023-07-31,FTW-0015,CH-WS-01,70,0,0,40,False
INV-0000801,2023-07-31,ACC-0021,CH-NE-01,84,0,13,36,False
INV-0000802,2023-07-31,ACC-0021,CH-MW-01,81,0,10,36,False
INV-0000803,2023-07-31,ACC-0021,CH-WE-01,71,0,8,36,False
INV-0000804,2023-07-31,ACC-0021,CH-ON-01,39,0,23,36,False
INV-0000805,2023-07-31,ACC-0021,CH-WS-01,94,0,3,36,False
INV-0000806,2023-07-31,ACC-0024,CH-NE-01,126,0,8,16,False
INV-0000807,2023-07-31,ACC-0024,CH-MW-01,137,0,4,16,False
INV-0000808,2023-07-31,ACC-0024,CH-WE-01,123,0,3,16,False
INV-0000809,2023-07-31,ACC-0024,CH-ON-01,111,0,12,16,False
INV-0000810,2023-07-31,ACC-0024,CH-WS-01,138,0,7,16,False
INV-0000811,2023-07-31,HOM-0025,CH-NE-01,98,0,10,40,False
INV-0000812,2023-07-31,HOM-0025,CH-MW-01,44,0,16,40,False
INV-0000813,2023-07-31,HOM-0025,CH-WE-01,93,0,16,40,False
INV-0000814,2023-07-31,HOM-0025,CH-ON-01,89,0,12,40,False
INV-0000815,2023-07-31,HOM-0025,CH-WS-01,74,0,6,40,False
INV-0000816,2023-07-31,HOM-0026,CH-NE-01,35,0,6,26,False
INV-0000817,2023-07-31,HOM-0026,CH-MW-01,49,0,1,26,False
INV-0000818,2023-07-31,HOM-0026,CH-WE-01,46,0,11,26,False
INV-0000819,2023-07-31,HOM-0026,CH-ON-01,26,38,9,26,False
INV-0000820,2023-07-31,HOM-0026,CH-WS-01,44,0,2,26,False
INV-0000821,2023-07-31,HOM-0027,CH-NE-01,41,51,5,43,False
INV-0000822,2023-07-31,HOM-0027,CH-MW-01,58,0,11,43,False
INV-0000823,2023-07-31,HOM-0027,CH-WE-01,73,0,2,43,False
INV-0000824,2023-07-31,HOM-0027,CH-ON-01,49,0,13,43,False
INV-0000825,2023-07-31,HOM-0027,CH-WS-01,89,0,3,43,False
INV-0000826,2023-07-31,HOM-0029,CH-NE-01,88,0,8,39,False
INV-0000827,2023-07-31,HOM-0029,CH-MW-01,81,0,7,39,False
INV-0000828,2023-07-31,HOM-0029,CH-WE-01,123,0,16,39,False
INV-0000829,2023-07-31,HOM-0029,CH-ON-01,83,0,17,39,False
INV-0000830,2023-07-31,HOM-0029,CH-WS-01,82,0,0,39,False
INV-0000831,2023-07-31,HOM-0031,CH-NE-01,62,0,9,25,False
INV-0000832,2023-07-31,HOM-0031,CH-MW-01,43,0,13,25,False
INV-0000833,2023-07-31,HOM-0031,CH-WE-01,79,0,6,25,False
INV-0000834,2023-07-31,HOM-0031,CH-ON-01,53,0,21,25,False
INV-0000835,2023-07-31,HOM-0031,CH-WS-01,31,0,3,25,False
INV-0000836,2023-07-31,HOM-0032,CH-NE-01,26,58,13,28,False
INV-0000837,2023-07-31,HOM-0032,CH-MW-01,66,0,0,28,False
INV-0000838,2023-07-31,HOM-0032,CH-WE-01,9,47,20,28,False
INV-0000839,2023-07-31,HOM-0032,CH-ON-01,34,0,23,28,False
INV-0000840,2023-07-31,HOM-0032,CH-WS-01,85,0,0,28,False
INV-0000841,2023-08-07,APP-0003,CH-NE-01,62,0,13,15,False
INV-0000842,2023-08-07,APP-0003,CH-MW-01,63,0,12,15,False
INV-0000843,2023-08-07,APP-0003,CH-WE-01,61,0,14,15,False
INV-0000844,2023-08-07,APP-0003,CH-ON-01,57,0,18,15,False
INV-0000845,2023-08-07,APP-0003,CH-WS-01,72,0,3,15,False
INV-0000846,2023-08-07,APP-0005,CH-NE-01,131,0,5,36,False
INV-0000847,2023-08-07,APP-0005,CH-MW-01,71,0,7,36,False
INV-0000848,2023-08-07,APP-0005,CH-WE-01,158,0,3,36,False
INV-0000849,2023-08-07,APP-0005,CH-ON-01,135,0,8,36,False
INV-0000850,2023-08-07,APP-0005,CH-WS-01,40,0,2,36,False
INV-0000851,2023-08-07,APP-0007,CH-NE-01,47,0,9,28,False
INV-0000852,2023-08-07,APP-0007,CH-MW-01,41,0,12,28,False
INV-0000853,2023-08-07,APP-0007,CH-WE-01,77,0,10,28,False
INV-0000854,2023-08-07,APP-0007,CH-ON-01,54,0,12,28,False
INV-0000855,2023-08-07,APP-0007,CH-WS-01,36,0,7,28,False
INV-0000856,2023-08-07,APP-0010,CH-NE-01,76,0,7,34,False
INV-0000857,2023-08-07,APP-0010,CH-MW-01,108,0,5,34,False
INV-0000858,2023-08-07,APP-0010,CH-WE-01,104,0,13,34,False
INV-0000859,2023-08-07,APP-0010,CH-ON-01,62,0,1,34,False
INV-0000860,2023-08-07,APP-0010,CH-WS-01,73,0,4,34,False
INV-0000861,2023-08-07,APP-0011,CH-NE-01,38,124,16,44,False
INV-0000862,2023-08-07,APP-0011,CH-MW-01,80,0,14,44,False
INV-0000863,2023-08-07,APP-0011,CH-WE-01,148,0,8,44,False
INV-0000864,2023-08-07,APP-0011,CH-ON-01,108,0,15,44,False
INV-0000865,2023-08-07,APP-0011,CH-WS-01,137,0,4,44,False
INV-0000866,2023-08-07,FTW-0015,CH-NE-01,40,48,17,40,False
INV-0000867,2023-08-07,FTW-0015,CH-MW-01,63,0,2,40,False
INV-0000868,2023-08-07,FTW-0015,CH-WE-01,36,44,5,40,False
INV-0000869,2023-08-07,FTW-0015,CH-ON-01,94,0,10,40,False
INV-0000870,2023-08-07,FTW-0015,CH-WS-01,66,0,4,40,False
INV-0000871,2023-08-07,ACC-0021,CH-NE-01,78,0,6,36,False
INV-0000872,2023-08-07,ACC-0021,CH-MW-01,76,0,5,36,False
INV-0000873,2023-08-07,ACC-0021,CH-WE-01,53,0,18,36,False
INV-0000874,2023-08-07,ACC-0021,CH-ON-01,34,71,5,36,False
INV-0000875,2023-08-07,ACC-0021,CH-WS-01,92,0,2,36,False
INV-0000876,2023-08-07,ACC-0024,CH-NE-01,111,0,15,16,False
INV-0000877,2023-08-07,ACC-0024,CH-MW-01,135,0,2,16,False
INV-0000878,2023-08-07,ACC-0024,CH-WE-01,114,0,9,16,False
INV-0000879,2023-08-07,ACC-0024,CH-ON-01,103,0,8,16,False
INV-0000880,2023-08-07,ACC-0024,CH-WS-01,137,0,1,16,False
INV-0000881,2023-08-07,HOM-0025,CH-NE-01,79,0,19,40,False
INV-0000882,2023-08-07,HOM-0025,CH-MW-01,35,86,9,40,False
INV-0000883,2023-08-07,HOM-0025,CH-WE-01,80,0,13,40,False
INV-0000884,2023-08-07,HOM-0025,CH-ON-01,79,0,10,40,False
INV-0000885,2023-08-07,HOM-0025,CH-WS-01,74,0,0,40,False
INV-0000886,2023-08-07,HOM-0026,CH-NE-01,25,46,10,26,False
INV-0000887,2023-08-07,HOM-0026,CH-MW-01,40,0,9,26,False
INV-0000888,2023-08-07,HOM-0026,CH-WE-01,39,0,7,26,False
INV-0000889,2023-08-07,HOM-0026,CH-ON-01,54,0,10,26,False
INV-0000890,2023-08-07,HOM-0026,CH-WS-01,44,0,0,26,False
INV-0000891,2023-08-07,HOM-0027,CH-NE-01,83,0,9,43,False
INV-0000892,2023-08-07,HOM-0027,CH-MW-01,52,0,6,43,False
INV-0000893,2023-08-07,HOM-0027,CH-WE-01,68,0,5,43,False
INV-0000894,2023-08-07,HOM-0027,CH-ON-01,33,49,16,43,False
INV-0000895,2023-08-07,HOM-0027,CH-WS-01,81,0,8,43,False
INV-0000896,2023-08-07,HOM-0029,CH-NE-01,80,0,8,39,False
INV-0000897,2023-08-07,HOM-0029,CH-MW-01,76,0,5,39,False
INV-0000898,2023-08-07,HOM-0029,CH-WE-01,115,0,8,39,False
INV-0000899,2023-08-07,HOM-0029,CH-ON-01,65,0,18,39,False
INV-0000900,2023-08-07,HOM-0029,CH-WS-01,79,0,3,39,False
INV-0000901,2023-08-07,HOM-0031,CH-NE-01,56,0,6,25,False
INV-0000902,2023-08-07,HOM-0031,CH-MW-01,35,0,8,25,False
INV-0000903,2023-08-07,HOM-0031,CH-WE-01,68,0,11,25,False
INV-0000904,2023-08-07,HOM-0031,CH-ON-01,32,0,21,25,False
INV-0000905,2023-08-07,HOM-0031,CH-WS-01,18,50,13,25,False
INV-0000906,2023-08-07,HOM-0032,CH-NE-01,78,0,6,28,False
INV-0000907,2023-08-07,HOM-0032,CH-MW-01,53,0,13,28,False
INV-0000908,2023-08-07,HOM-0032,CH-WE-01,47,0,9,28,False
INV-0000909,2023-08-07,HOM-0032,CH-ON-01,21,41,13,28,False
INV-0000910,2023-08-07,HOM-0032,CH-WS-01,83,0,2,28,False
INV-0000911,2023-08-14,APP-0003,CH-NE-01,50,0,12,15,False
INV-0000912,2023-08-14,APP-0003,CH-MW-01,57,0,6,15,False
INV-0000913,2023-08-14,APP-0003,CH-WE-01,37,0,24,15,False
INV-0000914,2023-08-14,APP-0003,CH-ON-01,43,0,14,15,False
INV-0000915,2023-08-14,APP-0003,CH-WS-01,71,0,1,15,False
INV-0000916,2023-08-14,APP-0005,CH-NE-01,112,0,19,36,False
INV-0000917,2023-08-14,APP-0005,CH-MW-01,58,0,13,36,False
INV-0000918,2023-08-14,APP-0005,CH-WE-01,139,0,19,36,False
INV-0000919,2023-08-14,APP-0005,CH-ON-01,124,0,11,36,False
INV-0000920,2023-08-14,APP-0005,CH-WS-01,39,0,1,36,False
INV-0000921,2023-08-14,APP-0007,CH-NE-01,36,0,11,28,False
INV-0000922,2023-08-14,APP-0007,CH-MW-01,33,0,8,28,False
INV-0000923,2023-08-14,APP-0007,CH-WE-01,65,0,12,28,False
INV-0000924,2023-08-14,APP-0007,CH-ON-01,32,0,22,28,False
INV-0000925,2023-08-14,APP-0007,CH-WS-01,36,0,0,28,False
INV-0000926,2023-08-14,APP-0010,CH-NE-01,63,0,13,34,False
INV-0000927,2023-08-14,APP-0010,CH-MW-01,104,0,4,34,False
INV-0000928,2023-08-14,APP-0010,CH-WE-01,95,0,9,34,False
INV-0000929,2023-08-14,APP-0010,CH-ON-01,42,0,20,34,False
INV-0000930,2023-08-14,APP-0010,CH-WS-01,71,0,2,34,False
INV-0000931,2023-08-14,APP-0011,CH-NE-01,151,0,11,44,False
INV-0000932,2023-08-14,APP-0011,CH-MW-01,72,0,8,44,False
INV-0000933,2023-08-14,APP-0011,CH-WE-01,146,0,2,44,False
INV-0000934,2023-08-14,APP-0011,CH-ON-01,102,0,6,44,False
INV-0000935,2023-08-14,APP-0011,CH-WS-01,134,0,3,44,False
INV-0000936,2023-08-14,FTW-0015,CH-NE-01,73,0,15,40,False
INV-0000937,2023-08-14,FTW-0015,CH-MW-01,51,0,12,40,False
INV-0000938,2023-08-14,FTW-0015,CH-WE-01,69,0,11,40,False
INV-0000939,2023-08-14,FTW-0015,CH-ON-01,78,0,16,40,False
INV-0000940,2023-08-14,FTW-0015,CH-WS-01,63,0,3,40,False
INV-0000941,2023-08-14,ACC-0021,CH-NE-01,71,0,7,36,False
INV-0000942,2023-08-14,ACC-0021,CH-MW-01,71,0,5,36,False
INV-0000943,2023-08-14,ACC-0021,CH-WE-01,47,0,6,36,False
INV-0000944,2023-08-14,ACC-0021,CH-ON-01,95,0,10,36,False
INV-0000945,2023-08-14,ACC-0021,CH-WS-01,91,0,1,36,False
INV-0000946,2023-08-14,ACC-0024,CH-NE-01,106,0,5,16,False
INV-0000947,2023-08-14,ACC-0024,CH-MW-01,123,0,12,16,False
INV-0000948,2023-08-14,ACC-0024,CH-WE-01,95,0,19,16,False
INV-0000949,2023-08-14,ACC-0024,CH-ON-01,80,0,23,16,False
INV-0000950,2023-08-14,ACC-0024,CH-WS-01,137,0,0,16,False
INV-0000951,2023-08-14,HOM-0025,CH-NE-01,67,0,12,40,False
INV-0000952,2023-08-14,HOM-0025,CH-MW-01,115,0,6,40,False
INV-0000953,2023-08-14,HOM-0025,CH-WE-01,76,0,4,40,False
INV-0000954,2023-08-14,HOM-0025,CH-ON-01,65,0,14,40,False
INV-0000955,2023-08-14,HOM-0025,CH-WS-01,69,0,5,40,False
INV-0000956,2023-08-14,HOM-0026,CH-NE-01,68,0,3,26,False
INV-0000957,2023-08-14,HOM-0026,CH-MW-01,30,0,10,26,False
INV-0000958,2023-08-14,HOM-0026,CH-WE-01,27,0,12,26,False
INV-0000959,2023-08-14,HOM-0026,CH-ON-01,44,0,10,26,False
INV-0000960,2023-08-14,HOM-0026,CH-WS-01,44,0,0,26,False
INV-0000961,2023-08-14,HOM-0027,CH-NE-01,71,0,12,43,False
INV-0000962,2023-08-14,HOM-0027,CH-MW-01,51,0,1,43,False
INV-0000963,2023-08-14,HOM-0027,CH-WE-01,57,0,11,43,False
INV-0000964,2023-08-14,HOM-0027,CH-ON-01,66,0,16,43,False
INV-0000965,2023-08-14,HOM-0027,CH-WS-01,81,0,0,43,False
INV-0000966,2023-08-14,HOM-0029,CH-NE-01,74,0,6,39,False
INV-0000967,2023-08-14,HOM-0029,CH-MW-01,74,0,2,39,False
INV-0000968,2023-08-14,HOM-0029,CH-WE-01,100,0,15,39,False
INV-0000969,2023-08-14,HOM-0029,CH-ON-01,49,0,16,39,False
INV-0000970,2023-08-14,HOM-0029,CH-WS-01,73,0,6,39,False
INV-0000971,2023-08-14,HOM-0031,CH-NE-01,41,0,15,25,False
INV-0000972,2023-08-14,HOM-0031,CH-MW-01,28,0,7,25,False
INV-0000973,2023-08-14,HOM-0031,CH-WE-01,45,0,23,25,False
INV-0000974,2023-08-14,HOM-0031,CH-ON-01,17,89,15,25,False
INV-0000975,2023-08-14,HOM-0031,CH-WS-01,68,0,0,25,False
INV-0000976,2023-08-14,HOM-0032,CH-NE-01,69,0,9,28,False
INV-0000977,2023-08-14,HOM-0032,CH-MW-01,46,0,7,28,False
INV-0000978,2023-08-14,HOM-0032,CH-WE-01,39,0,8,28,False
INV-0000979,2023-08-14,HOM-0032,CH-ON-01,41,0,21,28,False
INV-0000980,2023-08-14,HOM-0032,CH-WS-01,83,0,0,28,False
INV-0000981,2023-08-21,APP-0002,CH-NE-01,137,0,6,23,False
INV-0000982,2023-08-21,APP-0002,CH-MW-01,139,0,4,23,False
INV-0000983,2023-08-21,APP-0002,CH-WE-01,133,0,10,23,False
INV-0000984,2023-08-21,APP-0002,CH-ON-01,135,0,8,23,False
INV-0000985,2023-08-21,APP-0002,CH-WS-01,140,0,3,23,False
INV-0000986,2023-08-21,APP-0003,CH-NE-01,33,0,17,15,False
INV-0000987,2023-08-21,APP-0003,CH-MW-01,54,0,3,15,False
INV-0000988,2023-08-21,APP-0003,CH-WE-01,18,0,19,15,False
INV-0000989,2023-08-21,APP-0003,CH-ON-01,42,0,1,15,False
INV-0000990,2023-08-21,APP-0003,CH-WS-01,70,0,1,15,False
INV-0000991,2023-08-21,APP-0005,CH-NE-01,108,0,4,36,False
INV-0000992,2023-08-21,APP-0005,CH-MW-01,54,0,4,36,False
INV-0000993,2023-08-21,APP-0005,CH-WE-01,128,0,11,36,False
INV-0000994,2023-08-21,APP-0005,CH-ON-01,111,0,13,36,False
INV-0000995,2023-08-21,APP-0005,CH-WS-01,38,0,1,36,False
INV-0000996,2023-08-21,APP-0007,CH-NE-01,21,77,15,28,False
INV-0000997,2023-08-21,APP-0007,CH-MW-01,29,0,4,28,False
INV-0000998,2023-08-21,APP-0007,CH-WE-01,61,0,4,28,False
INV-0000999,2023-08-21,APP-0007,CH-ON-01,18,70,14,28,False
INV-0001000,2023-08-21,APP-0007,CH-WS-01,33,0,3,28,False
INV-0001001,2023-08-21,APP-0010,CH-NE-01,60,0,3,34,False
INV-0001002,2023-08-21,APP-0010,CH-MW-01,100,0,4,34,False
INV-0001003,2023-08-21,APP-0010,CH-WE-01,81,0,14,34,False
INV-0001004,2023-08-21,APP-0010,CH-ON-01,33,88,9,34,False
INV-0001005,2023-08-21,APP-0010,CH-WS-01,70,0,1,34,False
INV-0001006,2023-08-21,APP-0011,CH-NE-01,145,0,6,44,False
INV-0001007,2023-08-21,APP-0011,CH-MW-01,62,0,10,44,False
INV-0001008,2023-08-21,APP-0011,CH-WE-01,135,0,11,44,False
INV-0001009,2023-08-21,APP-0011,CH-ON-01,85,0,17,44,False
INV-0001010,2023-08-21,APP-0011,CH-WS-01,132,0,2,44,False
INV-0001011,2023-08-21,FTW-0015,CH-NE-01,65,0,8,40,False
INV-0001012,2023-08-21,FTW-0015,CH-MW-01,45,0,6,40,False
INV-0001013,2023-08-21,FTW-0015,CH-WE-01,51,0,18,40,False
INV-0001014,2023-08-21,FTW-0015,CH-ON-01,65,0,13,40,False
INV-0001015,2023-08-21,FTW-0015,CH-WS-01,63,0,0,40,False
INV-0001016,2023-08-21,ACC-0021,CH-NE-01,53,0,18,36,False
INV-0001017,2023-08-21,ACC-0021,CH-MW-01,63,0,8,36,False
INV-0001018,2023-08-21,ACC-0021,CH-WE-01,32,123,15,36,False
INV-0001019,2023-08-21,ACC-0021,CH-ON-01,79,0,16,36,False
INV-0001020,2023-08-21,ACC-0021,CH-WS-01,90,0,1,36,False
INV-0001021,2023-08-21,ACC-0024,CH-NE-01,96,0,10,16,False
INV-0001022,2023-08-21,ACC-0024,CH-MW-01,108,0,15,16,False
INV-0001023,2023-08-21,ACC-0024,CH-WE-01,85,0,10,16,False
INV-0001024,2023-08-21,ACC-0024,CH-ON-01,67,0,13,16,False
INV-0001025,2023-08-21,ACC-0024,CH-WS-01,134,0,3,16,False
INV-0001026,2023-08-21,HOM-0025,CH-NE-01,60,0,7,40,False
INV-0001027,2023-08-21,HOM-0025,CH-MW-01,114,0,1,40,False
INV-0001028,2023-08-21,HOM-0025,CH-WE-01,69,0,7,40,False
INV-0001029,2023-08-21,HOM-0025,CH-ON-01,49,0,16,40,False
INV-0001030,2023-08-21,HOM-0025,CH-WS-01,69,0,0,40,False
INV-0001031,2023-08-21,HOM-0026,CH-NE-01,57,0,11,26,False
INV-0001032,2023-08-21,HOM-0026,CH-MW-01,17,62,13,26,False
INV-0001033,2023-08-21,HOM-0026,CH-WE-01,18,47,9,26,False
INV-0001034,2023-08-21,HOM-0026,CH-ON-01,28,0,16,26,False
INV-0001035,2023-08-21,HOM-0026,CH-WS-01,44,0,0,26,False
INV-0001036,2023-08-21,HOM-0027,CH-NE-01,62,0,9,43,False
INV-0001037,2023-08-21,HOM-0027,CH-MW-01,36,55,15,43,False
INV-0001038,2023-08-21,HOM-0027,CH-WE-01,40,93,17,43,False
INV-0001039,2023-08-21,HOM-0027,CH-ON-01,52,0,14,43,False
INV-0001040,2023-08-21,HOM-0027,CH-WS-01,78,0,3,43,False
INV-0001041,2023-08-21,HOM-0029,CH-NE-01,69,0,5,39,False
INV-0001042,2023-08-21,HOM-0029,CH-MW-01,61,0,13,39,False
INV-0001043,2023-08-21,HOM-0029,CH-WE-01,90,0,10,39,False
INV-0001044,2023-08-21,HOM-0029,CH-ON-01,42,0,7,39,False
INV-0001045,2023-08-21,HOM-0029,CH-WS-01,69,0,4,39,False
INV-0001046,2023-08-21,HOM-0031,CH-NE-01,32,0,9,25,False
INV-0001047,2023-08-21,HOM-0031,CH-MW-01,16,48,12,25,False
INV-0001048,2023-08-21,HOM-0031,CH-WE-01,35,0,10,25,False
INV-0001049,2023-08-21,HOM-0031,CH-ON-01,90,0,16,25,False
INV-0001050,2023-08-21,HOM-0031,CH-WS-01,67,0,1,25,False
INV-0001051,2023-08-21,HOM-0032,CH-NE-01,60,0,9,28,False
INV-0001052,2023-08-21,HOM-0032,CH-MW-01,42,0,4,28,False
INV-0001053,2023-08-21,HOM-0032,CH-WE-01,21,61,18,28,False
INV-0001054,2023-08-21,HOM-0032,CH-ON-01,16,68,25,28,False
INV-0001055,2023-08-21,HOM-0032,CH-WS-01,83,0,0,28,False
INV-0001056,2023-08-28,APP-0002,CH-NE-01,123,0,14,23,False
INV-0001057,2023-08-28,APP-0002,CH-MW-01,135,0,4,23,False
INV-0001058,2023-08-28,APP-0002,CH-WE-01,126,0,7,23,False
INV-0001059,2023-08-28,APP-0002,CH-ON-01,123,0,12,23,False
INV-0001060,2023-08-28,APP-0002,CH-WS-01,140,0,0,23,False
INV-0001061,2023-08-28,APP-0003,CH-NE-01,22,0,11,15,False
INV-0001062,2023-08-28,APP-0003,CH-MW-01,47,0,7,15,False
INV-0001063,2023-08-28,APP-0003,CH-WE-01,7,63,11,15,False
INV-0001064,2023-08-28,APP-0003,CH-ON-01,35,0,7,15,False
INV-0001065,2023-08-28,APP-0003,CH-WS-01,70,0,0,15,False
INV-0001066,2023-08-28,APP-0005,CH-NE-01,90,0,18,36,False
INV-0001067,2023-08-28,APP-0005,CH-MW-01,50,0,4,36,False
INV-0001068,2023-08-28,APP-0005,CH-WE-01,116,0,12,36,False
INV-0001069,2023-08-28,APP-0005,CH-ON-01,90,0,21,36,False
INV-0001070,2023-08-28,APP-0005,CH-WS-01,35,135,3,36,False
INV-0001071,2023-08-28,APP-0007,CH-NE-01,94,0,4,28,False
INV-0001072,2023-08-28,APP-0007,CH-MW-01,22,64,7,28,False
INV-0001073,2023-08-28,APP-0007,CH-WE-01,53,0,8,28,False
INV-0001074,2023-08-28,APP-0007,CH-ON-01,64,0,24,28,False
INV-0001075,2023-08-28,APP-0007,CH-WS-01,26,53,7,28,False
INV-0001076,2023-08-28,APP-0010,CH-NE-01,50,0,10,34,False
INV-0001077,2023-08-28,APP-0010,CH-MW-01,100,0,0,34,False
INV-0001078,2023-08-28,APP-0010,CH-WE-01,64,0,17,34,False
INV-0001079,2023-08-28,APP-0010,CH-ON-01,100,0,21,34,False
INV-0001080,2023-08-28,APP-0010,CH-WS-01,68,0,2,34,False
INV-0001081,2023-08-28,APP-0011,CH-NE-01,141,0,4,44,False
INV-0001082,2023-08-28,APP-0011,CH-MW-01,57,0,5,44,False
INV-0001083,2023-08-28,APP-0011,CH-WE-01,127,0,8,44,False
INV-0001084,2023-08-28,APP-0011,CH-ON-01,75,0,10,44,False
INV-0001085,2023-08-28,APP-0011,CH-WS-01,132,0,0,44,False
INV-0001086,2023-08-28,FTW-0015,CH-NE-01,51,0,14,40,False
INV-0001087,2023-08-28,FTW-0015,CH-MW-01,41,0,4,40,False
INV-0001088,2023-08-28,FTW-0015,CH-WE-01,37,52,14,40,False
INV-0001089,2023-08-28,FTW-0015,CH-ON-01,53,0,12,40,False
INV-0001090,2023-08-28,FTW-0015,CH-WS-01,57,0,6,40,False
INV-0001091,2023-08-28,ACC-0021,CH-NE-01,43,0,10,36,False
INV-0001092,2023-08-28,ACC-0021,CH-MW-01,51,0,12,36,False
INV-0001093,2023-08-28,ACC-0021,CH-WE-01,143,0,12,36,False
INV-0001094,2023-08-28,ACC-0021,CH-ON-01,69,0,10,36,False
INV-0001095,2023-08-28,ACC-0021,CH-WS-01,88,0,2,36,False
INV-0001096,2023-08-28,ACC-0024,CH-NE-01,91,0,5,16,False
INV-0001097,2023-08-28,ACC-0024,CH-MW-01,106,0,2,16,False
INV-0001098,2023-08-28,ACC-0024,CH-WE-01,63,0,22,16,False
INV-0001099,2023-08-28,ACC-0024,CH-ON-01,55,0,12,16,False
INV-0001100,2023-08-28,ACC-0024,CH-WS-01,131,0,3,16,False
INV-0001101,2023-08-28,HOM-0025,CH-NE-01,54,0,6,40,False
INV-0001102,2023-08-28,HOM-0025,CH-MW-01,112,0,2,40,False
INV-0001103,2023-08-28,HOM-0025,CH-WE-01,57,0,12,40,False
INV-0001104,2023-08-28,HOM-0025,CH-ON-01,35,100,14,40,False
INV-0001105,2023-08-28,HOM-0025,CH-WS-01,66,0,3,40,False
INV-0001106,2023-08-28,HOM-0026,CH-NE-01,49,0,8,26,False
INV-0001107,2023-08-28,HOM-0026,CH-MW-01,67,0,12,26,False
INV-0001108,2023-08-28,HOM-0026,CH-WE-01,44,0,21,26,False
INV-0001109,2023-08-28,HOM-0026,CH-ON-01,15,40,13,26,False
INV-0001110,2023-08-28,HOM-0026,CH-WS-01,41,0,3,26,False
INV-0001111,2023-08-28,HOM-0027,CH-NE-01,45,0,17,43,False
INV-0001112,2023-08-28,HOM-0027,CH-MW-01,82,0,9,43,False
INV-0001113,2023-08-28,HOM-0027,CH-WE-01,117,0,16,43,False
INV-0001114,2023-08-28,HOM-0027,CH-ON-01,34,62,18,43,False
INV-0001115,2023-08-28,HOM-0027,CH-WS-01,76,0,2,43,False
INV-0001116,2023-08-28,HOM-0029,CH-NE-01,60,0,9,39,False
INV-0001117,2023-08-28,HOM-0029,CH-MW-01,56,0,5,39,False
INV-0001118,2023-08-28,HOM-0029,CH-WE-01,76,0,14,39,False
INV-0001119,2023-08-28,HOM-0029,CH-ON-01,36,89,6,39,False
INV-0001120,2023-08-28,HOM-0029,CH-WS-01,63,0,6,39,False
INV-0001121,2023-08-28,HOM-0031,CH-NE-01,30,0,2,25,False
INV-0001122,2023-08-28,HOM-0031,CH-MW-01,61,0,3,25,False
INV-0001123,2023-08-28,HOM-0031,CH-WE-01,29,0,6,25,False
INV-0001124,2023-08-28,HOM-0031,CH-ON-01,70,0,20,25,False
INV-0001125,2023-08-28,HOM-0031,CH-WS-01,64,0,3,25,False
INV-0001126,2023-08-28,HOM-0032,CH-NE-01,49,0,11,28,False
INV-0001127,2023-08-28,HOM-0032,CH-MW-01,37,0,5,28,False
INV-0001128,2023-08-28,HOM-0032,CH-WE-01,70,0,12,28,False
INV-0001129,2023-08-28,HOM-0032,CH-ON-01,64,0,20,28,False
INV-0001130,2023-08-28,HOM-0032,CH-WS-01,81,0,2,28,False
INV-0001131,2023-09-04,APP-0001,CH-NE-01,117,0,12,33,False
INV-0001132,2023-09-04,APP-0001,CH-MW-01,129,0,0,33,False
INV-0001133,2023-09-04,APP-0001,CH-WE-01,126,0,3,33,False
INV-0001134,2023-09-04,APP-0001,CH-ON-01,99,0,30,33,False
INV-0001135,2023-09-04,APP-0001,CH-WS-01,125,0,4,33,False
INV-0001136,2023-09-04,APP-0002,CH-NE-01,115,0,8,23,False
INV-0001137,2023-09-04,APP-0002,CH-MW-01,122,0,13,23,False
INV-0001138,2023-09-04,APP-0002,CH-WE-01,125,0,1,23,False
INV-0001139,2023-09-04,APP-0002,CH-ON-01,116,0,7,23,False
INV-0001140,2023-09-04,APP-0002,CH-WS-01,137,0,3,23,False
INV-0001141,2023-09-04,APP-0003,CH-NE-01,11,49,11,15,False
INV-0001142,2023-09-04,APP-0003,CH-MW-01,44,0,3,15,False
INV-0001143,2023-09-04,APP-0003,CH-WE-01,63,0,7,15,False
INV-0001144,2023-09-04,APP-0003,CH-ON-01,22,0,13,15,False
INV-0001145,2023-09-04,APP-0003,CH-WS-01,66,0,4,15,False
INV-0001146,2023-09-04,APP-0005,CH-NE-01,81,0,9,36,False
INV-0001147,2023-09-04,APP-0005,CH-MW-01,39,0,11,36,False
INV-0001148,2023-09-04,APP-0005,CH-WE-01,103,0,13,36,False
INV-0001149,2023-09-04,APP-0005,CH-ON-01,82,0,8,36,False
INV-0001150,2023-09-04,APP-0005,CH-WS-01,170,0,0,36,False
INV-0001151,2023-09-04,APP-0007,CH-NE-01,89,0,5,28,False
INV-0001152,2023-09-04,APP-0007,CH-MW-01,79,0,7,28,False
INV-0001153,2023-09-04,APP-0007,CH-WE-01,51,0,2,28,False
INV-0001154,2023-09-04,APP-0007,CH-ON-01,49,0,15,28,False
INV-0001155,2023-09-04,APP-0007,CH-WS-01,79,0,0,28,False
INV-0001156,2023-09-04,APP-0010,CH-NE-01,38,0,12,34,False
INV-0001157,2023-09-04,APP-0010,CH-MW-01,97,0,3,34,False
INV-0001158,2023-09-04,APP-0010,CH-WE-01,54,0,10,34,False
INV-0001159,2023-09-04,APP-0010,CH-ON-01,83,0,17,34,False
INV-0001160,2023-09-04,APP-0010,CH-WS-01,64,0,4,34,False
INV-0001161,2023-09-04,APP-0011,CH-NE-01,131,0,10,44,False
INV-0001162,2023-09-04,APP-0011,CH-MW-01,47,0,10,44,False
INV-0001163,2023-09-04,APP-0011,CH-WE-01,116,0,11,44,False
INV-0001164,2023-09-04,APP-0011,CH-ON-01,67,0,8,44,False
INV-0001165,2023-09-04,APP-0011,CH-WS-01,130,0,2,44,False
INV-0001166,2023-09-04,FTW-0015,CH-NE-01,40,62,11,40,False
INV-0001167,2023-09-04,FTW-0015,CH-MW-01,40,71,1,40,False
INV-0001168,2023-09-04,FTW-0015,CH-WE-01,72,0,17,40,False
INV-0001169,2023-09-04,FTW-0015,CH-ON-01,40,59,13,40,False
INV-0001170,2023-09-04,FTW-0015,CH-WS-01,57,0,0,40,False
INV-0001171,2023-09-04,ACC-0021,CH-NE-01,31,64,12,36,False
INV-0001172,2023-09-04,ACC-0021,CH-MW-01,46,0,5,36,False
INV-0001173,2023-09-04,ACC-0021,CH-WE-01,134,0,9,36,False
INV-0001174,2023-09-04,ACC-0021,CH-ON-01,60,0,9,36,False
INV-0001175,2023-09-04,ACC-0021,CH-WS-01,80,0,8,36,False
INV-0001176,2023-09-04,ACC-0024,CH-NE-01,82,0,9,16,False
INV-0001177,2023-09-04,ACC-0024,CH-MW-01,90,0,16,16,False
INV-0001178,2023-09-04,ACC-0024,CH-WE-01,54,0,9,16,False
INV-0001179,2023-09-04,ACC-0024,CH-ON-01,40,0,15,16,False
INV-0001180,2023-09-04,ACC-0024,CH-WS-01,129,0,2,16,False
INV-0001181,2023-09-04,HOM-0025,CH-NE-01,33,81,21,40,False
INV-0001182,2023-09-04,HOM-0025,CH-MW-01,109,0,3,40,False
INV-0001183,2023-09-04,HOM-0025,CH-WE-01,49,0,8,40,False
INV-0001184,2023-09-04,HOM-0025,CH-ON-01,126,0,9,40,False
INV-0001185,2023-09-04,HOM-0025,CH-WS-01,65,0,1,40,False
INV-0001186,2023-09-04,HOM-0026,CH-NE-01,34,0,15,26,False
INV-0001187,2023-09-04,HOM-0026,CH-MW-01,60,0,7,26,False
INV-0001188,2023-09-04,HOM-0026,CH-WE-01,44,0,0,26,False
INV-0001189,2023-09-04,HOM-0026,CH-ON-01,40,0,15,26,False
INV-0001190,2023-09-04,HOM-0026,CH-WS-01,38,0,3,26,False
INV-0001191,2023-09-04,HOM-0027,CH-NE-01,34,85,11,43,False
INV-0001192,2023-09-04,HOM-0027,CH-MW-01,74,0,8,43,False
INV-0001193,2023-09-04,HOM-0027,CH-WE-01,111,0,6,43,False
INV-0001194,2023-09-04,HOM-0027,CH-ON-01,76,0,20,43,False
INV-0001195,2023-09-04,HOM-0027,CH-WS-01,76,0,0,43,False
INV-0001196,2023-09-04,HOM-0029,CH-NE-01,50,0,10,39,False
INV-0001197,2023-09-04,HOM-0029,CH-MW-01,41,0,15,39,False
INV-0001198,2023-09-04,HOM-0029,CH-WE-01,73,0,3,39,False
INV-0001199,2023-09-04,HOM-0029,CH-ON-01,117,0,8,39,False
INV-0001200,2023-09-04,HOM-0029,CH-WS-01,63,0,0,39,False
INV-0001201,2023-09-04,HOM-0031,CH-NE-01,22,56,8,25,False
INV-0001202,2023-09-04,HOM-0031,CH-MW-01,60,0,1,25,False
INV-0001203,2023-09-04,HOM-0031,CH-WE-01,23,73,6,25,False
INV-0001204,2023-09-04,HOM-0031,CH-ON-01,63,0,7,25,False
INV-0001205,2023-09-04,HOM-0031,CH-WS-01,58,0,6,25,False
INV-0001206,2023-09-04,HOM-0032,CH-NE-01,40,0,9,28,False
INV-0001207,2023-09-04,HOM-0032,CH-MW-01,34,0,3,28,False
INV-0001208,2023-09-04,HOM-0032,CH-WE-01,68,0,2,28,False
INV-0001209,2023-09-04,HOM-0032,CH-ON-01,57,0,7,28,False
INV-0001210,2023-09-04,HOM-0032,CH-WS-01,80,0,1,28,False
INV-0001211,2023-09-11,APP-0001,CH-NE-01,109,0,8,33,False
INV-0001212,2023-09-11,APP-0001,CH-MW-01,123,0,6,33,False
INV-0001213,2023-09-11,APP-0001,CH-WE-01,124,0,2,33,False
INV-0001214,2023-09-11,APP-0001,CH-ON-01,86,0,13,33,False
INV-0001215,2023-09-11,APP-0001,CH-WS-01,120,0,5,33,False
INV-0001216,2023-09-11,APP-0002,CH-NE-01,108,0,7,23,False
INV-0001217,2023-09-11,APP-0002,CH-MW-01,108,0,14,23,False
INV-0001218,2023-09-11,APP-0002,CH-WE-01,116,0,9,23,False
INV-0001219,2023-09-11,APP-0002,CH-ON-01,93,0,23,23,False
INV-0001220,2023-09-11,APP-0002,CH-WS-01,137,0,0,23,False
INV-0001221,2023-09-11,APP-0003,CH-NE-01,49,0,11,15,False
INV-0001222,2023-09-11,APP-0003,CH-MW-01,34,0,10,15,False
INV-0001223,2023-09-11,APP-0003,CH-WE-01,53,0,10,15,False
INV-0001224,2023-09-11,APP-0003,CH-ON-01,14,46,8,15,False
INV-0001225,2023-09-11,APP-0003,CH-WS-01,63,0,3,15,False
INV-0001226,2023-09-11,APP-0005,CH-NE-01,72,0,9,36,False
INV-0001227,2023-09-11,APP-0005,CH-MW-01,19,102,20,36,False
INV-0001228,2023-09-11,APP-0005,CH-WE-01,87,0,16,36,False
INV-0001229,2023-09-11,APP-0005,CH-ON-01,59,0,23,36,False
INV-0001230,2023-09-11,APP-0005,CH-WS-01,168,0,2,36,False
INV-0001231,2023-09-11,APP-0007,CH-NE-01,85,0,4,28,False
INV-0001232,2023-09-11,APP-0007,CH-MW-01,78,0,1,28,False
INV-0001233,2023-09-11,APP-0007,CH-WE-01,44,0,7,28,False
INV-0001234,2023-09-11,APP-0007,CH-ON-01,35,0,14,28,False
INV-0001235,2023-09-11,APP-0007,CH-WS-01,79,0,0,28,False
INV-0001236,2023-09-11,APP-0010,CH-NE-01,29,96,9,34,False
INV-0001237,2023-09-11,APP-0010,CH-MW-01,92,0,5,34,False
INV-0001238,2023-09-11,APP-0010,CH-WE-01,37,0,17,34,False
INV-0001239,2023-09-11,APP-0010,CH-ON-01,71,0,12,34,False
INV-0001240,2023-09-11,APP-0010,CH-WS-01,60,0,4,34,False
INV-0001241,2023-09-11,APP-0011,CH-NE-01,129,0,2,44,False
INV-0001242,2023-09-11,APP-0011,CH-MW-01,33,82,14,44,False
INV-0001243,2023-09-11,APP-0011,CH-WE-01,105,0,11,44,False
INV-0001244,2023-09-11,APP-0011,CH-ON-01,58,0,9,44,False
INV-0001245,2023-09-11,APP-0011,CH-WS-01,129,0,1,44,False
INV-0001246,2023-09-11,FTW-0015,CH-NE-01,91,0,11,40,False
INV-0001247,2023-09-11,FTW-0015,CH-MW-01,108,0,3,40,False
INV-0001248,2023-09-11,FTW-0015,CH-WE-01,69,0,3,40,False
INV-0001249,2023-09-11,FTW-0015,CH-ON-01,86,0,13,40,False
INV-0001250,2023-09-11,FTW-0015,CH-WS-01,56,0,1,40,False
INV-0001251,2023-09-11,ACC-0021,CH-NE-01,94,0,1,36,False
INV-0001252,2023-09-11,ACC-0021,CH-MW-01,39,0,7,36,False
INV-0001253,2023-09-11,ACC-0021,CH-WE-01,124,0,10,36,False
INV-0001254,2023-09-11,ACC-0021,CH-ON-01,43,0,17,36,False
INV-0001255,2023-09-11,ACC-0021,CH-WS-01,72,0,8,36,False
INV-0001256,2023-09-11,ACC-0024,CH-NE-01,68,0,14,16,False
INV-0001257,2023-09-11,ACC-0024,CH-MW-01,87,0,3,16,False
INV-0001258,2023-09-11,ACC-0024,CH-WE-01,46,0,8,16,False
INV-0001259,2023-09-11,ACC-0024,CH-ON-01,21,0,19,16,False
INV-0001260,2023-09-11,ACC-0024,CH-WS-01,129,0,0,16,False
INV-0001261,2023-09-11,HOM-0025,CH-NE-01,106,0,8,40,False
INV-0001262,2023-09-11,HOM-0025,CH-MW-01,108,0,1,40,False
INV-0001263,2023-09-11,HOM-0025,CH-WE-01,38,90,11,40,False
INV-0001264,2023-09-11,HOM-0025,CH-ON-01,121,0,5,40,False
INV-0001265,2023-09-11,HOM-0025,CH-WS-01,65,0,0,40,False
INV-0001266,2023-09-11,HOM-0026,CH-NE-01,14,55,20,26,False
INV-0001267,2023-09-11,HOM-0026,CH-MW-01,53,0,7,26,False
INV-0001268,2023-09-11,HOM-0026,CH-WE-01,34,0,10,26,False
INV-0001269,2023-09-11,HOM-0026,CH-ON-01,33,0,7,26,False
INV-0001270,2023-09-11,HOM-0026,CH-WS-01,37,0,1,26,False
INV-0001271,2023-09-11,HOM-0027,CH-NE-01,114,0,5,43,False
INV-0001272,2023-09-11,HOM-0027,CH-MW-01,67,0,7,43,False
INV-0001273,2023-09-11,HOM-0027,CH-WE-01,100,0,11,43,False
INV-0001274,2023-09-11,HOM-0027,CH-ON-01,63,0,13,43,False
INV-0001275,2023-09-11,HOM-0027,CH-WS-01,74,0,2,43,False
INV-0001276,2023-09-11,HOM-0029,CH-NE-01,47,0,3,39,False
INV-0001277,2023-09-11,HOM-0029,CH-MW-01,25,95,16,39,False
INV-0001278,2023-09-11,HOM-0029,CH-WE-01,59,0,14,39,False
INV-0001279,2023-09-11,HOM-0029,CH-ON-01,106,0,11,39,False
INV-0001280,2023-09-11,HOM-0029,CH-WS-01,62,0,1,39,False
INV-0001281,2023-09-11,HOM-0031,CH-NE-01,75,0,3,25,False
INV-0001282,2023-09-11,HOM-0031,CH-MW-01,53,0,7,25,False
INV-0001283,2023-09-11,HOM-0031,CH-WE-01,86,0,10,25,False
INV-0001284,2023-09-11,HOM-0031,CH-ON-01,54,0,9,25,False
INV-0001285,2023-09-11,HOM-0031,CH-WS-01,56,0,2,25,False
INV-0001286,2023-09-11,HOM-0032,CH-NE-01,25,45,15,28,False
INV-0001287,2023-09-11,HOM-0032,CH-MW-01,23,65,11,28,False
INV-0001288,2023-09-11,HOM-0032,CH-WE-01,50,0,18,28,False
INV-0001289,2023-09-11,HOM-0032,CH-ON-01,44,0,13,28,False
INV-0001290,2023-09-11,HOM-0032,CH-WS-01,76,0,4,28,False
INV-0001291,2023-09-18,APP-0001,CH-NE-01,105,0,4,33,False
INV-0001292,2023-09-18,APP-0001,CH-MW-01,121,0,2,33,False
INV-0001293,2023-09-18,APP-0001,CH-WE-01,106,0,18,33,False
INV-0001294,2023-09-18,APP-0001,CH-ON-01,68,0,18,33,False
INV-0001295,2023-09-18,APP-0001,CH-WS-01,116,0,4,33,False
INV-0001296,2023-09-18,APP-0002,CH-NE-01,100,0,8,23,False
INV-0001297,2023-09-18,APP-0002,CH-MW-01,105,0,3,23,False
INV-0001298,2023-09-18,APP-0002,CH-WE-01,105,0,11,23,False
INV-0001299,2023-09-18,APP-0002,CH-ON-01,71,0,22,23,False
INV-0001300,2023-09-18,APP-0002,CH-WS-01,137,0,0,23,False
INV-0001301,2023-09-18,APP-0003,CH-NE-01,42,0,7,15,False
INV-0001302,2023-09-18,APP-0003,CH-MW-01,19,0,15,15,False
INV-0001303,2023-09-18,APP-0003,CH-WE-01,32,0,21,15,False
INV-0001304,2023-09-18,APP-0003,CH-ON-01,42,0,18,15,False
INV-0001305,2023-09-18,APP-0003,CH-WS-01,62,0,1,15,False
INV-0001306,2023-09-18,APP-0005,CH-NE-01,64,0,8,36,False
INV-0001307,2023-09-18,APP-0005,CH-MW-01,116,0,5,36,False
INV-0001308,2023-09-18,APP-0005,CH-WE-01,75,0,12,36,False
INV-0001309,2023-09-18,APP-0005,CH-ON-01,46,0,13,36,False
INV-0001310,2023-09-18,APP-0005,CH-WS-01,167,0,1,36,False
INV-0001311,2023-09-18,APP-0007,CH-NE-01,75,0,10,28,False
INV-0001312,2023-09-18,APP-0007,CH-MW-01,64,0,14,28,False
INV-0001313,2023-09-18,APP-0007,CH-WE-01,31,0,13,28,False
INV-0001314,2023-09-18,APP-0007,CH-ON-01,24,93,11,28,False
INV-0001315,2023-09-18,APP-0007,CH-WS-01,77,0,2,28,False
INV-0001316,2023-09-18,APP-0010,CH-NE-01,112,0,13,34,False
INV-0001317,2023-09-18,APP-0010,CH-MW-01,87,0,5,34,False
INV-0001318,2023-09-18,APP-0010,CH-WE-01,29,79,8,34,False
INV-0001319,2023-09-18,APP-0010,CH-ON-01,62,0,9,34,False
INV-0001320,2023-09-18,APP-0010,CH-WS-01,60,0,0,34,False
INV-0001321,2023-09-18,APP-0011,CH-NE-01,127,0,2,44,False
INV-0001322,2023-09-18,APP-0011,CH-MW-01,109,0,6,44,False
INV-0001323,2023-09-18,APP-0011,CH-WE-01,94,0,11,44,False
INV-0001324,2023-09-18,APP-0011,CH-ON-01,42,93,16,44,False
INV-0001325,2023-09-18,APP-0011,CH-WS-01,126,0,3,44,False
INV-0001326,2023-09-18,FTW-0015,CH-NE-01,79,0,12,40,False
INV-0001327,2023-09-18,FTW-0015,CH-MW-01,95,0,13,40,False
INV-0001328,2023-09-18,FTW-0015,CH-WE-01,48,0,21,40,False
INV-0001329,2023-09-18,FTW-0015,CH-ON-01,76,0,10,40,False
INV-0001330,2023-09-18,FTW-0015,CH-WS-01,56,0,0,40,False
INV-0001331,2023-09-18,ACC-0021,CH-NE-01,85,0,9,36,False
INV-0001332,2023-09-18,ACC-0021,CH-MW-01,30,121,9,36,False
INV-0001333,2023-09-18,ACC-0021,CH-WE-01,119,0,5,36,False
INV-0001334,2023-09-18,ACC-0021,CH-ON-01,26,118,17,36,False
INV-0001335,2023-09-18,ACC-0021,CH-WS-01,72,0,0,36,False
INV-0001336,2023-09-18,ACC-0024,CH-NE-01,49,0,19,16,False
INV-0001337,2023-09-18,ACC-0024,CH-MW-01,87,0,0,16,False
INV-0001338,2023-09-18,ACC-0024,CH-WE-01,35,0,11,16,False
INV-0001339,2023-09-18,ACC-0024,CH-ON-01,3,126,18,16,False
INV-0001340,2023-09-18,ACC-0024,CH-WS-01,123,0,6,16,False
INV-0001341,2023-09-18,HOM-0025,CH-NE-01,93,0,13,40,False
INV-0001342,2023-09-18,HOM-0025,CH-MW-01,98,0,10,40,False
INV-0001343,2023-09-18,HOM-0025,CH-WE-01,115,0,13,40,False
INV-0001344,2023-09-18,HOM-0025,CH-ON-01,102,0,19,40,False
INV-0001345,2023-09-18,HOM-0025,CH-WS-01,60,0,5,40,False
INV-0001346,2023-09-18,HOM-0026,CH-NE-01,67,0,2,26,False
INV-0001347,2023-09-18,HOM-0026,CH-MW-01,45,0,8,26,False
INV-0001348,2023-09-18,HOM-0026,CH-WE-01,14,43,20,26,False
INV-0001349,2023-09-18,HOM-0026,CH-ON-01,28,0,5,26,False
INV-0001350,2023-09-18,HOM-0026,CH-WS-01,33,0,4,26,False
INV-0001351,2023-09-18,HOM-0027,CH-NE-01,99,0,15,43,False
INV-0001352,2023-09-18,HOM-0027,CH-MW-01,60,0,7,43,False
INV-0001353,2023-09-18,HOM-0027,CH-WE-01,91,0,9,43,False
INV-0001354,2023-09-18,HOM-0027,CH-ON-01,51,0,12,43,False
INV-0001355,2023-09-18,HOM-0027,CH-WS-01,74,0,0,43,False
INV-0001356,2023-09-18,HOM-0029,CH-NE-01,42,0,5,39,False
INV-0001357,2023-09-18,HOM-0029,CH-MW-01,117,0,3,39,False
INV-0001358,2023-09-18,HOM-0029,CH-WE-01,47,0,12,39,False
INV-0001359,2023-09-18,HOM-0029,CH-ON-01,93,0,13,39,False
INV-0001360,2023-09-18,HOM-0029,CH-WS-01,62,0,0,39,False
INV-0001361,2023-09-18,HOM-0031,CH-NE-01,69,0,6,25,False
INV-0001362,2023-09-18,HOM-0031,CH-MW-01,36,0,17,25,False
INV-0001363,2023-09-18,HOM-0031,CH-WE-01,80,0,6,25,False
INV-0001364,2023-09-18,HOM-0031,CH-ON-01,30,0,24,25,False
INV-0001365,2023-09-18,HOM-0031,CH-WS-01,54,0,2,25,False
INV-0001366,2023-09-18,HOM-0032,CH-NE-01,64,0,6,28,False
INV-0001367,2023-09-18,HOM-0032,CH-MW-01,84,0,4,28,False
INV-0001368,2023-09-18,HOM-0032,CH-WE-01,41,0,9,28,False
INV-0001369,2023-09-18,HOM-0032,CH-ON-01,29,0,15,28,False
INV-0001370,2023-09-18,HOM-0032,CH-WS-01,75,0,1,28,False
INV-0001371,2023-09-25,APP-0001,CH-NE-01,93,0,12,33,False
INV-0001372,2023-09-25,APP-0001,CH-MW-01,108,0,13,33,False
INV-0001373,2023-09-25,APP-0001,CH-WE-01,99,0,7,33,False
INV-0001374,2023-09-25,APP-0001,CH-ON-01,47,0,21,33,False
INV-0001375,2023-09-25,APP-0001,CH-WS-01,116,0,0,33,False
INV-0001376,2023-09-25,APP-0002,CH-NE-01,88,0,12,23,False
INV-0001377,2023-09-25,APP-0002,CH-MW-01,102,0,3,23,False
INV-0001378,2023-09-25,APP-0002,CH-WE-01,99,0,6,23,False
INV-0001379,2023-09-25,APP-0002,CH-ON-01,70,0,1,23,False
INV-0001380,2023-09-25,APP-0002,CH-WS-01,134,0,3,23,False
INV-0001381,2023-09-25,APP-0003,CH-NE-01,32,0,10,15,False
INV-0001382,2023-09-25,APP-0003,CH-MW-01,8,67,11,15,False
INV-0001383,2023-09-25,APP-0003,CH-WE-01,27,0,5,15,False
INV-0001384,2023-09-25,APP-0003,CH-ON-01,33,0,9,15,False
INV-0001385,2023-09-25,APP-0003,CH-WS-01,58,0,4,15,False
INV-0001386,2023-09-25,APP-0005,CH-NE-01,51,0,13,36,False
INV-0001387,2023-09-25,APP-0005,CH-MW-01,109,0,7,36,False
INV-0001388,2023-09-25,APP-0005,CH-WE-01,56,0,19,36,False
INV-0001389,2023-09-25,APP-0005,CH-ON-01,44,0,2,36,False
INV-0001390,2023-09-25,APP-0005,CH-WS-01,166,0,1,36,False
INV-0001391,2023-09-25,APP-0007,CH-NE-01,70,0,5,28,False
INV-0001392,2023-09-25,APP-0007,CH-MW-01,57,0,7,28,False
INV-0001393,2023-09-25,APP-0007,CH-WE-01,26,80,5,28,False
INV-0001394,2023-09-25,APP-0007,CH-ON-01,101,0,16,28,False
INV-0001395,2023-09-25,APP-0007,CH-WS-01,77,0,0,28,False
INV-0001396,2023-09-25,APP-0010,CH-NE-01,98,0,14,34,False
INV-0001397,2023-09-25,APP-0010,CH-MW-01,84,0,3,34,False
INV-0001398,2023-09-25,APP-0010,CH-WE-01,102,0,6,34,False
INV-0001399,2023-09-25,APP-0010,CH-ON-01,46,0,16,34,False
INV-0001400,2023-09-25,APP-0010,CH-WS-01,58,0,2,34,False
INV-0001401,2023-09-25,APP-0011,CH-NE-01,123,0,4,44,False
INV-0001402,2023-09-25,APP-0011,CH-MW-01,108,0,1,44,False
INV-0001403,2023-09-25,APP-0011,CH-WE-01,87,0,7,44,False
INV-0001404,2023-09-25,APP-0011,CH-ON-01,116,0,19,44,False
INV-0001405,2023-09-25,APP-0011,CH-WS-01,124,0,2,44,False
INV-0001406,2023-09-25,FTW-0015,CH-NE-01,72,0,7,40,False
INV-0001407,2023-09-25,FTW-0015,CH-MW-01,84,0,11,40,False
INV-0001408,2023-09-25,FTW-0015,CH-WE-01,40,67,8,40,False
INV-0001409,2023-09-25,FTW-0015,CH-ON-01,62,0,14,40,False
INV-0001410,2023-09-25,FTW-0015,CH-WS-01,53,0,3,40,False
INV-0001411,2023-09-25,ACC-0021,CH-NE-01,80,0,5,36,False
INV-0001412,2023-09-25,ACC-0021,CH-MW-01,150,0,1,36,False
INV-0001413,2023-09-25,ACC-0021,CH-WE-01,107,0,12,36,False
INV-0001414,2023-09-25,ACC-0021,CH-ON-01,141,0,3,36,False
INV-0001415,2023-09-25,ACC-0021,CH-WS-01,68,0,4,36,False
INV-0001416,2023-09-25,ACC-0024,CH-NE-01,42,0,7,16,False
INV-0001417,2023-09-25,ACC-0024,CH-MW-01,75,0,12,16,False
INV-0001418,2023-09-25,ACC-0024,CH-WE-01,27,0,8,16,False
INV-0001419,2023-09-25,ACC-0024,CH-ON-01,112,0,17,16,False
INV-0001420,2023-09-25,ACC-0024,CH-WS-01,122,0,1,16,False
INV-0001421,2023-09-25,HOM-0025,CH-NE-01,87,0,6,40,False
INV-0001422,2023-09-25,HOM-0025,CH-MW-01,91,0,7,40,False
INV-0001423,2023-09-25,HOM-0025,CH-WE-01,101,0,14,40,False
INV-0001424,2023-09-25,HOM-0025,CH-ON-01,95,0,7,40,False
INV-0001425,2023-09-25,HOM-0025,CH-WS-01,55,0,5,40,False
INV-0001426,2023-09-25,HOM-0026,CH-NE-01,51,0,16,26,False
INV-0001427,2023-09-25,HOM-0026,CH-MW-01,34,0,11,26,False
INV-0001428,2023-09-25,HOM-0026,CH-WE-01,45,0,12,26,False
INV-0001429,2023-09-25,HOM-0026,CH-ON-01,17,36,11,26,False
INV-0001430,2023-09-25,HOM-0026,CH-WS-01,33,0,0,26,False
INV-0001431,2023-09-25,HOM-0027,CH-NE-01,92,0,7,43,False
INV-0001432,2023-09-25,HOM-0027,CH-MW-01,57,0,3,43,False
INV-0001433,2023-09-25,HOM-0027,CH-WE-01,82,0,9,43,False
INV-0001434,2023-09-25,HOM-0027,CH-ON-01,43,67,8,43,False
INV-0001435,2023-09-25,HOM-0027,CH-WS-01,69,0,5,43,False
INV-0001436,2023-09-25,HOM-0029,CH-NE-01,37,107,5,39,False
INV-0001437,2023-09-25,HOM-0029,CH-MW-01,112,0,5,39,False
INV-0001438,2023-09-25,HOM-0029,CH-WE-01,38,95,9,39,False
INV-0001439,2023-09-25,HOM-0029,CH-ON-01,90,0,3,39,False
INV-0001440,2023-09-25,HOM-0029,CH-WS-01,59,0,3,39,False
INV-0001441,2023-09-25,HOM-0031,CH-NE-01,61,0,8,25,False
INV-0001442,2023-09-25,HOM-0031,CH-MW-01,28,0,8,25,False
INV-0001443,2023-09-25,HOM-0031,CH-WE-01,66,0,14,25,False
INV-0001444,2023-09-25,HOM-0031,CH-ON-01,13,73,17,25,False
INV-0001445,2023-09-25,HOM-0031,CH-WS-01,53,0,1,25,False
INV-0001446,2023-09-25,HOM-0032,CH-NE-01,54,0,10,28,False
INV-0001447,2023-09-25,HOM-0032,CH-MW-01,71,0,13,28,False
INV-0001448,2023-09-25,HOM-0032,CH-WE-01,26,54,15,28,False
INV-0001449,2023-09-25,HOM-0032,CH-ON-01,9,55,20,28,False
INV-0001450,2023-09-25,HOM-0032,CH-WS-01,72,0,3,28,False
INV-0001451,2023-10-02,APP-0001,CH-NE-01,85,0,8,33,False
INV-0001452,2023-10-02,APP-0001,CH-MW-01,93,0,15,33,False
INV-0001453,2023-10-02,APP-0001,CH-WE-01,98,0,1,33,False
INV-0001454,2023-10-02,APP-0001,CH-ON-01,31,118,16,33,False
INV-0001455,2023-10-02,APP-0001,CH-WS-01,114,0,2,33,False
INV-0001456,2023-10-02,APP-0002,CH-NE-01,80,0,8,23,False
INV-0001457,2023-10-02,APP-0002,CH-MW-01,92,0,10,23,False
INV-0001458,2023-10-02,APP-0002,CH-WE-01,86,0,13,23,False
INV-0001459,2023-10-02,APP-0002,CH-ON-01,62,0,8,23,False
INV-0001460,2023-10-02,APP-0002,CH-WS-01,133,0,1,23,False
INV-0001461,2023-10-02,APP-0003,CH-NE-01,22,0,10,15,False
INV-0001462,2023-10-02,APP-0003,CH-MW-01,68,0,7,15,False
INV-0001463,2023-10-02,APP-0003,CH-WE-01,11,66,16,15,False
INV-0001464,2023-10-02,APP-0003,CH-ON-01,27,0,6,15,False
INV-0001465,2023-10-02,APP-0003,CH-WS-01,53,0,5,15,False
INV-0001466,2023-10-02,APP-0005,CH-NE-01,45,0,6,36,False
INV-0001467,2023-10-02,APP-0005,CH-MW-01,98,0,11,36,False
INV-0001468,2023-10-02,APP-0005,CH-WE-01,53,0,3,36,False
INV-0001469,2023-10-02,APP-0005,CH-ON-01,35,144,9,36,False
INV-0001470,2023-10-02,APP-0005,CH-WS-01,165,0,1,36,False
INV-0001471,2023-10-02,APP-0007,CH-NE-01,60,0,10,28,False
INV-0001472,2023-10-02,APP-0007,CH-MW-01,46,0,11,28,False
INV-0001473,2023-10-02,APP-0007,CH-WE-01,96,0,10,28,False
INV-0001474,2023-10-02,APP-0007,CH-ON-01,97,0,4,28,False
INV-0001475,2023-10-02,APP-0007,CH-WS-01,71,0,6,28,False
INV-0001476,2023-10-02,APP-0010,CH-NE-01,90,0,8,34,False
INV-0001477,2023-10-02,APP-0010,CH-MW-01,72,0,12,34,False
INV-0001478,2023-10-02,APP-0010,CH-WE-01,92,0,10,34,False
INV-0001479,2023-10-02,APP-0010,CH-ON-01,36,0,10,34,False
INV-0001480,2023-10-02,APP-0010,CH-WS-01,58,0,0,34,False
INV-0001481,2023-10-02,APP-0011,CH-NE-01,104,0,19,44,False
INV-0001482,2023-10-02,APP-0011,CH-MW-01,102,0,6,44,False
INV-0001483,2023-10-02,APP-0011,CH-WE-01,63,0,24,44,False
INV-0001484,2023-10-02,APP-0011,CH-ON-01,97,0,19,44,False
INV-0001485,2023-10-02,APP-0011,CH-WS-01,121,0,3,44,False
INV-0001486,2023-10-02,FTW-0015,CH-NE-01,66,0,6,40,False
INV-0001487,2023-10-02,FTW-0015,CH-MW-01,81,0,3,40,False
INV-0001488,2023-10-02,FTW-0015,CH-WE-01,101,0,6,40,False
INV-0001489,2023-10-02,FTW-0015,CH-ON-01,46,0,16,40,False
INV-0001490,2023-10-02,FTW-0015,CH-WS-01,47,0,6,40,False
INV-0001491,2023-10-02,ACC-0021,CH-NE-01,56,0,24,36,False
INV-0001492,2023-10-02,ACC-0021,CH-MW-01,146,0,4,36,False
INV-0001493,2023-10-02,ACC-0021,CH-WE-01,97,0,10,36,False
INV-0001494,2023-10-02,ACC-0021,CH-ON-01,138,0,3,36,False
INV-0001495,2023-10-02,ACC-0021,CH-WS-01,68,0,0,36,False
INV-0001496,2023-10-02,ACC-0024,CH-NE-01,27,0,15,16,False
INV-0001497,2023-10-02,ACC-0024,CH-MW-01,64,0,11,16,False
INV-0001498,2023-10-02,ACC-0024,CH-WE-01,18,0,9,16,False
INV-0001499,2023-10-02,ACC-0024,CH-ON-01,95,0,17,16,False
INV-0001500,2023-10-02,ACC-0024,CH-WS-01,121,0,1,16,False
INV-0001501,2023-10-02,HOM-0025,CH-NE-01,78,0,9,40,False
INV-0001502,2023-10-02,HOM-0025,CH-MW-01,86,0,5,40,False
INV-0001503,2023-10-02,HOM-0025,CH-WE-01,88,0,13,40,False
INV-0001504,2023-10-02,HOM-0025,CH-ON-01,89,0,6,40,False
INV-0001505,2023-10-02,HOM-0025,CH-WS-01,55,0,0,40,False
INV-0001506,2023-10-02,HOM-0026,CH-NE-01,38,0,13,26,False
INV-0001507,2023-10-02,HOM-0026,CH-MW-01,23,56,11,26,False
INV-0001508,2023-10-02,HOM-0026,CH-WE-01,34,0,11,26,False
INV-0001509,2023-10-02,HOM-0026,CH-ON-01,41,0,12,26,False
INV-0001510,2023-10-02,HOM-0026,CH-WS-01,31,0,2,26,False
INV-0001511,2023-10-02,HOM-0027,CH-NE-01,87,0,5,43,False
INV-0001512,2023-10-02,HOM-0027,CH-MW-01,51,0,6,43,False
INV-0001513,2023-10-02,HOM-0027,CH-WE-01,78,0,4,43,False
INV-0001514,2023-10-02,HOM-0027,CH-ON-01,105,0,5,43,False
INV-0001515,2023-10-02,HOM-0027,CH-WS-01,69,0,0,43,False
INV-0001516,2023-10-02,HOM-0029,CH-NE-01,131,0,13,39,False
INV-0001517,2023-10-02,HOM-0029,CH-MW-01,105,0,7,39,False
INV-0001518,2023-10-02,HOM-0029,CH-WE-01,120,0,13,39,False
INV-0001519,2023-10-02,HOM-0029,CH-ON-01,79,0,11,39,False
INV-0001520,2023-10-02,HOM-0029,CH-WS-01,53,0,6,39,False
INV-0001521,2023-10-02,HOM-0031,CH-NE-01,52,0,9,25,False
INV-0001522,2023-10-02,HOM-0031,CH-MW-01,15,68,13,25,False
INV-0001523,2023-10-02,HOM-0031,CH-WE-01,51,0,15,25,False
INV-0001524,2023-10-02,HOM-0031,CH-ON-01,79,0,7,25,False
INV-0001525,2023-10-02,HOM-0031,CH-WS-01,53,0,0,25,False
INV-0001526,2023-10-02,HOM-0032,CH-NE-01,44,0,10,28,False
INV-0001527,2023-10-02,HOM-0032,CH-MW-01,62,0,9,28,False
INV-0001528,2023-10-02,HOM-0032,CH-WE-01,62,0,18,28,False
INV-0001529,2023-10-02,HOM-0032,CH-ON-01,54,0,10,28,False
INV-0001530,2023-10-02,HOM-0032,CH-WS-01,72,0,0,28,False
INV-0001531,2023-10-09,APP-0001,CH-NE-01,77,0,8,33,False
INV-0001532,2023-10-09,APP-0001,CH-MW-01,75,0,18,33,False
INV-0001533,2023-10-09,APP-0001,CH-WE-01,96,0,2,33,False
INV-0001534,2023-10-09,APP-0001,CH-ON-01,140,0,9,33,False
INV-0001535,2023-10-09,APP-0001,CH-WS-01,112,0,2,33,False
INV-0001536,2023-10-09,APP-0002,CH-NE-01,68,0,12,23,False
INV-0001537,2023-10-09,APP-0002,CH-MW-01,82,0,10,23,False
INV-0001538,2023-10-09,APP-0002,CH-WE-01,76,0,10,23,False
INV-0001539,2023-10-09,APP-0002,CH-ON-01,54,0,8,23,False
INV-0001540,2023-10-09,APP-0002,CH-WS-01,133,0,0,23,False
INV-0001541,2023-10-09,APP-0003,CH-NE-01,14,49,8,15,False
INV-0001542,2023-10-09,APP-0003,CH-MW-01,65,0,3,15,False
INV-0001543,2023-10-09,APP-0003,CH-WE-01,75,0,2,15,False
INV-0001544,2023-10-09,APP-0003,CH-ON-01,12,42,15,15,False
INV-0001545,2023-10-09,APP-0003,CH-WS-01,53,0,0,15,False
INV-0001546,2023-10-09,APP-0005,CH-NE-01,34,97,11,36,False
INV-0001547,2023-10-09,APP-0005,CH-MW-01,96,0,2,36,False
INV-0001548,2023-10-09,APP-0005,CH-WE-01,36,85,17,36,False
INV-0001549,2023-10-09,APP-0005,CH-ON-01,158,0,21,36,False
INV-0001550,2023-10-09,APP-0005,CH-WS-01,165,0,0,36,False
INV-0001551,2023-10-09,APP-0007,CH-NE-01,54,0,6,28,False
INV-0001552,2023-10-09,APP-0007,CH-MW-01,37,0,9,28,False
INV-0001553,2023-10-09,APP-0007,CH-WE-01,87,0,9,28,False
INV-0001554,2023-10-09,APP-0007,CH-ON-01,87,0,10,28,False
INV-0001555,2023-10-09,APP-0007,CH-WS-01,62,0,9,28,False
INV-0001556,2023-10-09,APP-0010,CH-NE-01,78,0,12,34,False
INV-0001557,2023-10-09,APP-0010,CH-MW-01,67,0,5,34,False
INV-0001558,2023-10-09,APP-0010,CH-WE-01,81,0,11,34,False
INV-0001559,2023-10-09,APP-0010,CH-ON-01,29,101,7,34,False
INV-0001560,2023-10-09,APP-0010,CH-WS-01,50,0,8,34,False
INV-0001561,2023-10-09,APP-0011,CH-NE-01,90,0,14,44,False
INV-0001562,2023-10-09,APP-0011,CH-MW-01,91,0,11,44,False
INV-0001563,2023-10-09,APP-0011,CH-WE-01,52,0,11,44,False
INV-0001564,2023-10-09,APP-0011,CH-ON-01,90,0,7,44,False
INV-0001565,2023-10-09,APP-0011,CH-WS-01,121,0,0,44,False
INV-0001566,2023-10-09,FTW-0015,CH-NE-01,56,0,10,40,False
INV-0001567,2023-10-09,FTW-0015,CH-MW-01,79,0,2,40,False
INV-0001568,2023-10-09,FTW-0015,CH-WE-01,80,0,21,40,False
INV-0001569,2023-10-09,FTW-0015,CH-ON-01,43,0,3,40,False
INV-0001570,2023-10-09,FTW-0015,CH-WS-01,44,0,3,40,False
INV-0001571,2023-10-09,ACC-0021,CH-NE-01,44,0,12,36,False
INV-0001572,2023-10-09,ACC-0021,CH-MW-01,142,0,4,36,False
INV-0001573,2023-10-09,ACC-0021,CH-WE-01,82,0,15,36,False
INV-0001574,2023-10-09,ACC-0021,CH-ON-01,119,0,19,36,False
INV-0001575,2023-10-09,ACC-0021,CH-WS-01,61,0,7,36,False
INV-0001576,2023-10-09,ACC-0024,CH-NE-01,25,0,2,16,False
INV-0001577,2023-10-09,ACC-0024,CH-MW-01,57,0,7,16,False
INV-0001578,2023-10-09,ACC-0024,CH-WE-01,8,104,10,16,False
INV-0001579,2023-10-09,ACC-0024,CH-ON-01,90,0,5,16,False
INV-0001580,2023-10-09,ACC-0024,CH-WS-01,121,0,0,16,False
INV-0001581,2023-10-09,HOM-0025,CH-NE-01,68,0,10,40,False
INV-0001582,2023-10-09,HOM-0025,CH-MW-01,80,0,6,40,False
INV-0001583,2023-10-09,HOM-0025,CH-WE-01,85,0,3,40,False
INV-0001584,2023-10-09,HOM-0025,CH-ON-01,80,0,9,40,False
INV-0001585,2023-10-09,HOM-0025,CH-WS-01,50,0,5,40,False
INV-0001586,2023-10-09,HOM-0026,CH-NE-01,36,0,2,26,False
INV-0001587,2023-10-09,HOM-0026,CH-MW-01,74,0,5,26,False
INV-0001588,2023-10-09,HOM-0026,CH-WE-01,27,0,7,26,False
INV-0001589,2023-10-09,HOM-0026,CH-ON-01,26,56,15,26,False
INV-0001590,2023-10-09,HOM-0026,CH-WS-01,27,0,4,26,False
INV-0001591,2023-10-09,HOM-0027,CH-NE-01,81,0,6,43,False
INV-0001592,2023-10-09,HOM-0027,CH-MW-01,49,0,2,43,False
INV-0001593,2023-10-09,HOM-0027,CH-WE-01,59,0,19,43,False
INV-0001594,2023-10-09,HOM-0027,CH-ON-01,93,0,12,43,False
INV-0001595,2023-10-09,HOM-0027,CH-WS-01,66,0,3,43,False
INV-0001596,2023-10-09,HOM-0029,CH-NE-01,131,0,0,39,False
INV-0001597,2023-10-09,HOM-0029,CH-MW-01,94,0,11,39,False
INV-0001598,2023-10-09,HOM-0029,CH-WE-01,110,0,10,39,False
INV-0001599,2023-10-09,HOM-0029,CH-ON-01,61,0,18,39,False
INV-0001600,2023-10-09,HOM-0029,CH-WS-01,41,0,12,39,False
INV-0001601,2023-10-09,HOM-0031,CH-NE-01,38,0,14,25,False
INV-0001602,2023-10-09,HOM-0031,CH-MW-01,76,0,7,25,False
INV-0001603,2023-10-09,HOM-0031,CH-WE-01,42,0,9,25,False
INV-0001604,2023-10-09,HOM-0031,CH-ON-01,74,0,5,25,False
INV-0001605,2023-10-09,HOM-0031,CH-WS-01,49,0,4,25,False
INV-0001606,2023-10-09,HOM-0032,CH-NE-01,40,0,4,28,False
INV-0001607,2023-10-09,HOM-0032,CH-MW-01,54,0,8,28,False
INV-0001608,2023-10-09,HOM-0032,CH-WE-01,54,0,8,28,False
INV-0001609,2023-10-09,HOM-0032,CH-ON-01,51,0,3,28,False
INV-0001610,2023-10-09,HOM-0032,CH-WS-01,69,0,3,28,False
INV-0001611,2023-10-16,APP-0001,CH-NE-01,69,0,8,33,False
INV-0001612,2023-10-16,APP-0001,CH-MW-01,71,0,4,33,False
INV-0001613,2023-10-16,APP-0001,CH-WE-01,78,0,18,33,False
INV-0001614,2023-10-16,APP-0001,CH-ON-01,132,0,8,33,False
INV-0001615,2023-10-16,APP-0001,CH-WS-01,108,0,4,33,False
INV-0001616,2023-10-16,APP-0002,CH-NE-01,57,0,11,23,False
INV-0001617,2023-10-16,APP-0002,CH-MW-01,72,0,10,23,False
INV-0001618,2023-10-16,APP-0002,CH-WE-01,57,0,19,23,False
INV-0001619,2023-10-16,APP-0002,CH-ON-01,46,0,8,23,False
INV-0001620,2023-10-16,APP-0002,CH-WS-01,133,0,0,23,False
INV-0001621,2023-10-16,APP-0003,CH-NE-01,55,0,8,15,False
INV-0001622,2023-10-16,APP-0003,CH-MW-01,60,0,5,15,False
INV-0001623,2023-10-16,APP-0003,CH-WE-01,64,0,11,15,False
INV-0001624,2023-10-16,APP-0003,CH-ON-01,44,0,10,15,False
INV-0001625,2023-10-16,APP-0003,CH-WS-01,51,0,2,15,False
INV-0001626,2023-10-16,APP-0005,CH-NE-01,121,0,10,36,False
INV-0001627,2023-10-16,APP-0005,CH-MW-01,95,0,1,36,False
INV-0001628,2023-10-16,APP-0005,CH-WE-01,118,0,3,36,False
INV-0001629,2023-10-16,APP-0005,CH-ON-01,137,0,21,36,False
INV-0001630,2023-10-16,APP-0005,CH-WS-01,158,0,7,36,False
INV-0001631,2023-10-16,APP-0007,CH-NE-01,33,0,21,28,False
INV-0001632,2023-10-16,APP-0007,CH-MW-01,26,84,11,28,False
INV-0001633,2023-10-16,APP-0007,CH-WE-01,81,0,6,28,False
INV-0001634,2023-10-16,APP-0007,CH-ON-01,79,0,8,28,False
INV-0001635,2023-10-16,APP-0007,CH-WS-01,59,0,3,28,False
INV-0001636,2023-10-16,APP-0010,CH-NE-01,71,0,7,34,False
INV-0001637,2023-10-16,APP-0010,CH-MW-01,57,0,10,34,False
INV-0001638,2023-10-16,APP-0010,CH-WE-01,66,0,15,34,False
INV-0001639,2023-10-16,APP-0010,CH-ON-01,117,0,13,34,False
INV-0001640,2023-10-16,APP-0010,CH-WS-01,50,0,0,34,False
INV-0001641,2023-10-16,APP-0011,CH-NE-01,74,0,16,44,False
INV-0001642,2023-10-16,APP-0011,CH-MW-01,78,0,13,44,False
INV-0001643,2023-10-16,APP-0011,CH-WE-01,42,113,10,44,False
INV-0001644,2023-10-16,APP-0011,CH-ON-01,79,0,11,44,False
INV-0001645,2023-10-16,APP-0011,CH-WS-01,117,0,4,44,False
INV-0001646,2023-10-16,FTW-0015,CH-NE-01,46,0,10,40,False
INV-0001647,2023-10-16,FTW-0015,CH-MW-01,65,0,14,40,False
INV-0001648,2023-10-16,FTW-0015,CH-WE-01,65,0,15,40,False
INV-0001649,2023-10-16,FTW-0015,CH-ON-01,37,72,6,40,False
INV-0001650,2023-10-16,FTW-0015,CH-WS-01,42,0,2,40,False
INV-0001651,2023-10-16,ACC-0021,CH-NE-01,32,94,12,36,False
INV-0001652,2023-10-16,ACC-0021,CH-MW-01,139,0,3,36,False
INV-0001653,2023-10-16,ACC-0021,CH-WE-01,69,0,13,36,False
INV-0001654,2023-10-16,ACC-0021,CH-ON-01,113,0,6,36,False
INV-0001655,2023-10-16,ACC-0021,CH-WS-01,55,0,6,36,False
INV-0001656,2023-10-16,ACC-0024,CH-NE-01,15,125,10,16,False
INV-0001657,2023-10-16,ACC-0024,CH-MW-01,52,0,5,16,False
INV-0001658,2023-10-16,ACC-0024,CH-WE-01,102,0,10,16,False
INV-0001659,2023-10-16,ACC-0024,CH-ON-01,80,0,10,16,False
INV-0001660,2023-10-16,ACC-0024,CH-WS-01,121,0,0,16,False
INV-0001661,2023-10-16,HOM-0025,CH-NE-01,49,0,19,40,False
INV-0001662,2023-10-16,HOM-0025,CH-MW-01,76,0,4,40,False
INV-0001663,2023-10-16,HOM-0025,CH-WE-01,72,0,13,40,False
INV-0001664,2023-10-16,HOM-0025,CH-ON-01,71,0,9,40,False
INV-0001665,2023-10-16,HOM-0025,CH-WS-01,47,0,3,40,False
INV-0001666,2023-10-16,HOM-0026,CH-NE-01,33,0,3,26,False
INV-0001667,2023-10-16,HOM-0026,CH-MW-01,67,0,7,26,False
INV-0001668,2023-10-16,HOM-0026,CH-WE-01,13,58,14,26,False
INV-0001669,2023-10-16,HOM-0026,CH-ON-01,70,0,12,26,False
INV-0001670,2023-10-16,HOM-0026,CH-WS-01,26,42,1,26,False
INV-0001671,2023-10-16,HOM-0027,CH-NE-01,69,0,12,43,False
INV-0001672,2023-10-16,HOM-0027,CH-MW-01,43,59,6,43,False
INV-0001673,2023-10-16,HOM-0027,CH-WE-01,55,0,4,43,False
INV-0001674,2023-10-16,HOM-0027,CH-ON-01,89,0,4,43,False
INV-0001675,2023-10-16,HOM-0027,CH-WS-01,64,0,2,43,False
INV-0001676,2023-10-16,HOM-0029,CH-NE-01,124,0,7,39,False
INV-0001677,2023-10-16,HOM-0029,CH-MW-01,88,0,6,39,False
INV-0001678,2023-10-16,HOM-0029,CH-WE-01,99,0,11,39,False
INV-0001679,2023-10-16,HOM-0029,CH-ON-01,43,0,18,39,False
INV-0001680,2023-10-16,HOM-0029,CH-WS-01,39,70,2,39,False
INV-0001681,2023-10-16,HOM-0031,CH-NE-01,34,0,4,25,False
INV-0001682,2023-10-16,HOM-0031,CH-MW-01,73,0,3,25,False
INV-0001683,2023-10-16,HOM-0031,CH-WE-01,34,0,8,25,False
INV-0001684,2023-10-16,HOM-0031,CH-ON-01,60,0,14,25,False
INV-0001685,2023-10-16,HOM-0031,CH-WS-01,47,0,2,25,False
INV-0001686,2023-10-16,HOM-0032,CH-NE-01,31,0,9,28,False
INV-0001687,2023-10-16,HOM-0032,CH-MW-01,47,0,7,28,False
INV-0001688,2023-10-16,HOM-0032,CH-WE-01,48,0,6,28,False
INV-0001689,2023-10-16,HOM-0032,CH-ON-01,33,0,18,28,False
INV-0001690,2023-10-16,HOM-0032,CH-WS-01,67,0,2,28,False
INV-0001691,2023-10-23,APP-0001,CH-NE-01,55,0,14,33,False
INV-0001692,2023-10-23,APP-0001,CH-MW-01,63,0,8,33,False
INV-0001693,2023-10-23,APP-0001,CH-WE-01,57,0,21,33,False
INV-0001694,2023-10-23,APP-0001,CH-ON-01,116,0,16,33,False
INV-0001695,2023-10-23,APP-0001,CH-WS-01,108,0,0,33,False
INV-0001696,2023-10-23,APP-0002,CH-NE-01,51,0,6,23,False
INV-0001697,2023-10-23,APP-0002,CH-MW-01,70,0,2,23,False
INV-0001698,2023-10-23,APP-0002,CH-WE-01,51,0,6,23,False
INV-0001699,2023-10-23,APP-0002,CH-ON-01,40,0,6,23,False
INV-0001700,2023-10-23,APP-0002,CH-WS-01,132,0,1,23,False
INV-0001701,2023-10-23,APP-0003,CH-NE-01,43,0,12,15,False
INV-0001702,2023-10-23,APP-0003,CH-MW-01,48,0,12,15,False
INV-0001703,2023-10-23,APP-0003,CH-WE-01,55,0,9,15,False
INV-0001704,2023-10-23,APP-0003,CH-ON-01,35,0,9,15,False
INV-0001705,2023-10-23,APP-0003,CH-WS-01,49,0,2,15,False
INV-0001706,2023-10-23,APP-0005,CH-NE-01,115,0,6,36,False
INV-0001707,2023-10-23,APP-0005,CH-MW-01,86,0,9,36,False
INV-0001708,2023-10-23,APP-0005,CH-WE-01,100,0,18,36,False
INV-0001709,2023-10-23,APP-0005,CH-ON-01,122,0,15,36,False
INV-0001710,2023-10-23,APP-0005,CH-WS-01,156,0,2,36,False
INV-0001711,2023-10-23,APP-0007,CH-NE-01,23,71,10,28,False
INV-0001712,2023-10-23,APP-0007,CH-MW-01,102,0,8,28,False
INV-0001713,2023-10-23,APP-0007,CH-WE-01,73,0,8,28,False
INV-0001714,2023-10-23,APP-0007,CH-ON-01,63,0,16,28,False
INV-0001715,2023-10-23,APP-0007,CH-WS-01,58,0,1,28,False
INV-0001716,2023-10-23,APP-0010,CH-NE-01,60,0,11,34,False
INV-0001717,2023-10-23,APP-0010,CH-MW-01,48,0,9,34,False
INV-0001718,2023-10-23,APP-0010,CH-WE-01,58,0,8,34,False
INV-0001719,2023-10-23,APP-0010,CH-ON-01,106,0,11,34,False
INV-0001720,2023-10-23,APP-0010,CH-WS-01,50,0,0,34,False
INV-0001721,2023-10-23,APP-0011,CH-NE-01,59,0,15,44,False
INV-0001722,2023-10-23,APP-0011,CH-MW-01,73,0,5,44,False
INV-0001723,2023-10-23,APP-0011,CH-WE-01,139,0,16,44,False
INV-0001724,2023-10-23,APP-0011,CH-ON-01,76,0,3,44,False
INV-0001725,2023-10-23,APP-0011,CH-WS-01,117,0,0,44,False
INV-0001726,2023-10-23,FTW-0015,CH-NE-01,36,50,10,40,False
INV-0001727,2023-10-23,FTW-0015,CH-MW-01,59,0,6,40,False
INV-0001728,2023-10-23,FTW-0015,CH-WE-01,61,0,4,40,False
INV-0001729,2023-10-23,FTW-0015,CH-ON-01,97,0,12,40,False
INV-0001730,2023-10-23,FTW-0015,CH-WS-01,42,0,0,40,False
INV-0001731,2023-10-23,ACC-0021,CH-NE-01,117,0,9,36,False
INV-0001732,2023-10-23,ACC-0021,CH-MW-01,136,0,3,36,False
INV-0001733,2023-10-23,ACC-0021,CH-WE-01,61,0,8,36,False
INV-0001734,2023-10-23,ACC-0021,CH-ON-01,108,0,5,36,False
INV-0001735,2023-10-23,ACC-0021,CH-WS-01,53,0,2,36,False
INV-0001736,2023-10-23,ACC-0024,CH-NE-01,131,0,9,16,False
INV-0001737,2023-10-23,ACC-0024,CH-MW-01,45,0,7,16,False
INV-0001738,2023-10-23,ACC-0024,CH-WE-01,88,0,14,16,False
INV-0001739,2023-10-23,ACC-0024,CH-ON-01,63,0,17,16,False
INV-0001740,2023-10-23,ACC-0024,CH-WS-01,117,0,4,16,False
INV-0001741,2023-10-23,HOM-0025,CH-NE-01,45,0,4,40,False
INV-0001742,2023-10-23,HOM-0025,CH-MW-01,74,0,2,40,False
INV-0001743,2023-10-23,HOM-0025,CH-WE-01,63,0,9,40,False
INV-0001744,2023-10-23,HOM-0025,CH-ON-01,58,0,13,40,False
INV-0001745,2023-10-23,HOM-0025,CH-WS-01,46,0,1,40,False
INV-0001746,2023-10-23,HOM-0026,CH-NE-01,25,57,8,26,False
INV-0001747,2023-10-23,HOM-0026,CH-MW-01,55,0,12,26,False
INV-0001748,2023-10-23,HOM-0026,CH-WE-01,63,0,8,26,False
INV-0001749,2023-10-23,HOM-0026,CH-ON-01,63,0,7,26,False
INV-0001750,2023-10-23,HOM-0026,CH-WS-01,68,0,0,26,False
INV-0001751,2023-10-23,HOM-0027,CH-NE-01,60,0,9,43,False
INV-0001752,2023-10-23,HOM-0027,CH-MW-01,94,0,8,43,False
INV-0001753,2023-10-23,HOM-0027,CH-WE-01,51,0,4,43,False
INV-0001754,2023-10-23,HOM-0027,CH-ON-01,76,0,13,43,False
INV-0001755,2023-10-23,HOM-0027,CH-WS-01,60,0,4,43,False
INV-0001756,2023-10-23,HOM-0029,CH-NE-01,110,0,14,39,False
INV-0001757,2023-10-23,HOM-0029,CH-MW-01,80,0,8,39,False
INV-0001758,2023-10-23,HOM-0029,CH-WE-01,84,0,15,39,False
INV-0001759,2023-10-23,HOM-0029,CH-ON-01,28,89,15,39,False
INV-0001760,2023-10-23,HOM-0029,CH-WS-01,109,0,0,39,False
INV-0001761,2023-10-23,HOM-0031,CH-NE-01,27,0,7,25,False
INV-0001762,2023-10-23,HOM-0031,CH-MW-01,66,0,7,25,False
INV-0001763,2023-10-23,HOM-0031,CH-WE-01,26,0,8,25,False
INV-0001764,2023-10-23,HOM-0031,CH-ON-01,51,0,9,25,False
INV-0001765,2023-10-23,HOM-0031,CH-WS-01,43,0,4,25,False
INV-0001766,2023-10-23,HOM-0032,CH-NE-01,26,44,5,28,False
INV-0001767,2023-10-23,HOM-0032,CH-MW-01,41,0,6,28,False
INV-0001768,2023-10-23,HOM-0032,CH-WE-01,39,0,9,28,False
INV-0001769,2023-10-23,HOM-0032,CH-ON-01,20,56,13,28,False
INV-0001770,2023-10-23,HOM-0032,CH-WS-01,67,0,0,28,False
INV-0001771,2023-10-30,APP-0001,CH-NE-01,38,0,17,33,False
INV-0001772,2023-10-30,APP-0001,CH-MW-01,51,0,12,33,False
INV-0001773,2023-10-30,APP-0001,CH-WE-01,43,0,14,33,False
INV-0001774,2023-10-30,APP-0001,CH-ON-01,106,0,10,33,False
INV-0001775,2023-10-30,APP-0001,CH-WS-01,106,0,2,33,False
INV-0001776,2023-10-30,APP-0002,CH-NE-01,35,0,16,23,False
INV-0001777,2023-10-30,APP-0002,CH-MW-01,62,0,8,23,False
INV-0001778,2023-10-30,APP-0002,CH-WE-01,29,0,22,23,False
INV-0001779,2023-10-30,APP-0002,CH-ON-01,21,134,19,23,False
INV-0001780,2023-10-30,APP-0002,CH-WS-01,127,0,5,23,False
INV-0001781,2023-10-30,APP-0003,CH-NE-01,32,0,11,15,False
INV-0001782,2023-10-30,APP-0003,CH-MW-01,34,0,14,15,False
INV-0001783,2023-10-30,APP-0003,CH-WE-01,37,0,18,15,False
INV-0001784,2023-10-30,APP-0003,CH-ON-01,6,40,29,15,False
INV-0001785,2023-10-30,APP-0003,CH-WS-01,48,0,1,15,False
INV-0001786,2023-10-30,APP-0005,CH-NE-01,99,0,16,36,False
INV-0001787,2023-10-30,APP-0005,CH-MW-01,82,0,4,36,False
INV-0001788,2023-10-30,APP-0005,CH-WE-01,89,0,11,36,False
INV-0001789,2023-10-30,APP-0005,CH-ON-01,87,0,35,36,False
INV-0001790,2023-10-30,APP-0005,CH-WS-01,152,0,4,36,False
INV-0001791,2023-10-30,APP-0007,CH-NE-01,89,0,5,28,False
INV-0001792,2023-10-30,APP-0007,CH-MW-01,89,0,13,28,False
INV-0001793,2023-10-30,APP-0007,CH-WE-01,54,0,19,28,False
INV-0001794,2023-10-30,APP-0007,CH-ON-01,49,0,14,28,False
INV-0001795,2023-10-30,APP-0007,CH-WS-01,55,0,3,28,False
INV-0001796,2023-10-30,APP-0010,CH-NE-01,43,0,17,34,False
INV-0001797,2023-10-30,APP-0010,CH-MW-01,41,0,7,34,False
INV-0001798,2023-10-30,APP-0010,CH-WE-01,53,0,5,34,False
INV-0001799,2023-10-30,APP-0010,CH-ON-01,86,0,20,34,False
INV-0001800,2023-10-30,APP-0010,CH-WS-01,37,0,13,34,False
INV-0001801,2023-10-30,APP-0011,CH-NE-01,44,132,15,44,False
INV-0001802,2023-10-30,APP-0011,CH-MW-01,62,0,11,44,False
INV-0001803,2023-10-30,APP-0011,CH-WE-01,123,0,16,44,False
INV-0001804,2023-10-30,APP-0011,CH-ON-01,63,0,13,44,False
INV-0001805,2023-10-30,APP-0011,CH-WS-01,116,0,1,44,False
INV-0001806,2023-10-30,FTW-0015,CH-NE-01,74,0,12,40,False
INV-0001807,2023-10-30,FTW-0015,CH-MW-01,55,0,4,40,False
INV-0001808,2023-10-30,FTW-0015,CH-WE-01,34,67,27,40,False
INV-0001809,2023-10-30,FTW-0015,CH-ON-01,86,0,11,40,False
INV-0001810,2023-10-30,FTW-0015,CH-WS-01,41,0,1,40,False
INV-0001811,2023-10-30,ACC-0021,CH-NE-01,99,0,18,36,False
INV-0001812,2023-10-30,ACC-0021,CH-MW-01,132,0,4,36,False
INV-0001813,2023-10-30,ACC-0021,CH-WE-01,48,0,13,36,False
INV-0001814,2023-10-30,ACC-0021,CH-ON-01,87,0,21,36,False
INV-0001815,2023-10-30,ACC-0021,CH-WS-01,53,0,0,36,False
INV-0001816,2023-10-30,ACC-0024,CH-NE-01,122,0,9,16,False
INV-0001817,2023-10-30,ACC-0024,CH-MW-01,35,0,10,16,False
INV-0001818,2023-10-30,ACC-0024,CH-WE-01,85,0,3,16,False
INV-0001819,2023-10-30,ACC-0024,CH-ON-01,51,0,12,16,False
INV-0001820,2023-10-30,ACC-0024,CH-WS-01,117,0,0,16,False
INV-0001821,2023-10-30,HOM-0025,CH-NE-01,7,62,38,40,False
INV-0001822,2023-10-30,HOM-0025,CH-MW-01,62,0,12,40,False
INV-0001823,2023-10-30,HOM-0025,CH-WE-01,39,79,24,40,False
INV-0001824,2023-10-30,HOM-0025,CH-ON-01,55,0,3,40,False
INV-0001825,2023-10-30,HOM-0025,CH-WS-01,40,86,6,40,False
INV-0001826,2023-10-30,HOM-0026,CH-NE-01,62,0,20,26,False
INV-0001827,2023-10-30,HOM-0026,CH-MW-01,37,0,18,26,False
INV-0001828,2023-10-30,HOM-0026,CH-WE-01,36,0,27,26,False
INV-0001829,2023-10-30,HOM-0026,CH-ON-01,52,0,11,26,False
INV-0001830,2023-10-30,HOM-0026,CH-WS-01,65,0,3,26,False
INV-0001831,2023-10-30,HOM-0027,CH-NE-01,49,0,11,43,False
INV-0001832,2023-10-30,HOM-0027,CH-MW-01,90,0,4,43,False
INV-0001833,2023-10-30,HOM-0027,CH-WE-01,46,0,5,43,False
INV-0001834,2023-10-30,HOM-0027,CH-ON-01,66,0,10,43,False
INV-0001835,2023-10-30,HOM-0027,CH-WS-01,50,0,10,43,False
INV-0001836,2023-10-30,HOM-0029,CH-NE-01,102,0,8,39,False
INV-0001837,2023-10-30,HOM-0029,CH-MW-01,78,0,2,39,False
INV-0001838,2023-10-30,HOM-0029,CH-WE-01,79,0,5,39,False
INV-0001839,2023-10-30,HOM-0029,CH-ON-01,92,0,25,39,False
INV-0001840,2023-10-30,HOM-0029,CH-WS-01,100,0,9,39,False
INV-0001841,2023-10-30,HOM-0031,CH-NE-01,17,91,10,25,False
INV-0001842,2023-10-30,HOM-0031,CH-MW-01,50,0,16,25,False
INV-0001843,2023-10-30,HOM-0031,CH-WE-01,21,89,5,25,False
INV-0001844,2023-10-30,HOM-0031,CH-ON-01,27,0,24,25,False
INV-0001845,2023-10-30,HOM-0031,CH-WS-01,35,0,8,25,False
INV-0001846,2023-10-30,HOM-0032,CH-NE-01,62,0,8,28,False
INV-0001847,2023-10-30,HOM-0032,CH-MW-01,27,46,14,28,False
INV-0001848,2023-10-30,HOM-0032,CH-WE-01,25,67,14,28,False
INV-0001849,2023-10-30,HOM-0032,CH-ON-01,49,0,27,28,False
INV-0001850,2023-10-30,HOM-0032,CH-WS-01,64,0,3,28,False
INV-0001851,2023-11-06,APP-0001,CH-NE-01,25,110,13,33,False
INV-0001852,2023-11-06,APP-0001,CH-MW-01,43,0,8,33,False
INV-0001853,2023-11-06,APP-0001,CH-WE-01,23,112,20,33,False
INV-0001854,2023-11-06,APP-0001,CH-ON-01,77,0,29,33,False
INV-0001855,2023-11-06,APP-0001,CH-WS-01,98,0,8,33,False
INV-0001856,2023-11-06,APP-0002,CH-NE-01,17,105,18,23,False
INV-0001857,2023-11-06,APP-0002,CH-MW-01,48,0,14,23,False
INV-0001858,2023-11-06,APP-0002,CH-WE-01,20,109,9,23,False
INV-0001859,2023-11-06,APP-0002,CH-ON-01,134,0,21,23,False
INV-0001860,2023-11-06,APP-0002,CH-WS-01,119,0,8,23,False
INV-0001861,2023-11-06,APP-0003,CH-NE-01,27,0,5,15,False
INV-0001862,2023-11-06,APP-0003,CH-MW-01,28,0,6,15,False
INV-0001863,2023-11-06,APP-0003,CH-WE-01,15,57,22,15,False
INV-0001864,2023-11-06,APP-0003,CH-ON-01,28,0,18,15,False
INV-0001865,2023-11-06,APP-0003,CH-WS-01,48,0,0,15,False
INV-0001866,2023-11-06,APP-0005,CH-NE-01,89,0,10,36,False
INV-0001867,2023-11-06,APP-0005,CH-MW-01,66,0,16,36,False
INV-0001868,2023-11-06,APP-0005,CH-WE-01,81,0,8,36,False
INV-0001869,2023-11-06,APP-0005,CH-ON-01,80,0,7,36,False
INV-0001870,2023-11-06,APP-0005,CH-WS-01,146,0,6,36,False
INV-0001871,2023-11-06,APP-0007,CH-NE-01,86,0,3,28,False
INV-0001872,2023-11-06,APP-0007,CH-MW-01,78,0,11,28,False
INV-0001873,2023-11-06,APP-0007,CH-WE-01,47,0,7,28,False
INV-0001874,2023-11-06,APP-0007,CH-ON-01,40,0,9,28,False
INV-0001875,2023-11-06,APP-0007,CH-WS-01,53,0,2,28,False
INV-0001876,2023-11-06,APP-0010,CH-NE-01,31,98,12,34,False
INV-0001877,2023-11-06,APP-0010,CH-MW-01,33,73,8,34,False
INV-0001878,2023-11-06,APP-0010,CH-WE-01,40,0,13,34,False
INV-0001879,2023-11-06,APP-0010,CH-ON-01,84,0,2,34,False
INV-0001880,2023-11-06,APP-0010,CH-WS-01,37,0,0,34,False
INV-0001881,2023-11-06,APP-0011,CH-NE-01,158,0,18,44,False
INV-0001882,2023-11-06,APP-0011,CH-MW-01,53,0,9,44,False
INV-0001883,2023-11-06,APP-0011,CH-WE-01,109,0,14,44,False
INV-0001884,2023-11-06,APP-0011,CH-ON-01,36,113,27,44,False
INV-0001885,2023-11-06,APP-0011,CH-WS-01,108,0,8,44,False
INV-0001886,2023-11-06,FTW-0015,CH-NE-01,62,0,12,40,False
INV-0001887,2023-11-06,FTW-0015,CH-MW-01,41,0,14,40,False
INV-0001888,2023-11-06,FTW-0015,CH-WE-01,99,0,2,40,False
INV-0001889,2023-11-06,FTW-0015,CH-ON-01,75,0,11,40,False
INV-0001890,2023-11-06,FTW-0015,CH-WS-01,39,68,2,40,False
INV-0001891,2023-11-06,ACC-0021,CH-NE-01,80,0,19,36,False
INV-0001892,2023-11-06,ACC-0021,CH-MW-01,123,0,9,36,False
INV-0001893,2023-11-06,ACC-0021,CH-WE-01,29,113,19,36,False
INV-0001894,2023-11-06,ACC-0021,CH-ON-01,65,0,22,36,False
INV-0001895,2023-11-06,ACC-0021,CH-WS-01,53,0,0,36,False
INV-0001896,2023-11-06,ACC-0024,CH-NE-01,118,0,4,16,False
INV-0001897,2023-11-06,ACC-0024,CH-MW-01,30,0,5,16,False
INV-0001898,2023-11-06,ACC-0024,CH-WE-01,69,0,16,16,False
INV-0001899,2023-11-06,ACC-0024,CH-ON-01,27,0,24,16,False
INV-0001900,2023-11-06,ACC-0024,CH-WS-01,116,0,1,16,False
INV-0001901,2023-11-06,HOM-0025,CH-NE-01,51,0,18,40,False
INV-0001902,2023-11-06,HOM-0025,CH-MW-01,52,0,10,40,False
INV-0001903,2023-11-06,HOM-0025,CH-WE-01,111,0,7,40,False
INV-0001904,2023-11-06,HOM-0025,CH-ON-01,46,0,9,40,False
INV-0001905,2023-11-06,HOM-0025,CH-WS-01,124,0,2,40,False
INV-0001906,2023-11-06,HOM-0026,CH-NE-01,50,0,12,26,False
INV-0001907,2023-11-06,HOM-0026,CH-MW-01,27,0,10,26,False
INV-0001908,2023-11-06,HOM-0026,CH-WE-01,13,40,23,26,False
INV-0001909,2023-11-06,HOM-0026,CH-ON-01,17,41,35,26,False
INV-0001910,2023-11-06,HOM-0026,CH-WS-01,65,0,0,26,False
INV-0001911,2023-11-06,HOM-0027,CH-NE-01,42,48,7,43,False
INV-0001912,2023-11-06,HOM-0027,CH-MW-01,79,0,11,43,False
INV-0001913,2023-11-06,HOM-0027,CH-WE-01,39,58,7,43,False
INV-0001914,2023-11-06,HOM-0027,CH-ON-01,51,0,15,43,False
INV-0001915,2023-11-06,HOM-0027,CH-WS-01,48,0,2,43,False
INV-0001916,2023-11-06,HOM-0029,CH-NE-01,78,0,24,39,False
INV-0001917,2023-11-06,HOM-0029,CH-MW-01,64,0,14,39,False
INV-0001918,2023-11-06,HOM-0029,CH-WE-01,58,0,21,39,False
INV-0001919,2023-11-06,HOM-0029,CH-ON-01,68,0,24,39,False
INV-0001920,2023-11-06,HOM-0029,CH-WS-01,95,0,5,39,False
INV-0001921,2023-11-06,HOM-0031,CH-NE-01,100,0,8,25,False
INV-0001922,2023-11-06,HOM-0031,CH-MW-01,32,0,18,25,False
INV-0001923,2023-11-06,HOM-0031,CH-WE-01,91,0,19,25,False
INV-0001924,2023-11-06,HOM-0031,CH-ON-01,0,88,29,25,True
INV-0001925,2023-11-06,HOM-0031,CH-WS-01,24,93,11,25,False
INV-0001926,2023-11-06,HOM-0032,CH-NE-01,50,0,12,28,False
INV-0001927,2023-11-06,HOM-0032,CH-MW-01,52,0,21,28,False
INV-0001928,2023-11-06,HOM-0032,CH-WE-01,73,0,19,28,False
INV-0001929,2023-11-06,HOM-0032,CH-ON-01,37,0,12,28,False
INV-0001930,2023-11-06,HOM-0032,CH-WS-01,61,0,3,28,False
INV-0001931,2023-11-13,APP-0001,CH-NE-01,127,0,8,33,False
INV-0001932,2023-11-13,APP-0001,CH-MW-01,30,79,13,33,False
INV-0001933,2023-11-13,APP-0001,CH-WE-01,127,0,8,33,False
INV-0001934,2023-11-13,APP-0001,CH-ON-01,59,0,18,33,False
INV-0001935,2023-11-13,APP-0001,CH-WS-01,98,0,0,33,False
INV-0001936,2023-11-13,APP-0002,CH-NE-01,116,0,6,23,False
INV-0001937,2023-11-13,APP-0002,CH-MW-01,39,0,9,23,False
INV-0001938,2023-11-13,APP-0002,CH-WE-01,105,0,24,23,False
INV-0001939,2023-11-13,APP-0002,CH-ON-01,118,0,16,23,False
INV-0001940,2023-11-13,APP-0002,CH-WS-01,117,0,2,23,False
INV-0001941,2023-11-13,APP-0003,CH-NE-01,9,68,18,15,False
INV-0001942,2023-11-13,APP-0003,CH-MW-01,25,0,3,15,False
INV-0001943,2023-11-13,APP-0003,CH-WE-01,66,0,6,15,False
INV-0001944,2023-11-13,APP-0003,CH-ON-01,11,54,17,15,False
INV-0001945,2023-11-13,APP-0003,CH-WS-01,48,0,0,15,False
INV-0001946,2023-11-13,APP-0005,CH-NE-01,79,0,10,36,False
INV-0001947,2023-11-13,APP-0005,CH-MW-01,48,0,18,36,False
INV-0001948,2023-11-13,APP-0005,CH-WE-01,68,0,13,36,False
INV-0001949,2023-11-13,APP-0005,CH-ON-01,58,0,22,36,False
INV-0001950,2023-11-13,APP-0005,CH-WS-01,146,0,0,36,False
INV-0001951,2023-11-13,APP-0007,CH-NE-01,85,0,1,28,False
INV-0001952,2023-11-13,APP-0007,CH-MW-01,62,0,16,28,False
INV-0001953,2023-11-13,APP-0007,CH-WE-01,44,0,3,28,False
INV-0001954,2023-11-13,APP-0007,CH-ON-01,29,0,11,28,False
INV-0001955,2023-11-13,APP-0007,CH-WS-01,43,0,10,28,False
INV-0001956,2023-11-13,APP-0010,CH-NE-01,117,0,12,34,False
INV-0001957,2023-11-13,APP-0010,CH-MW-01,103,0,3,34,False
INV-0001958,2023-11-13,APP-0010,CH-WE-01,27,83,13,34,False
INV-0001959,2023-11-13,APP-0010,CH-ON-01,64,0,20,34,False
INV-0001960,2023-11-13,APP-0010,CH-WS-01,37,0,0,34,False
INV-0001961,2023-11-13,APP-0011,CH-NE-01,150,0,8,44,False
INV-0001962,2023-11-13,APP-0011,CH-MW-01,36,78,17,44,False
INV-0001963,2023-11-13,APP-0011,CH-WE-01,99,0,10,44,False
INV-0001964,2023-11-13,APP-0011,CH-ON-01,137,0,12,44,False
INV-0001965,2023-11-13,APP-0011,CH-WS-01,106,0,2,44,False
INV-0001966,2023-11-13,FTW-0015,CH-NE-01,43,0,19,40,False
INV-0001967,2023-11-13,FTW-0015,CH-MW-01,37,47,4,40,False
INV-0001968,2023-11-13,FTW-0015,CH-WE-01,77,0,22,40,False
INV-0001969,2023-11-13,FTW-0015,CH-ON-01,54,0,21,40,False
INV-0001970,2023-11-13,FTW-0015,CH-WS-01,97,0,10,40,False
INV-0001971,2023-11-13,ACC-0021,CH-NE-01,69,0,11,36,False
INV-0001972,2023-11-13,ACC-0021,CH-MW-01,123,0,0,36,False
INV-0001973,2023-11-13,ACC-0021,CH-WE-01,133,0,9,36,False
INV-0001974,2023-11-13,ACC-0021,CH-ON-01,55,0,10,36,False
INV-0001975,2023-11-13,ACC-0021,CH-WS-01,53,0,0,36,False
INV-0001976,2023-11-13,ACC-0024,CH-NE-01,104,0,14,16,False
INV-0001977,2023-11-13,ACC-0024,CH-MW-01,23,0,7,16,False
INV-0001978,2023-11-13,ACC-0024,CH-WE-01,64,0,5,16,False
INV-0001979,2023-11-13,ACC-0024,CH-ON-01,2,91,25,16,False
INV-0001980,2023-11-13,ACC-0024,CH-WS-01,116,0,0,16,False
INV-0001981,2023-11-13,HOM-0025,CH-NE-01,44,0,7,40,False
INV-0001982,2023-11-13,HOM-0025,CH-MW-01,48,0,4,40,False
INV-0001983,2023-11-13,HOM-0025,CH-WE-01,96,0,15,40,False
INV-0001984,2023-11-13,HOM-0025,CH-ON-01,28,95,18,40,False
INV-0001985,2023-11-13,HOM-0025,CH-WS-01,119,0,5,40,False
INV-0001986,2023-11-13,HOM-0026,CH-NE-01,41,0,9,26,False
INV-0001987,2023-11-13,HOM-0026,CH-MW-01,17,46,10,26,False
INV-0001988,2023-11-13,HOM-0026,CH-WE-01,37,0,16,26,False
INV-0001989,2023-11-13,HOM-0026,CH-ON-01,31,0,27,26,False
INV-0001990,2023-11-13,HOM-0026,CH-WS-01,58,0,7,26,False
INV-0001991,2023-11-13,HOM-0027,CH-NE-01,84,0,6,43,False
INV-0001992,2023-11-13,HOM-0027,CH-MW-01,68,0,11,43,False
INV-0001993,2023-11-13,HOM-0027,CH-WE-01,81,0,16,43,False
INV-0001994,2023-11-13,HOM-0027,CH-ON-01,34,52,17,43,False
INV-0001995,2023-11-13,HOM-0027,CH-WS-01,46,0,2,43,False
INV-0001996,2023-11-13,HOM-0029,CH-NE-01,66,0,12,39,False
INV-0001997,2023-11-13,HOM-0029,CH-MW-01,53,0,11,39,False
INV-0001998,2023-11-13,HOM-0029,CH-WE-01,45,0,13,39,False
INV-0001999,2023-11-13,HOM-0029,CH-ON-01,51,0,17,39,False
INV-0002000,2023-11-13,HOM-0029,CH-WS-01,87,0,8,39,False
INV-0002001,2023-11-13,HOM-0031,CH-NE-01,91,0,9,25,False
INV-0002002,2023-11-13,HOM-0031,CH-MW-01,21,78,11,25,False
INV-0002003,2023-11-13,HOM-0031,CH-WE-01,72,0,19,25,False
INV-0002004,2023-11-13,HOM-0031,CH-ON-01,75,0,13,25,False
INV-0002005,2023-11-13,HOM-0031,CH-WS-01,117,0,0,25,False
INV-0002006,2023-11-13,HOM-0032,CH-NE-01,39,0,11,28,False
INV-0002007,2023-11-13,HOM-0032,CH-MW-01,40,0,12,28,False
INV-0002008,2023-11-13,HOM-0032,CH-WE-01,52,0,21,28,False
INV-0002009,2023-11-13,HOM-0032,CH-ON-01,11,43,26,28,False
INV-0002010,2023-11-13,HOM-0032,CH-WS-01,61,0,0,28,False
INV-0002011,2023-11-20,APP-0001,CH-NE-01,120,0,7,33,False
INV-0002012,2023-11-20,APP-0001,CH-MW-01,95,0,14,33,False
INV-0002013,2023-11-20,APP-0001,CH-WE-01,114,0,13,33,False
INV-0002014,2023-11-20,APP-0001,CH-ON-01,51,0,8,33,False
INV-0002015,2023-11-20,APP-0001,CH-WS-01,91,0,7,33,False
INV-0002016,2023-11-20,APP-0002,CH-NE-01,94,0,22,23,False
INV-0002017,2023-11-20,APP-0002,CH-MW-01,25,0,14,23,False
INV-0002018,2023-11-20,APP-0002,CH-WE-01,87,0,18,23,False
INV-0002019,2023-11-20,APP-0002,CH-ON-01,110,0,8,23,False
INV-0002020,2023-11-20,APP-0002,CH-WS-01,117,0,0,23,False
INV-0002021,2023-11-20,APP-0003,CH-NE-01,61,0,16,15,False
INV-0002022,2023-11-20,APP-0003,CH-MW-01,17,0,8,15,False
INV-0002023,2023-11-20,APP-0003,CH-WE-01,58,0,8,15,False
INV-0002024,2023-11-20,APP-0003,CH-ON-01,50,0,15,15,False
INV-0002025,2023-11-20,APP-0003,CH-WS-01,41,0,7,15,False
INV-0002026,2023-11-20,APP-0005,CH-NE-01,71,0,8,36,False
INV-0002027,2023-11-20,APP-0005,CH-MW-01,40,0,8,36,False
INV-0002028,2023-11-20,APP-0005,CH-WE-01,43,0,25,36,False
INV-0002029,2023-11-20,APP-0005,CH-ON-01,29,78,29,36,False
INV-0002030,2023-11-20,APP-0005,CH-WS-01,141,0,5,36,False
INV-0002031,2023-11-20,APP-0007,CH-NE-01,75,0,10,28,False
INV-0002032,2023-11-20,APP-0007,CH-MW-01,53,0,9,28,False
INV-0002033,2023-11-20,APP-0007,CH-WE-01,25,57,19,28,False
INV-0002034,2023-11-20,APP-0007,CH-ON-01,5,64,24,28,False
INV-0002035,2023-11-20,APP-0007,CH-WS-01,43,0,0,28,False
INV-0002036,2023-11-20,APP-0010,CH-NE-01,102,0,15,34,False
INV-0002037,2023-11-20,APP-0010,CH-MW-01,91,0,12,34,False
INV-0002038,2023-11-20,APP-0010,CH-WE-01,91,0,19,34,False
INV-0002039,2023-11-20,APP-0010,CH-ON-01,37,0,27,34,False
INV-0002040,2023-11-20,APP-0010,CH-WS-01,34,60,3,34,False
INV-0002041,2023-11-20,APP-0011,CH-NE-01,138,0,12,44,False
INV-0002042,2023-11-20,APP-0011,CH-MW-01,100,0,14,44,False
INV-0002043,2023-11-20,APP-0011,CH-WE-01,95,0,4,44,False
INV-0002044,2023-11-20,APP-0011,CH-ON-01,110,0,27,44,False
INV-0002045,2023-11-20,APP-0011,CH-WS-01,106,0,0,44,False
INV-0002046,2023-11-20,FTW-0015,CH-NE-01,30,70,13,40,False
INV-0002047,2023-11-20,FTW-0015,CH-MW-01,71,0,13,40,False
INV-0002048,2023-11-20,FTW-0015,CH-WE-01,63,0,14,40,False
INV-0002049,2023-11-20,FTW-0015,CH-ON-01,43,0,11,40,False
INV-0002050,2023-11-20,FTW-0015,CH-WS-01,88,0,9,40,False
INV-0002051,2023-11-20,ACC-0021,CH-NE-01,52,0,17,36,False
INV-0002052,2023-11-20,ACC-0021,CH-MW-01,116,0,7,36,False
INV-0002053,2023-11-20,ACC-0021,CH-WE-01,107,0,26,36,False
INV-0002054,2023-11-20,ACC-0021,CH-ON-01,47,0,8,36,False
INV-0002055,2023-11-20,ACC-0021,CH-WS-01,49,0,4,36,False
INV-0002056,2023-11-20,ACC-0024,CH-NE-01,92,0,12,16,False
INV-0002057,2023-11-20,ACC-0024,CH-MW-01,16,78,7,16,False
INV-0002058,2023-11-20,ACC-0024,CH-WE-01,54,0,10,16,False
INV-0002059,2023-11-20,ACC-0024,CH-ON-01,66,0,27,16,False
INV-0002060,2023-11-20,ACC-0024,CH-WS-01,114,0,2,16,False
INV-0002061,2023-11-20,HOM-0025,CH-NE-01,33,65,11,40,False
INV-0002062,2023-11-20,HOM-0025,CH-MW-01,37,78,11,40,False
INV-0002063,2023-11-20,HOM-0025,CH-WE-01,86,0,10,40,False
INV-0002064,2023-11-20,HOM-0025,CH-ON-01,105,0,18,40,False
INV-0002065,2023-11-20,HOM-0025,CH-WS-01,112,0,7,40,False
INV-0002066,2023-11-20,HOM-0026,CH-NE-01,27,0,14,26,False
INV-0002067,2023-11-20,HOM-0026,CH-MW-01,50,0,13,26,False
INV-0002068,2023-11-20,HOM-0026,CH-WE-01,14,37,23,26,False
INV-0002069,2023-11-20,HOM-0026,CH-ON-01,20,35,11,26,False
INV-0002070,2023-11-20,HOM-0026,CH-WS-01,58,0,0,26,False
INV-0002071,2023-11-20,HOM-0027,CH-NE-01,71,0,13,43,False
INV-0002072,2023-11-20,HOM-0027,CH-MW-01,65,0,3,43,False
INV-0002073,2023-11-20,HOM-0027,CH-WE-01,71,0,10,43,False
INV-0002074,2023-11-20,HOM-0027,CH-ON-01,67,0,19,43,False
INV-0002075,2023-11-20,HOM-0027,CH-WS-01,46,0,0,43,False
INV-0002076,2023-11-20,HOM-0029,CH-NE-01,53,0,13,39,False
INV-0002077,2023-11-20,HOM-0029,CH-MW-01,44,0,9,39,False
INV-0002078,2023-11-20,HOM-0029,CH-WE-01,28,66,17,39,False
INV-0002079,2023-11-20,HOM-0029,CH-ON-01,32,118,19,39,False
INV-0002080,2023-11-20,HOM-0029,CH-WS-01,87,0,0,39,False
INV-0002081,2023-11-20,HOM-0031,CH-NE-01,85,0,6,25,False
INV-0002082,2023-11-20,HOM-0031,CH-MW-01,93,0,6,25,False
INV-0002083,2023-11-20,HOM-0031,CH-WE-01,66,0,6,25,False
INV-0002084,2023-11-20,HOM-0031,CH-ON-01,68,0,7,25,False
INV-0002085,2023-11-20,HOM-0031,CH-WS-01,115,0,2,25,False
INV-0002086,2023-11-20,HOM-0032,CH-NE-01,34,0,5,28,False
INV-0002087,2023-11-20,HOM-0032,CH-MW-01,29,0,11,28,False
INV-0002088,2023-11-20,HOM-0032,CH-WE-01,52,0,0,28,False
INV-0002089,2023-11-20,HOM-0032,CH-ON-01,40,0,14,28,False
INV-0002090,2023-11-20,HOM-0032,CH-WS-01,53,0,8,28,False
INV-0002091,2023-11-27,APP-0001,CH-NE-01,111,0,9,33,False
INV-0002092,2023-11-27,APP-0001,CH-MW-01,81,0,14,33,False
INV-0002093,2023-11-27,APP-0001,CH-WE-01,87,0,27,33,False
INV-0002094,2023-11-27,APP-0001,CH-ON-01,35,0,16,33,False
INV-0002095,2023-11-27,APP-0001,CH-WS-01,85,0,6,33,False
INV-0002096,2023-11-27,APP-0002,CH-NE-01,76,0,18,23,False
INV-0002097,2023-11-27,APP-0002,CH-MW-01,7,108,18,23,False
INV-0002098,2023-11-27,APP-0002,CH-WE-01,74,0,13,23,False
INV-0002099,2023-11-27,APP-0002,CH-ON-01,93,0,17,23,False
INV-0002100,2023-11-27,APP-0002,CH-WS-01,111,0,6,23,False
INV-0002101,2023-11-27,APP-0003,CH-NE-01,40,0,21,15,False
INV-0002102,2023-11-27,APP-0003,CH-MW-01,17,0,0,15,False
INV-0002103,2023-11-27,APP-0003,CH-WE-01,38,0,20,15,False
INV-0002104,2023-11-27,APP-0003,CH-ON-01,36,0,14,15,False
INV-0002105,2023-11-27,APP-0003,CH-WS-01,39,0,2,15,False
INV-0002106,2023-11-27,APP-0005,CH-NE-01,63,0,8,36,False
INV-0002107,2023-11-27,APP-0005,CH-MW-01,40,0,0,36,False
INV-0002108,2023-11-27,APP-0005,CH-WE-01,30,142,13,36,False
INV-0002109,2023-11-27,APP-0005,CH-ON-01,81,0,26,36,False
INV-0002110,2023-11-27,APP-0005,CH-WS-01,133,0,8,36,False
INV-0002111,2023-11-27,APP-0007,CH-NE-01,71,0,4,28,False
INV-0002112,2023-11-27,APP-0007,CH-MW-01,47,0,6,28,False
INV-0002113,2023-11-27,APP-0007,CH-WE-01,75,0,7,28,False
INV-0002114,2023-11-27,APP-0007,CH-ON-01,58,0,11,28,False
INV-0002115,2023-11-27,APP-0007,CH-WS-01,40,0,3,28,False
INV-0002116,2023-11-27,APP-0010,CH-NE-01,88,0,14,34,False
INV-0002117,2023-11-27,APP-0010,CH-MW-01,85,0,6,34,False
INV-0002118,2023-11-27,APP-0010,CH-WE-01,61,0,30,34,False
INV-0002119,2023-11-27,APP-0010,CH-ON-01,8,74,29,34,False
INV-0002120,2023-11-27,APP-0010,CH-WS-01,88,0,6,34,False
INV-0002121,2023-11-27,APP-0011,CH-NE-01,117,0,21,44,False
INV-0002122,2023-11-27,APP-0011,CH-MW-01,90,0,10,44,False
INV-0002123,2023-11-27,APP-0011,CH-WE-01,76,0,19,44,False
INV-0002124,2023-11-27,APP-0011,CH-ON-01,74,0,36,44,False
INV-0002125,2023-11-27,APP-0011,CH-WS-01,102,0,4,44,False
INV-0002126,2023-11-27,FTW-0015,CH-NE-01,91,0,9,40,False
INV-0002127,2023-11-27,FTW-0015,CH-MW-01,62,0,9,40,False
INV-0002128,2023-11-27,FTW-0015,CH-WE-01,60,0,3,40,False
INV-0002129,2023-11-27,FTW-0015,CH-ON-01,17,73,26,40,False
INV-0002130,2023-11-27,FTW-0015,CH-WS-01,85,0,3,40,False
INV-0002131,2023-11-27,ACC-0021,CH-NE-01,47,0,5,36,False
INV-0002132,2023-11-27,ACC-0021,CH-MW-01,106,0,10,36,False
INV-0002133,2023-11-27,ACC-0021,CH-WE-01,94,0,13,36,False
INV-0002134,2023-11-27,ACC-0021,CH-ON-01,29,125,18,36,False
INV-0002135,2023-11-27,ACC-0021,CH-WS-01,49,0,0,36,False
INV-0002136,2023-11-27,ACC-0024,CH-NE-01,88,0,4,16,False
INV-0002137,2023-11-27,ACC-0024,CH-MW-01,83,0,11,16,False
INV-0002138,2023-11-27,ACC-0024,CH-WE-01,42,0,12,16,False
INV-0002139,2023-11-27,ACC-0024,CH-ON-01,44,0,22,16,False
INV-0002140,2023-11-27,ACC-0024,CH-WS-01,114,0,0,16,False
INV-0002141,2023-11-27,HOM-0025,CH-NE-01,77,0,21,40,False
INV-0002142,2023-11-27,HOM-0025,CH-MW-01,108,0,7,40,False
INV-0002143,2023-11-27,HOM-0025,CH-WE-01,69,0,17,40,False
INV-0002144,2023-11-27,HOM-0025,CH-ON-01,95,0,10,40,False
INV-0002145,2023-11-27,HOM-0025,CH-WS-01,110,0,2,40,False
INV-0002146,2023-11-27,HOM-0026,CH-NE-01,4,64,23,26,False
INV-0002147,2023-11-27,HOM-0026,CH-MW-01,41,0,9,26,False
INV-0002148,2023-11-27,HOM-0026,CH-WE-01,28,0,23,26,False
INV-0002149,2023-11-27,HOM-0026,CH-ON-01,46,0,9,26,False
INV-0002150,2023-11-27,HOM-0026,CH-WS-01,56,0,2,26,False
INV-0002151,2023-11-27,HOM-0027,CH-NE-01,52,0,19,43,False
INV-0002152,2023-11-27,HOM-0027,CH-MW-01,60,0,5,43,False
INV-0002153,2023-11-27,HOM-0027,CH-WE-01,45,0,26,43,False
INV-0002154,2023-11-27,HOM-0027,CH-ON-01,52,0,15,43,False
INV-0002155,2023-11-27,HOM-0027,CH-WS-01,44,0,2,43,False
INV-0002156,2023-11-27,HOM-0029,CH-NE-01,38,125,15,39,False
INV-0002157,2023-11-27,HOM-0029,CH-MW-01,33,108,11,39,False
INV-0002158,2023-11-27,HOM-0029,CH-WE-01,94,0,0,39,False
INV-0002159,2023-11-27,HOM-0029,CH-ON-01,119,0,31,39,False
INV-0002160,2023-11-27,HOM-0029,CH-WS-01,87,0,0,39,False
INV-0002161,2023-11-27,HOM-0031,CH-NE-01,74,0,11,25,False
INV-0002162,2023-11-27,HOM-0031,CH-MW-01,81,0,12,25,False
INV-0002163,2023-11-27,HOM-0031,CH-WE-01,54,0,12,25,False
INV-0002164,2023-11-27,HOM-0031,CH-ON-01,46,0,22,25,False
INV-0002165,2023-11-27,HOM-0031,CH-WS-01,115,0,0,25,False
INV-0002166,2023-11-27,HOM-0032,CH-NE-01,27,45,7,28,False
INV-0002167,2023-11-27,HOM-0032,CH-MW-01,17,39,12,28,False
INV-0002168,2023-11-27,HOM-0032,CH-WE-01,39,0,13,28,False
INV-0002169,2023-11-27,HOM-0032,CH-ON-01,2,40,38,28,False
INV-0002170,2023-11-27,HOM-0032,CH-WS-01,48,0,5,28,False
INV-0002171,2023-12-04,APP-0001,CH-NE-01,100,0,11,33,False
INV-0002172,2023-12-04,APP-0001,CH-MW-01,67,0,14,33,False
INV-0002173,2023-12-04,APP-0001,CH-WE-01,64,0,23,33,False
INV-0002174,2023-12-04,APP-0001,CH-ON-01,14,76,21,33,False
INV-0002175,2023-12-04,APP-0001,CH-WS-01,80,0,5,33,False
INV-0002176,2023-12-04,APP-0002,CH-NE-01,55,0,21,23,False
INV-0002177,2023-12-04,APP-0002,CH-MW-01,96,0,19,23,False
INV-0002178,2023-12-04,APP-0002,CH-WE-01,53,0,21,23,False
INV-0002179,2023-12-04,APP-0002,CH-ON-01,77,0,16,23,False
INV-0002180,2023-12-04,APP-0002,CH-WS-01,107,0,4,23,False
INV-0002181,2023-12-04,APP-0003,CH-NE-01,31,0,9,15,False
INV-0002182,2023-12-04,APP-0003,CH-MW-01,16,0,1,15,False
INV-0002183,2023-12-04,APP-0003,CH-WE-01,32,0,6,15,False
INV-0002184,2023-12-04,APP-0003,CH-ON-01,21,0,15,15,False
INV-0002185,2023-12-04,APP-0003,CH-WS-01,32,0,7,15,False
INV-0002186,2023-12-04,APP-0005,CH-NE-01,53,0,10,36,False
INV-0002187,2023-12-04,APP-0005,CH-MW-01,26,77,14,36,False
INV-0002188,2023-12-04,APP-0005,CH-WE-01,158,0,14,36,False
INV-0002189,2023-12-04,APP-0005,CH-ON-01,63,0,18,36,False
INV-0002190,2023-12-04,APP-0005,CH-WS-01,126,0,7,36,False
INV-0002191,2023-12-04,APP-0007,CH-NE-01,48,0,23,28,False
INV-0002192,2023-12-04,APP-0007,CH-MW-01,29,0,18,28,False
INV-0002193,2023-12-04,APP-0007,CH-WE-01,57,0,18,28,False
INV-0002194,2023-12-04,APP-0007,CH-ON-01,33,0,25,28,False
INV-0002195,2023-12-04,APP-0007,CH-WS-01,40,0,0,28,False
INV-0002196,2023-12-04,APP-0010,CH-NE-01,85,0,3,34,False
INV-0002197,2023-12-04,APP-0010,CH-MW-01,75,0,10,34,False
INV-0002198,2023-12-04,APP-0010,CH-WE-01,50,0,11,34,False
INV-0002199,2023-12-04,APP-0010,CH-ON-01,45,0,37,34,False
INV-0002200,2023-12-04,APP-0010,CH-WS-01,87,0,1,34,False
INV-0002201,2023-12-04,APP-0011,CH-NE-01,96,0,21,44,False
INV-0002202,2023-12-04,APP-0011,CH-MW-01,86,0,4,44,False
INV-0002203,2023-12-04,APP-0011,CH-WE-01,53,0,23,44,False
INV-0002204,2023-12-04,APP-0011,CH-ON-01,48,0,26,44,False
INV-0002205,2023-12-04,APP-0011,CH-WS-01,100,0,2,44,False
INV-0002206,2023-12-04,FTW-0015,CH-NE-01,68,0,23,40,False
INV-0002207,2023-12-04,FTW-0015,CH-MW-01,61,0,1,40,False
INV-0002208,2023-12-04,FTW-0015,CH-WE-01,41,0,19,40,False
INV-0002209,2023-12-04,FTW-0015,CH-ON-01,57,0,33,40,False
INV-0002210,2023-12-04,FTW-0015,CH-WS-01,76,0,9,40,False
INV-0002211,2023-12-04,ACC-0021,CH-NE-01,36,110,11,36,False
INV-0002212,2023-12-04,ACC-0021,CH-MW-01,104,0,2,36,False
INV-0002213,2023-12-04,ACC-0021,CH-WE-01,90,0,4,36,False
INV-0002214,2023-12-04,ACC-0021,CH-ON-01,133,0,21,36,False
INV-0002215,2023-12-04,ACC-0021,CH-WS-01,43,0,6,36,False
INV-0002216,2023-12-04,ACC-0024,CH-NE-01,80,0,8,16,False
INV-0002217,2023-12-04,ACC-0024,CH-MW-01,61,0,22,16,False
INV-0002218,2023-12-04,ACC-0024,CH-WE-01,38,0,4,16,False
INV-0002219,2023-12-04,ACC-0024,CH-ON-01,26,0,18,16,False
INV-0002220,2023-12-04,ACC-0024,CH-WS-01,108,0,6,16,False
INV-0002221,2023-12-04,HOM-0025,CH-NE-01,60,0,17,40,False
INV-0002222,2023-12-04,HOM-0025,CH-MW-01,100,0,8,40,False
INV-0002223,2023-12-04,HOM-0025,CH-WE-01,65,0,4,40,False
INV-0002224,2023-12-04,HOM-0025,CH-ON-01,66,0,29,40,False
INV-0002225,2023-12-04,HOM-0025,CH-WS-01,110,0,0,40,False
INV-0002226,2023-12-04,HOM-0026,CH-NE-01,62,0,6,26,False
INV-0002227,2023-12-04,HOM-0026,CH-MW-01,38,0,3,26,False
INV-0002228,2023-12-04,HOM-0026,CH-WE-01,10,59,18,26,False
INV-0002229,2023-12-04,HOM-0026,CH-ON-01,10,44,36,26,False
INV-0002230,2023-12-04,HOM-0026,CH-WS-01,48,0,8,26,False
INV-0002231,2023-12-04,HOM-0027,CH-NE-01,36,85,16,43,False
INV-0002232,2023-12-04,HOM-0027,CH-MW-01,39,84,21,43,False
INV-0002233,2023-12-04,HOM-0027,CH-WE-01,22,78,23,43,False
INV-0002234,2023-12-04,HOM-0027,CH-ON-01,44,0,8,43,False
INV-0002235,2023-12-04,HOM-0027,CH-WS-01,39,52,5,43,False
INV-0002236,2023-12-04,HOM-0029,CH-NE-01,148,0,15,39,False
INV-0002237,2023-12-04,HOM-0029,CH-MW-01,128,0,13,39,False
INV-0002238,2023-12-04,HOM-0029,CH-WE-01,74,0,20,39,False
INV-0002239,2023-12-04,HOM-0029,CH-ON-01,102,0,17,39,False
INV-0002240,2023-12-04,HOM-0029,CH-WS-01,81,0,6,39,False
INV-0002241,2023-12-04,HOM-0031,CH-NE-01,64,0,10,25,False
INV-0002242,2023-12-04,HOM-0031,CH-MW-01,73,0,8,25,False
INV-0002243,2023-12-04,HOM-0031,CH-WE-01,36,0,18,25,False
INV-0002244,2023-12-04,HOM-0031,CH-ON-01,37,0,9,25,False
INV-0002245,2023-12-04,HOM-0031,CH-WS-01,114,0,1,25,False
INV-0002246,2023-12-04,HOM-0032,CH-NE-01,59,0,13,28,False
INV-0002247,2023-12-04,HOM-0032,CH-MW-01,41,0,15,28,False
INV-0002248,2023-12-04,HOM-0032,CH-WE-01,22,50,17,28,False
INV-0002249,2023-12-04,HOM-0032,CH-ON-01,22,67,20,28,False
INV-0002250,2023-12-04,HOM-0032,CH-WS-01,42,0,6,28,False
INV-0002251,2023-12-11,APP-0001,CH-NE-01,91,0,9,33,False
INV-0002252,2023-12-11,APP-0001,CH-MW-01,54,0,13,33,False
INV-0002253,2023-12-11,APP-0001,CH-WE-01,37,0,27,33,False
INV-0002254,2023-12-11,APP-0001,CH-ON-01,82,0,8,33,False
INV-0002255,2023-12-11,APP-0001,CH-WS-01,76,0,4,33,False
INV-0002256,2023-12-11,APP-0002,CH-NE-01,48,0,7,23,False
INV-0002257,2023-12-11,APP-0002,CH-MW-01,81,0,15,23,False
INV-0002258,2023-12-11,APP-0002,CH-WE-01,36,0,17,23,False
INV-0002259,2023-12-11,APP-0002,CH-ON-01,59,0,18,23,False
INV-0002260,2023-12-11,APP-0002,CH-WS-01,104,0,3,23,False
INV-0002261,2023-12-11,APP-0003,CH-NE-01,12,63,19,15,False
INV-0002262,2023-12-11,APP-0003,CH-MW-01,8,74,8,15,False
INV-0002263,2023-12-11,APP-0003,CH-WE-01,26,0,6,15,False
INV-0002264,2023-12-11,APP-0003,CH-ON-01,3,74,18,15,False
INV-0002265,2023-12-11,APP-0003,CH-WS-01,29,0,3,15,False
INV-0002266,2023-12-11,APP-0005,CH-NE-01,46,0,7,36,False
INV-0002267,2023-12-11,APP-0005,CH-MW-01,102,0,1,36,False
INV-0002268,2023-12-11,APP-0005,CH-WE-01,145,0,13,36,False
INV-0002269,2023-12-11,APP-0005,CH-ON-01,47,0,16,36,False
INV-0002270,2023-12-11,APP-0005,CH-WS-01,126,0,0,36,False
INV-0002271,2023-12-11,APP-0007,CH-NE-01,40,0,8,28,False
INV-0002272,2023-12-11,APP-0007,CH-MW-01,29,0,0,28,False
INV-0002273,2023-12-11,APP-0007,CH-WE-01,37,0,20,28,False
INV-0002274,2023-12-11,APP-0007,CH-ON-01,15,91,18,28,False
INV-0002275,2023-12-11,APP-0007,CH-WS-01,37,0,3,28,False
INV-0002276,2023-12-11,APP-0010,CH-NE-01,71,0,14,34,False
INV-0002277,2023-12-11,APP-0010,CH-MW-01,68,0,7,34,False
INV-0002278,2023-12-11,APP-0010,CH-WE-01,31,62,19,34,False
INV-0002279,2023-12-11,APP-0010,CH-ON-01,20,93,25,34,False
INV-0002280,2023-12-11,APP-0010,CH-WS-01,77,0,10,34,False
INV-0002281,2023-12-11,APP-0011,CH-NE-01,89,0,7,44,False
INV-0002282,2023-12-11,APP-0011,CH-MW-01,70,0,16,44,False
INV-0002283,2023-12-11,APP-0011,CH-WE-01,46,0,7,44,False
INV-0002284,2023-12-11,APP-0011,CH-ON-01,28,114,20,44,False
INV-0002285,2023-12-11,APP-0011,CH-WS-01,100,0,0,44,False
INV-0002286,2023-12-11,FTW-0015,CH-NE-01,59,0,9,40,False
INV-0002287,2023-12-11,FTW-0015,CH-MW-01,46,0,15,40,False
INV-0002288,2023-12-11,FTW-0015,CH-WE-01,33,66,8,40,False
INV-0002289,2023-12-11,FTW-0015,CH-ON-01,38,64,19,40,False
INV-0002290,2023-12-11,FTW-0015,CH-WS-01,76,0,0,40,False
INV-0002291,2023-12-11,ACC-0017,CH-NE-01,109,0,8,31,False
INV-0002292,2023-12-11,ACC-0017,CH-MW-01,105,0,12,31,False
INV-0002293,2023-12-11,ACC-0017,CH-WE-01,107,0,10,31,False
INV-0002294,2023-12-11,ACC-0017,CH-ON-01,104,0,13,31,False
INV-0002295,2023-12-11,ACC-0017,CH-WS-01,115,0,2,31,False
INV-0002296,2023-12-11,ACC-0021,CH-NE-01,135,0,11,36,False
INV-0002297,2023-12-11,ACC-0021,CH-MW-01,85,0,19,36,False
INV-0002298,2023-12-11,ACC-0021,CH-WE-01,67,0,23,36,False
INV-0002299,2023-12-11,ACC-0021,CH-ON-01,122,0,11,36,False
INV-0002300,2023-12-11,ACC-0021,CH-WS-01,43,0,0,36,False
INV-0002301,2023-12-11,ACC-0024,CH-NE-01,66,0,14,16,False
INV-0002302,2023-12-11,ACC-0024,CH-MW-01,50,0,11,16,False
INV-0002303,2023-12-11,ACC-0024,CH-WE-01,24,0,14,16,False
INV-0002304,2023-12-11,ACC-0024,CH-ON-01,0,105,31,16,True
INV-0002305,2023-12-11,ACC-0024,CH-WS-01,101,0,7,16,False
INV-0002306,2023-12-11,HOM-0025,CH-NE-01,46,0,14,40,False
INV-0002307,2023-12-11,HOM-0025,CH-MW-01,86,0,14,40,False
INV-0002308,2023-12-11,HOM-0025,CH-WE-01,35,77,30,40,False
INV-0002309,2023-12-11,HOM-0025,CH-ON-01,51,0,15,40,False
INV-0002310,2023-12-11,HOM-0025,CH-WS-01,110,0,0,40,False
INV-0002311,2023-12-11,HOM-0026,CH-NE-01,33,0,29,26,False
INV-0002312,2023-12-11,HOM-0026,CH-MW-01,33,0,5,26,False
INV-0002313,2023-12-11,HOM-0026,CH-WE-01,59,0,10,26,False
INV-0002314,2023-12-11,HOM-0026,CH-ON-01,25,43,29,26,False
INV-0002315,2023-12-11,HOM-0026,CH-WS-01,47,0,1,26,False
INV-0002316,2023-12-11,HOM-0027,CH-NE-01,113,0,8,43,False
INV-0002317,2023-12-11,HOM-0027,CH-MW-01,115,0,8,43,False
INV-0002318,2023-12-11,HOM-0027,CH-WE-01,82,0,18,43,False
INV-0002319,2023-12-11,HOM-0027,CH-ON-01,12,64,32,43,False
INV-0002320,2023-12-11,HOM-0027,CH-WS-01,91,0,0,43,False
INV-0002321,2023-12-11,HOM-0029,CH-NE-01,127,0,21,39,False
INV-0002322,2023-12-11,HOM-0029,CH-MW-01,117,0,11,39,False
INV-0002323,2023-12-11,HOM-0029,CH-WE-01,58,0,16,39,False
INV-0002324,2023-12-11,HOM-0029,CH-ON-01,59,0,43,39,False
INV-0002325,2023-12-11,HOM-0029,CH-WS-01,79,0,2,39,False
INV-0002326,2023-12-11,HOM-0031,CH-NE-01,60,0,4,25,False
INV-0002327,2023-12-11,HOM-0031,CH-MW-01,62,0,11,25,False
INV-0002328,2023-12-11,HOM-0031,CH-WE-01,19,60,17,25,False
INV-0002329,2023-12-11,HOM-0031,CH-ON-01,15,77,22,25,False
INV-0002330,2023-12-11,HOM-0031,CH-WS-01,106,0,8,25,False
INV-0002331,2023-12-11,HOM-0032,CH-NE-01,34,0,25,28,False
INV-0002332,2023-12-11,HOM-0032,CH-MW-01,36,0,5,28,False
INV-0002333,2023-12-11,HOM-0032,CH-WE-01,68,0,4,28,False
INV-0002334,2023-12-11,HOM-0032,CH-ON-01,71,0,18,28,False
INV-0002335,2023-12-11,HOM-0032,CH-WS-01,37,0,5,28,False
INV-0002336,2023-12-18,APP-0001,CH-NE-01,71,0,20,33,False
INV-0002337,2023-12-18,APP-0001,CH-MW-01,40,0,14,33,False
INV-0002338,2023-12-18,APP-0001,CH-WE-01,15,88,22,33,False
INV-0002339,2023-12-18,APP-0001,CH-ON-01,72,0,10,33,False
INV-0002340,2023-12-18,APP-0001,CH-WS-01,73,0,3,33,False
INV-0002341,2023-12-18,APP-0002,CH-NE-01,31,0,17,23,False
INV-0002342,2023-12-18,APP-0002,CH-MW-01,71,0,10,23,False
INV-0002343,2023-12-18,APP-0002,CH-WE-01,15,100,21,23,False
INV-0002344,2023-12-18,APP-0002,CH-ON-01,47,0,12,23,False
INV-0002345,2023-12-18,APP-0002,CH-WS-01,98,0,6,23,False
INV-0002346,2023-12-18,APP-0003,CH-NE-01,64,0,11,15,False
INV-0002347,2023-12-18,APP-0003,CH-MW-01,73,0,9,15,False
INV-0002348,2023-12-18,APP-0003,CH-WE-01,8,38,18,15,False
INV-0002349,2023-12-18,APP-0003,CH-ON-01,58,0,19,15,False
INV-0002350,2023-12-18,APP-0003,CH-WS-01,28,0,1,15,False
INV-0002351,2023-12-18,APP-0005,CH-NE-01,31,104,15,36,False
INV-0002352,2023-12-18,APP-0005,CH-MW-01,92,0,10,36,False
INV-0002353,2023-12-18,APP-0005,CH-WE-01,133,0,12,36,False
INV-0002354,2023-12-18,APP-0005,CH-ON-01,29,100,18,36,False
INV-0002355,2023-12-18,APP-0005,CH-WS-01,124,0,2,36,False
INV-0002356,2023-12-18,APP-0007,CH-NE-01,33,0,7,28,False
INV-0002357,2023-12-18,APP-0007,CH-MW-01,24,67,5,28,False
INV-0002358,2023-12-18,APP-0007,CH-WE-01,16,51,21,28,False
INV-0002359,2023-12-18,APP-0007,CH-ON-01,101,0,5,28,False
INV-0002360,2023-12-18,APP-0007,CH-WS-01,34,0,3,28,False
INV-0002361,2023-12-18,APP-0010,CH-NE-01,52,0,19,34,False
INV-0002362,2023-12-18,APP-0010,CH-MW-01,55,0,13,34,False
INV-0002363,2023-12-18,APP-0010,CH-WE-01,66,0,27,34,False
INV-0002364,2023-12-18,APP-0010,CH-ON-01,86,0,27,34,False
INV-0002365,2023-12-18,APP-0010,CH-WS-01,77,0,0,34,False
INV-0002366,2023-12-18,APP-0011,CH-NE-01,75,0,14,44,False
INV-0002367,2023-12-18,APP-0011,CH-MW-01,55,0,15,44,False
INV-0002368,2023-12-18,APP-0011,CH-WE-01,17,94,29,44,False
INV-0002369,2023-12-18,APP-0011,CH-ON-01,131,0,11,44,False
INV-0002370,2023-12-18,APP-0011,CH-WS-01,98,0,2,44,False
INV-0002371,2023-12-18,FTW-0015,CH-NE-01,38,81,21,40,False
INV-0002372,2023-12-18,FTW-0015,CH-MW-01,40,71,6,40,False
INV-0002373,2023-12-18,FTW-0015,CH-WE-01,87,0,12,40,False
INV-0002374,2023-12-18,FTW-0015,CH-ON-01,71,0,31,40,False
INV-0002375,2023-12-18,FTW-0015,CH-WS-01,72,0,4,40,False
INV-0002376,2023-12-18,ACC-0017,CH-NE-01,99,0,10,31,False
INV-0002377,2023-12-18,ACC-0017,CH-MW-01,87,0,18,31,False
INV-0002378,2023-12-18,ACC-0017,CH-WE-01,104,0,3,31,False
INV-0002379,2023-12-18,ACC-0017,CH-ON-01,103,0,1,31,False
INV-0002380,2023-12-18,ACC-0017,CH-WS-01,112,0,3,31,False
INV-0002381,2023-12-18,ACC-0021,CH-NE-01,122,0,13,36,False
INV-0002382,2023-12-18,ACC-0021,CH-MW-01,66,0,19,36,False
INV-0002383,2023-12-18,ACC-0021,CH-WE-01,43,0,24,36,False
INV-0002384,2023-12-18,ACC-0021,CH-ON-01,96,0,26,36,False
INV-0002385,2023-12-18,ACC-0021,CH-WS-01,29,72,14,36,False
INV-0002386,2023-12-18,ACC-0024,CH-NE-01,53,0,13,16,False
INV-0002387,2023-12-18,ACC-0024,CH-MW-01,27,0,23,16,False
INV-0002388,2023-12-18,ACC-0024,CH-WE-01,0,113,28,16,True
INV-0002389,2023-12-18,ACC-0024,CH-ON-01,86,0,19,16,False
INV-0002390,2023-12-18,ACC-0024,CH-WS-01,95,0,6,16,False
INV-0002391,2023-12-18,HOM-0025,CH-NE-01,24,51,22,40,False
INV-0002392,2023-12-18,HOM-0025,CH-MW-01,75,0,11,40,False
INV-0002393,2023-12-18,HOM-0025,CH-WE-01,96,0,16,40,False
INV-0002394,2023-12-18,HOM-0025,CH-ON-01,31,52,20,40,False
INV-0002395,2023-12-18,HOM-0025,CH-WS-01,110,0,0,40,False
INV-0002396,2023-12-18,HOM-0026,CH-NE-01,12,53,21,26,False
INV-0002397,2023-12-18,HOM-0026,CH-MW-01,20,50,13,26,False
INV-0002398,2023-12-18,HOM-0026,CH-WE-01,50,0,9,26,False
INV-0002399,2023-12-18,HOM-0026,CH-ON-01,30,0,38,26,False
INV-0002400,2023-12-18,HOM-0026,CH-WS-01,44,0,3,26,False
INV-0002401,2023-12-18,HOM-0027,CH-NE-01,111,0,2,43,False
INV-0002402,2023-12-18,HOM-0027,CH-MW-01,109,0,6,43,False
INV-0002403,2023-12-18,HOM-0027,CH-WE-01,69,0,13,43,False
INV-0002404,2023-12-18,HOM-0027,CH-ON-01,64,0,12,43,False
INV-0002405,2023-12-18,HOM-0027,CH-WS-01,88,0,3,43,False
INV-0002406,2023-12-18,HOM-0029,CH-NE-01,115,0,12,39,False
INV-0002407,2023-12-18,HOM-0029,CH-MW-01,115,0,2,39,False
INV-0002408,2023-12-18,HOM-0029,CH-WE-01,49,0,9,39,False
INV-0002409,2023-12-18,HOM-0029,CH-ON-01,42,0,17,39,False
INV-0002410,2023-12-18,HOM-0029,CH-WS-01,79,0,0,39,False
INV-0002411,2023-12-18,HOM-0031,CH-NE-01,53,0,7,25,False
INV-0002412,2023-12-18,HOM-0031,CH-MW-01,55,0,7,25,False
INV-0002413,2023-12-18,HOM-0031,CH-WE-01,62,0,17,25,False
INV-0002414,2023-12-18,HOM-0031,CH-ON-01,71,0,21,25,False
INV-0002415,2023-12-18,HOM-0031,CH-WS-01,106,0,0,25,False
INV-0002416,2023-12-18,HOM-0032,CH-NE-01,21,68,13,28,False
INV-0002417,2023-12-18,HOM-0032,CH-MW-01,27,55,9,28,False
INV-0002418,2023-12-18,HOM-0032,CH-WE-01,44,0,24,28,False
INV-0002419,2023-12-18,HOM-0032,CH-ON-01,45,0,26,28,False
INV-0002420,2023-12-18,HOM-0032,CH-WS-01,30,0,7,28,False
INV-0002421,2023-12-25,APP-0001,CH-NE-01,59,0,12,33,False
INV-0002422,2023-12-25,APP-0001,CH-MW-01,21,95,19,33,False
INV-0002423,2023-12-25,APP-0001,CH-WE-01,92,0,11,33,False
INV-0002424,2023-12-25,APP-0001,CH-ON-01,55,0,17,33,False
INV-0002425,2023-12-25,APP-0001,CH-WS-01,69,0,4,33,False
INV-0002426,2023-12-25,APP-0002,CH-NE-01,21,113,10,23,False
INV-0002427,2023-12-25,APP-0002,CH-MW-01,66,0,5,23,False
INV-0002428,2023-12-25,APP-0002,CH-WE-01,110,0,5,23,False
INV-0002429,2023-12-25,APP-0002,CH-ON-01,26,0,21,23,False
INV-0002430,2023-12-25,APP-0002,CH-WS-01,91,0,7,23,False
INV-0002431,2023-12-25,APP-0003,CH-NE-01,41,0,23,15,False
INV-0002432,2023-12-25,APP-0003,CH-MW-01,70,0,3,15,False
INV-0002433,2023-12-25,APP-0003,CH-WE-01,36,0,10,15,False
INV-0002434,2023-12-25,APP-0003,CH-ON-01,41,0,17,15,False
INV-0002435,2023-12-25,APP-0003,CH-WS-01,28,0,0,15,False
INV-0002436,2023-12-25,APP-0005,CH-NE-01,123,0,12,36,False
INV-0002437,2023-12-25,APP-0005,CH-MW-01,86,0,6,36,False
INV-0002438,2023-12-25,APP-0005,CH-WE-01,118,0,15,36,False
INV-0002439,2023-12-25,APP-0005,CH-ON-01,108,0,21,36,False
INV-0002440,2023-12-25,APP-0005,CH-WS-01,119,0,5,36,False
INV-0002441,2023-12-25,APP-0007,CH-NE-01,22,62,11,28,False
INV-0002442,2023-12-25,APP-0007,CH-MW-01,88,0,3,28,False
INV-0002443,2023-12-25,APP-0007,CH-WE-01,40,0,27,28,False
INV-0002444,2023-12-25,APP-0007,CH-ON-01,74,0,27,28,False
INV-0002445,2023-12-25,APP-0007,CH-WS-01,26,71,8,28,False
INV-0002446,2023-12-25,APP-0008,CH-NE-01,116,0,15,17,False
INV-0002447,2023-12-25,APP-0008,CH-MW-01,120,0,11,17,False
INV-0002448,2023-12-25,APP-0008,CH-WE-01,116,0,15,17,False
INV-0002449,2023-12-25,APP-0008,CH-ON-01,126,0,5,17,False
INV-0002450,2023-12-25,APP-0008,CH-WS-01,131,0,0,17,False
INV-0002451,2023-12-25,APP-0010,CH-NE-01,30,85,22,34,False
INV-0002452,2023-12-25,APP-0010,CH-MW-01,33,109,22,34,False
INV-0002453,2023-12-25,APP-0010,CH-WE-01,48,0,18,34,False
INV-0002454,2023-12-25,APP-0010,CH-ON-01,80,0,6,34,False
INV-0002455,2023-12-25,APP-0010,CH-WS-01,77,0,0,34,False
INV-0002456,2023-12-25,APP-0011,CH-NE-01,59,0,16,44,False
INV-0002457,2023-12-25,APP-0011,CH-MW-01,47,0,8,44,False
INV-0002458,2023-12-25,APP-0011,CH-WE-01,87,0,24,44,False
INV-0002459,2023-12-25,APP-0011,CH-ON-01,114,0,17,44,False
INV-0002460,2023-12-25,APP-0011,CH-WS-01,95,0,3,44,False
INV-0002461,2023-12-25,FTW-0015,CH-NE-01,99,0,20,40,False
INV-0002462,2023-12-25,FTW-0015,CH-MW-01,106,0,5,40,False
INV-0002463,2023-12-25,FTW-0015,CH-WE-01,87,0,0,40,False
INV-0002464,2023-12-25,FTW-0015,CH-ON-01,61,0,10,40,False
INV-0002465,2023-12-25,FTW-0015,CH-WS-01,68,0,4,40,False
INV-0002466,2023-12-25,ACC-0017,CH-NE-01,86,0,13,31,False
INV-0002467,2023-12-25,ACC-0017,CH-MW-01,77,0,10,31,False
INV-0002468,2023-12-25,ACC-0017,CH-WE-01,84,0,20,31,False
INV-0002469,2023-12-25,ACC-0017,CH-ON-01,95,0,8,31,False
INV-0002470,2023-12-25,ACC-0017,CH-WS-01,112,0,0,31,False
INV-0002471,2023-12-25,ACC-0021,CH-NE-01,110,0,12,36,False
INV-0002472,2023-12-25,ACC-0021,CH-MW-01,53,0,13,36,False
INV-0002473,2023-12-25,ACC-0021,CH-WE-01,26,90,17,36,False
INV-0002474,2023-12-25,ACC-0021,CH-ON-01,76,0,20,36,False
INV-0002475,2023-12-25,ACC-0021,CH-WS-01,101,0,0,36,False
INV-0002476,2023-12-25,ACC-0024,CH-NE-01,43,0,10,16,False
INV-0002477,2023-12-25,ACC-0024,CH-MW-01,18,0,9,16,False
INV-0002478,2023-12-25,ACC-0024,CH-WE-01,104,0,9,16,False
INV-0002479,2023-12-25,ACC-0024,CH-ON-01,53,0,33,16,False
INV-0002480,2023-12-25,ACC-0024,CH-WS-01,93,0,2,16,False
INV-0002481,2023-12-25,HOM-0025,CH-NE-01,47,0,28,40,False
INV-0002482,2023-12-25,HOM-0025,CH-MW-01,71,0,4,40,False
INV-0002483,2023-12-25,HOM-0025,CH-WE-01,81,0,15,40,False
INV-0002484,2023-12-25,HOM-0025,CH-ON-01,52,0,31,40,False
INV-0002485,2023-12-25,HOM-0025,CH-WS-01,106,0,4,40,False
INV-0002486,2023-12-25,HOM-0026,CH-NE-01,55,0,10,26,False
INV-0002487,2023-12-25,HOM-0026,CH-MW-01,65,0,5,26,False
INV-0002488,2023-12-25,HOM-0026,CH-WE-01,26,53,24,26,False
INV-0002489,2023-12-25,HOM-0026,CH-ON-01,18,38,12,26,False
INV-0002490,2023-12-25,HOM-0026,CH-WS-01,40,0,4,26,False
INV-0002491,2023-12-25,HOM-0027,CH-NE-01,85,0,26,43,False
INV-0002492,2023-12-25,HOM-0027,CH-MW-01,105,0,4,43,False
INV-0002493,2023-12-25,HOM-0027,CH-WE-01,49,0,20,43,False
INV-0002494,2023-12-25,HOM-0027,CH-ON-01,30,69,34,43,False
INV-0002495,2023-12-25,HOM-0027,CH-WS-01,85,0,3,43,False
INV-0002496,2023-12-25,HOM-0029,CH-NE-01,100,0,15,39,False
INV-0002497,2023-12-25,HOM-0029,CH-MW-01,102,0,13,39,False
INV-0002498,2023-12-25,HOM-0029,CH-WE-01,33,105,16,39,False
INV-0002499,2023-12-25,HOM-0029,CH-ON-01,34,77,8,39,False
INV-0002500,2023-12-25,HOM-0029,CH-WS-01,79,0,0,39,False
INV-0002501,2023-12-25,HOM-0031,CH-NE-01,38,0,15,25,False
INV-0002502,2023-12-25,HOM-0031,CH-MW-01,37,0,18,25,False
INV-0002503,2023-12-25,HOM-0031,CH-WE-01,46,0,16,25,False
INV-0002504,2023-12-25,HOM-0031,CH-ON-01,42,0,29,25,False
INV-0002505,2023-12-25,HOM-0031,CH-WS-01,106,0,0,25,False
INV-0002506,2023-12-25,HOM-0032,CH-NE-01,73,0,16,28,False
INV-0002507,2023-12-25,HOM-0032,CH-MW-01,75,0,7,28,False
INV-0002508,2023-12-25,HOM-0032,CH-WE-01,38,0,6,28,False
INV-0002509,2023-12-25,HOM-0032,CH-ON-01,32,0,13,28,False
INV-0002510,2023-12-25,HOM-0032,CH-WS-01,24,43,6,28,False
INV-0002511,2024-01-01,APP-0001,CH-NE-01,48,0,11,33,False
INV-0002512,2024-01-01,APP-0001,CH-MW-01,116,0,0,33,False
INV-0002513,2024-01-01,APP-0001,CH-WE-01,82,0,10,33,False
INV-0002514,2024-01-01,APP-0001,CH-ON-01,50,0,5,33,False
INV-0002515,2024-01-01,APP-0001,CH-WS-01,69,0,0,33,False
INV-0002516,2024-01-01,APP-0002,CH-NE-01,130,0,4,23,False
INV-0002517,2024-01-01,APP-0002,CH-MW-01,61,0,5,23,False
INV-0002518,2024-01-01,APP-0002,CH-WE-01,100,0,10,23,False
INV-0002519,2024-01-01,APP-0002,CH-ON-01,6,79,20,23,False
INV-0002520,2024-01-01,APP-0002,CH-WS-01,89,0,2,23,False
INV-0002521,2024-01-01,APP-0003,CH-NE-01,34,0,7,15,False
INV-0002522,2024-01-01,APP-0003,CH-MW-01,61,0,9,15,False
INV-0002523,2024-01-01,APP-0003,CH-WE-01,33,0,3,15,False
INV-0002524,2024-01-01,APP-0003,CH-ON-01,36,0,5,15,False
INV-0002525,2024-01-01,APP-0003,CH-WS-01,27,0,1,15,False
INV-0002526,2024-01-01,APP-0005,CH-NE-01,118,0,5,36,False
INV-0002527,2024-01-01,APP-0005,CH-MW-01,82,0,4,36,False
INV-0002528,2024-01-01,APP-0005,CH-WE-01,106,0,12,36,False
INV-0002529,2024-01-01,APP-0005,CH-ON-01,101,0,7,36,False
INV-0002530,2024-01-01,APP-0005,CH-WS-01,113,0,6,36,False
INV-0002531,2024-01-01,APP-0007,CH-NE-01,77,0,7,28,False
INV-0002532,2024-01-01,APP-0007,CH-MW-01,78,0,10,28,False
INV-0002533,2024-01-01,APP-0007,CH-WE-01,24,47,16,28,False
INV-0002534,2024-01-01,APP-0007,CH-ON-01,68,0,6,28,False
INV-0002535,2024-01-01,APP-0007,CH-WS-01,94,0,3,28,False
INV-0002536,2024-01-01,APP-0008,CH-NE-01,108,0,8,17,False
INV-0002537,2024-01-01,APP-0008,CH-MW-01,113,0,7,17,False
INV-0002538,2024-01-01,APP-0008,CH-WE-01,112,0,4,17,False
INV-0002539,2024-01-01,APP-0008,CH-ON-01,118,0,8,17,False
INV-0002540,2024-01-01,APP-0008,CH-WS-01,130,0,1,17,False
INV-0002541,2024-01-01,APP-0010,CH-NE-01,108,0,7,34,False
INV-0002542,2024-01-01,APP-0010,CH-MW-01,132,0,10,34,False
INV-0002543,2024-01-01,APP-0010,CH-WE-01,42,0,6,34,False
INV-0002544,2024-01-01,APP-0010,CH-ON-01,74,0,6,34,False
INV-0002545,2024-01-01,APP-0010,CH-WS-01,77,0,0,34,False
INV-0002546,2024-01-01,APP-0011,CH-NE-01,45,0,14,44,False
INV-0002547,2024-01-01,APP-0011,CH-MW-01,38,115,9,44,False
INV-0002548,2024-01-01,APP-0011,CH-WE-01,73,0,14,44,False
INV-0002549,2024-01-01,APP-0011,CH-ON-01,96,0,18,44,False
INV-0002550,2024-01-01,APP-0011,CH-WS-01,95,0,0,44,False
INV-0002551,2024-01-01,FTW-0015,CH-NE-01,90,0,9,40,False
INV-0002552,2024-01-01,FTW-0015,CH-MW-01,104,0,2,40,False
INV-0002553,2024-01-01,FTW-0015,CH-WE-01,82,0,5,40,False
INV-0002554,2024-01-01,FTW-0015,CH-ON-01,43,0,18,40,False
INV-0002555,2024-01-01,FTW-0015,CH-WS-01,65,0,3,40,False
INV-0002556,2024-01-01,ACC-0017,CH-NE-01,78,0,8,31,False
INV-0002557,2024-01-01,ACC-0017,CH-MW-01,76,0,1,31,False
INV-0002558,2024-01-01,ACC-0017,CH-WE-01,74,0,10,31,False
INV-0002559,2024-01-01,ACC-0017,CH-ON-01,76,0,19,31,False
INV-0002560,2024-01-01,ACC-0017,CH-WS-01,105,0,7,31,False
INV-0002561,2024-01-01,ACC-0021,CH-NE-01,107,0,3,36,False
INV-0002562,2024-01-01,ACC-0021,CH-MW-01,48,0,5,36,False
INV-0002563,2024-01-01,ACC-0021,CH-WE-01,105,0,11,36,False
INV-0002564,2024-01-01,ACC-0021,CH-ON-01,66,0,10,36,False
INV-0002565,2024-01-01,ACC-0021,CH-WS-01,98,0,3,36,False
INV-0002566,2024-01-01,ACC-0024,CH-NE-01,42,0,1,16,False
INV-0002567,2024-01-01,ACC-0024,CH-MW-01,16,121,2,16,False
INV-0002568,2024-01-01,ACC-0024,CH-WE-01,91,0,13,16,False
INV-0002569,2024-01-01,ACC-0024,CH-ON-01,44,0,9,16,False
INV-0002570,2024-01-01,ACC-0024,CH-WS-01,90,0,3,16,False
INV-0002571,2024-01-01,HOM-0025,CH-NE-01,44,0,3,40,False
INV-0002572,2024-01-01,HOM-0025,CH-MW-01,70,0,1,40,False
INV-0002573,2024-01-01,HOM-0025,CH-WE-01,63,0,18,40,False
INV-0002574,2024-01-01,HOM-0025,CH-ON-01,37,97,15,40,False
INV-0002575,2024-01-01,HOM-0025,CH-WS-01,103,0,3,40,False
INV-0002576,2024-01-01,HOM-0026,CH-NE-01,50,0,5,26,False
INV-0002577,2024-01-01,HOM-0026,CH-MW-01,59,0,6,26,False
INV-0002578,2024-01-01,HOM-0026,CH-WE-01,69,0,10,26,False
INV-0002579,2024-01-01,HOM-0026,CH-ON-01,36,0,20,26,False
INV-0002580,2024-01-01,HOM-0026,CH-WS-01,40,0,0,26,False
INV-0002581,2024-01-01,HOM-0027,CH-NE-01,80,0,5,43,False
INV-0002582,2024-01-01,HOM-0027,CH-MW-01,98,0,7,43,False
INV-0002583,2024-01-01,HOM-0027,CH-WE-01,45,0,4,43,False
INV-0002584,2024-01-01,HOM-0027,CH-ON-01,78,0,21,43,False
INV-0002585,2024-01-01,HOM-0027,CH-WS-01,85,0,0,43,False
INV-0002586,2024-01-01,HOM-0029,CH-NE-01,88,0,12,39,False
INV-0002587,2024-01-01,HOM-0029,CH-MW-01,102,0,0,39,False
INV-0002588,2024-01-01,HOM-0029,CH-WE-01,127,0,11,39,False
INV-0002589,2024-01-01,HOM-0029,CH-ON-01,101,0,10,39,False
INV-0002590,2024-01-01,HOM-0029,CH-WS-01,77,0,2,39,False
INV-0002591,2024-01-01,HOM-0031,CH-NE-01,26,0,12,25,False
INV-0002592,2024-01-01,HOM-0031,CH-MW-01,27,0,10,25,False
INV-0002593,2024-01-01,HOM-0031,CH-WE-01,33,0,13,25,False
INV-0002594,2024-01-01,HOM-0031,CH-ON-01,29,0,13,25,False
INV-0002595,2024-01-01,HOM-0031,CH-WS-01,106,0,0,25,False
INV-0002596,2024-01-01,HOM-0032,CH-NE-01,71,0,2,28,False
INV-0002597,2024-01-01,HOM-0032,CH-MW-01,72,0,3,28,False
INV-0002598,2024-01-01,HOM-0032,CH-WE-01,36,0,2,28,False
INV-0002599,2024-01-01,HOM-0032,CH-ON-01,25,57,7,28,False
INV-0002600,2024-01-01,HOM-0032,CH-WS-01,64,0,3,28,False
INV-0002601,2024-01-08,APP-0001,CH-NE-01,34,0,14,33,False
INV-0002602,2024-01-08,APP-0001,CH-MW-01,106,0,10,33,False
INV-0002603,2024-01-08,APP-0001,CH-WE-01,72,0,10,33,False
INV-0002604,2024-01-08,APP-0001,CH-ON-01,41,0,9,33,False
INV-0002605,2024-01-08,APP-0001,CH-WS-01,68,0,1,33,False
INV-0002606,2024-01-08,APP-0002,CH-NE-01,115,0,15,23,False
INV-0002607,2024-01-08,APP-0002,CH-MW-01,49,0,12,23,False
INV-0002608,2024-01-08,APP-0002,CH-WE-01,94,0,6,23,False
INV-0002609,2024-01-08,APP-0002,CH-ON-01,74,0,11,23,False
INV-0002610,2024-01-08,APP-0002,CH-WS-01,89,0,0,23,False
INV-0002611,2024-01-08,APP-0003,CH-NE-01,31,0,3,15,False
INV-0002612,2024-01-08,APP-0003,CH-MW-01,54,0,7,15,False
INV-0002613,2024-01-08,APP-0003,CH-WE-01,29,0,4,15,False
INV-0002614,2024-01-08,APP-0003,CH-ON-01,29,0,7,15,False
INV-0002615,2024-01-08,APP-0003,CH-WS-01,26,0,1,15,False
INV-0002616,2024-01-08,APP-0005,CH-NE-01,111,0,7,36,False
INV-0002617,2024-01-08,APP-0005,CH-MW-01,82,0,0,36,False
INV-0002618,2024-01-08,APP-0005,CH-WE-01,99,0,7,36,False
INV-0002619,2024-01-08,APP-0005,CH-ON-01,93,0,8,36,False
INV-0002620,2024-01-08,APP-0005,CH-WS-01,113,0,0,36,False
INV-0002621,2024-01-08,APP-0007,CH-NE-01,68,0,9,28,False
INV-0002622,2024-01-08,APP-0007,CH-MW-01,76,0,2,28,False
INV-0002623,2024-01-08,APP-0007,CH-WE-01,64,0,7,28,False
INV-0002624,2024-01-08,APP-0007,CH-ON-01,62,0,6,28,False
INV-0002625,2024-01-08,APP-0007,CH-WS-01,91,0,3,28,False
INV-0002626,2024-01-08,APP-0008,CH-NE-01,105,0,3,17,False
INV-0002627,2024-01-08,APP-0008,CH-MW-01,113,0,0,17,False
INV-0002628,2024-01-08,APP-0008,CH-WE-01,108,0,4,17,False
INV-0002629,2024-01-08,APP-0008,CH-ON-01,106,0,12,17,False
INV-0002630,2024-01-08,APP-0008,CH-WS-01,125,0,5,17,False
INV-0002631,2024-01-08,APP-0010,CH-NE-01,100,0,8,34,False
INV-0002632,2024-01-08,APP-0010,CH-MW-01,132,0,0,34,False
INV-0002633,2024-01-08,APP-0010,CH-WE-01,34,81,8,34,False
INV-0002634,2024-01-08,APP-0010,CH-ON-01,64,0,10,34,False
INV-0002635,2024-01-08,APP-0010,CH-WS-01,76,0,1,34,False
INV-0002636,2024-01-08,APP-0011,CH-NE-01,35,96,10,44,False
INV-0002637,2024-01-08,APP-0011,CH-MW-01,148,0,5,44,False
INV-0002638,2024-01-08,APP-0011,CH-WE-01,57,0,16,44,False
INV-0002639,2024-01-08,APP-0011,CH-ON-01,90,0,6,44,False
INV-0002640,2024-01-08,APP-0011,CH-WS-01,94,0,1,44,False
INV-0002641,2024-01-08,FTW-0015,CH-NE-01,83,0,7,40,False
INV-0002642,2024-01-08,FTW-0015,CH-MW-01,103,0,1,40,False
INV-0002643,2024-01-08,FTW-0015,CH-WE-01,77,0,5,40,False
INV-0002644,2024-01-08,FTW-0015,CH-ON-01,37,55,6,40,False
INV-0002645,2024-01-08,FTW-0015,CH-WS-01,63,0,2,40,False
INV-0002646,2024-01-08,ACC-0017,CH-NE-01,73,0,5,31,False
INV-0002647,2024-01-08,ACC-0017,CH-MW-01,73,0,3,31,False
INV-0002648,2024-01-08,ACC-0017,CH-WE-01,68,0,6,31,False
INV-0002649,2024-01-08,ACC-0017,CH-ON-01,61,0,15,31,False
INV-0002650,2024-01-08,ACC-0017,CH-WS-01,101,0,4,31,False
INV-0002651,2024-01-08,ACC-0021,CH-NE-01,100,0,7,36,False
INV-0002652,2024-01-08,ACC-0021,CH-MW-01,41,0,7,36,False
INV-0002653,2024-01-08,ACC-0021,CH-WE-01,98,0,7,36,False
INV-0002654,2024-01-08,ACC-0021,CH-ON-01,53,0,13,36,False
INV-0002655,2024-01-08,ACC-0021,CH-WS-01,98,0,0,36,False
INV-0002656,2024-01-08,ACC-0024,CH-NE-01,39,0,3,16,False
INV-0002657,2024-01-08,ACC-0024,CH-MW-01,133,0,4,16,False
INV-0002658,2024-01-08,ACC-0024,CH-WE-01,87,0,4,16,False
INV-0002659,2024-01-08,ACC-0024,CH-ON-01,38,0,6,16,False
INV-0002660,2024-01-08,ACC-0024,CH-WS-01,90,0,0,16,False
INV-0002661,2024-01-08,HOM-0025,CH-NE-01,38,52,6,40,False
INV-0002662,2024-01-08,HOM-0025,CH-MW-01,69,0,1,40,False
INV-0002663,2024-01-08,HOM-0025,CH-WE-01,61,0,2,40,False
INV-0002664,2024-01-08,HOM-0025,CH-ON-01,121,0,13,40,False
INV-0002665,2024-01-08,HOM-0025,CH-WS-01,103,0,0,40,False
INV-0002666,2024-01-08,HOM-0026,CH-NE-01,45,0,5,26,False
INV-0002667,2024-01-08,HOM-0026,CH-MW-01,49,0,10,26,False
INV-0002668,2024-01-08,HOM-0026,CH-WE-01,66,0,3,26,False
INV-0002669,2024-01-08,HOM-0026,CH-ON-01,19,41,17,26,False
INV-0002670,2024-01-08,HOM-0026,CH-WS-01,37,0,3,26,False
INV-0002671,2024-01-08,HOM-0027,CH-NE-01,73,0,7,43,False
INV-0002672,2024-01-08,HOM-0027,CH-MW-01,94,0,4,43,False
INV-0002673,2024-01-08,HOM-0027,CH-WE-01,36,59,9,43,False
INV-0002674,2024-01-08,HOM-0027,CH-ON-01,71,0,7,43,False
INV-0002675,2024-01-08,HOM-0027,CH-WS-01,84,0,1,43,False
INV-0002676,2024-01-08,HOM-0029,CH-NE-01,82,0,6,39,False
INV-0002677,2024-01-08,HOM-0029,CH-MW-01,97,0,5,39,False
INV-0002678,2024-01-08,HOM-0029,CH-WE-01,117,0,10,39,False
INV-0002679,2024-01-08,HOM-0029,CH-ON-01,98,0,3,39,False
INV-0002680,2024-01-08,HOM-0029,CH-WS-01,72,0,5,39,False
INV-0002681,2024-01-08,HOM-0031,CH-NE-01,18,59,8,25,False
INV-0002682,2024-01-08,HOM-0031,CH-MW-01,23,85,4,25,False
INV-0002683,2024-01-08,HOM-0031,CH-WE-01,25,69,8,25,False
INV-0002684,2024-01-08,HOM-0031,CH-ON-01,12,77,17,25,False
INV-0002685,2024-01-08,HOM-0031,CH-WS-01,105,0,1,25,False
INV-0002686,2024-01-08,HOM-0032,CH-NE-01,59,0,12,28,False
INV-0002687,2024-01-08,HOM-0032,CH-MW-01,65,0,7,28,False
INV-0002688,2024-01-08,HOM-0032,CH-WE-01,28,55,8,28,False
INV-0002689,2024-01-08,HOM-0032,CH-ON-01,75,0,7,28,False
INV-0002690,2024-01-08,HOM-0032,CH-WS-01,64,0,0,28,False
INV-0002691,2024-01-15,APP-0001,CH-NE-01,29,88,5,33,False
INV-0002692,2024-01-15,APP-0001,CH-MW-01,92,0,14,33,False
INV-0002693,2024-01-15,APP-0001,CH-WE-01,57,0,15,33,False
INV-0002694,2024-01-15,APP-0001,CH-ON-01,22,118,19,33,False
INV-0002695,2024-01-15,APP-0001,CH-WS-01,64,0,4,33,False
INV-0002696,2024-01-15,APP-0002,CH-NE-01,104,0,11,23,False
INV-0002697,2024-01-15,APP-0002,CH-MW-01,48,0,1,23,False
INV-0002698,2024-01-15,APP-0002,CH-WE-01,91,0,3,23,False
INV-0002699,2024-01-15,APP-0002,CH-ON-01,62,0,12,23,False
INV-0002700,2024-01-15,APP-0002,CH-WS-01,85,0,4,23,False
INV-0002701,2024-01-15,APP-0003,CH-NE-01,26,0,5,15,False
INV-0002702,2024-01-15,APP-0003,CH-MW-01,49,0,5,15,False
INV-0002703,2024-01-15,APP-0003,CH-WE-01,13,67,16,15,False
INV-0002704,2024-01-15,APP-0003,CH-ON-01,23,0,6,15,False
INV-0002705,2024-01-15,APP-0003,CH-WS-01,25,0,1,15,False
INV-0002706,2024-01-15,APP-0005,CH-NE-01,104,0,7,36,False
INV-0002707,2024-01-15,APP-0005,CH-MW-01,74,0,8,36,False
INV-0002708,2024-01-15,APP-0005,CH-WE-01,93,0,6,36,False
INV-0002709,2024-01-15,APP-0005,CH-ON-01,72,0,21,36,False
INV-0002710,2024-01-15,APP-0005,CH-WS-01,113,0,0,36,False
INV-0002711,2024-01-15,APP-0007,CH-NE-01,60,0,8,28,False
INV-0002712,2024-01-15,APP-0007,CH-MW-01,70,0,6,28,False
INV-0002713,2024-01-15,APP-0007,CH-WE-01,56,0,8,28,False
INV-0002714,2024-01-15,APP-0007,CH-ON-01,44,0,18,28,False
INV-0002715,2024-01-15,APP-0007,CH-WS-01,91,0,0,28,False
INV-0002716,2024-01-15,APP-0008,CH-NE-01,93,0,12,17,False
INV-0002717,2024-01-15,APP-0008,CH-MW-01,106,0,7,17,False
INV-0002718,2024-01-15,APP-0008,CH-WE-01,98,0,10,17,False
INV-0002719,2024-01-15,APP-0008,CH-ON-01,98,0,8,17,False
INV-0002720,2024-01-15,APP-0008,CH-WS-01,125,0,0,17,False
INV-0002721,2024-01-15,APP-0010,CH-NE-01,89,0,11,34,False
INV-0002722,2024-01-15,APP-0010,CH-MW-01,132,0,0,34,False
INV-0002723,2024-01-15,APP-0010,CH-WE-01,107,0,8,34,False
INV-0002724,2024-01-15,APP-0010,CH-ON-01,53,0,11,34,False
INV-0002725,2024-01-15,APP-0010,CH-WS-01,76,0,0,34,False
INV-0002726,2024-01-15,APP-0011,CH-NE-01,122,0,9,44,False
INV-0002727,2024-01-15,APP-0011,CH-MW-01,140,0,8,44,False
INV-0002728,2024-01-15,APP-0011,CH-WE-01,52,0,5,44,False
INV-0002729,2024-01-15,APP-0011,CH-ON-01,90,0,0,44,False
INV-0002730,2024-01-15,APP-0011,CH-WS-01,90,0,4,44,False
INV-0002731,2024-01-15,FTW-0015,CH-NE-01,69,0,14,40,False
INV-0002732,2024-01-15,FTW-0015,CH-MW-01,101,0,2,40,False
INV-0002733,2024-01-15,FTW-0015,CH-WE-01,72,0,5,40,False
INV-0002734,2024-01-15,FTW-0015,CH-ON-01,85,0,7,40,False
INV-0002735,2024-01-15,FTW-0015,CH-WS-01,63,0,0,40,False
INV-0002736,2024-01-15,ACC-0017,CH-NE-01,65,0,8,31,False
INV-0002737,2024-01-15,ACC-0017,CH-MW-01,66,0,7,31,False
INV-0002738,2024-01-15,ACC-0017,CH-WE-01,55,0,13,31,False
INV-0002739,2024-01-15,ACC-0017,CH-ON-01,48,0,13,31,False
INV-0002740,2024-01-15,ACC-0017,CH-WS-01,101,0,0,31,False
INV-0002741,2024-01-15,ACC-0021,CH-NE-01,87,0,13,36,False
INV-0002742,2024-01-15,ACC-0021,CH-MW-01,38,0,3,36,False
INV-0002743,2024-01-15,ACC-0021,CH-WE-01,88,0,10,36,False
INV-0002744,2024-01-15,ACC-0021,CH-ON-01,33,123,20,36,False
INV-0002745,2024-01-15,ACC-0021,CH-WS-01,94,0,4,36,False
INV-0002746,2024-01-15,ACC-0024,CH-NE-01,33,0,6,16,False
INV-0002747,2024-01-15,ACC-0024,CH-MW-01,129,0,4,16,False
INV-0002748,2024-01-15,ACC-0024,CH-WE-01,75,0,12,16,False
INV-0002749,2024-01-15,ACC-0024,CH-ON-01,29,0,9,16,False
INV-0002750,2024-01-15,ACC-0024,CH-WS-01,83,0,7,16,False
INV-0002751,2024-01-15,HOM-0025,CH-NE-01,85,0,5,40,False
INV-0002752,2024-01-15,HOM-0025,CH-MW-01,57,0,12,40,False
INV-0002753,2024-01-15,HOM-0025,CH-WE-01,59,0,2,40,False
INV-0002754,2024-01-15,HOM-0025,CH-ON-01,103,0,18,40,False
INV-0002755,2024-01-15,HOM-0025,CH-WS-01,102,0,1,40,False
INV-0002756,2024-01-15,HOM-0026,CH-NE-01,39,0,6,26,False
INV-0002757,2024-01-15,HOM-0026,CH-MW-01,46,0,3,26,False
INV-0002758,2024-01-15,HOM-0026,CH-WE-01,61,0,5,26,False
INV-0002759,2024-01-15,HOM-0026,CH-ON-01,45,0,15,26,False
INV-0002760,2024-01-15,HOM-0026,CH-WS-01,34,0,3,26,False
INV-0002761,2024-01-15,HOM-0027,CH-NE-01,68,0,5,43,False
INV-0002762,2024-01-15,HOM-0027,CH-MW-01,84,0,10,43,False
INV-0002763,2024-01-15,HOM-0027,CH-WE-01,92,0,3,43,False
INV-0002764,2024-01-15,HOM-0027,CH-ON-01,55,0,16,43,False
INV-0002765,2024-01-15,HOM-0027,CH-WS-01,83,0,1,43,False
INV-0002766,2024-01-15,HOM-0029,CH-NE-01,77,0,5,39,False
INV-0002767,2024-01-15,HOM-0029,CH-MW-01,96,0,1,39,False
INV-0002768,2024-01-15,HOM-0029,CH-WE-01,101,0,16,39,False
INV-0002769,2024-01-15,HOM-0029,CH-ON-01,93,0,5,39,False
INV-0002770,2024-01-15,HOM-0029,CH-WS-01,72,0,0,39,False
INV-0002771,2024-01-15,HOM-0031,CH-NE-01,72,0,5,25,False
INV-0002772,2024-01-15,HOM-0031,CH-MW-01,96,0,12,25,False
INV-0002773,2024-01-15,HOM-0031,CH-WE-01,91,0,3,25,False
INV-0002774,2024-01-15,HOM-0031,CH-ON-01,78,0,11,25,False
INV-0002775,2024-01-15,HOM-0031,CH-WS-01,105,0,0,25,False
INV-0002776,2024-01-15,HOM-0032,CH-NE-01,58,0,1,28,False
INV-0002777,2024-01-15,HOM-0032,CH-MW-01,57,0,8,28,False
INV-0002778,2024-01-15,HOM-0032,CH-WE-01,74,0,9,28,False
INV-0002779,2024-01-15,HOM-0032,CH-ON-01,64,0,11,28,False
INV-0002780,2024-01-15,HOM-0032,CH-WS-01,63,0,1,28,False
INV-0002781,2024-01-22,APP-0001,CH-NE-01,112,0,5,33,False
INV-0002782,2024-01-22,APP-0001,CH-MW-01,91,0,1,33,False
INV-0002783,2024-01-22,APP-0001,CH-WE-01,47,0,10,33,False
INV-0002784,2024-01-22,APP-0001,CH-ON-01,132,0,8,33,False
INV-0002785,2024-01-22,APP-0001,CH-WS-01,62,0,2,33,False
INV-0002786,2024-01-22,APP-0002,CH-NE-01,99,0,5,23,False
INV-0002787,2024-01-22,APP-0002,CH-MW-01,42,0,6,23,False
INV-0002788,2024-01-22,APP-0002,CH-WE-01,79,0,12,23,False
INV-0002789,2024-01-22,APP-0002,CH-ON-01,53,0,9,23,False
INV-0002790,2024-01-22,APP-0002,CH-WS-01,80,0,5,23,False
INV-0002791,2024-01-22,APP-0003,CH-NE-01,18,0,8,15,False
INV-0002792,2024-01-22,APP-0003,CH-MW-01,41,0,8,15,False
INV-0002793,2024-01-22,APP-0003,CH-WE-01,69,0,11,15,False
INV-0002794,2024-01-22,APP-0003,CH-ON-01,7,73,16,15,False
INV-0002795,2024-01-22,APP-0003,CH-WS-01,24,0,1,15,False
INV-0002796,2024-01-22,APP-0005,CH-NE-01,96,0,8,36,False
INV-0002797,2024-01-22,APP-0005,CH-MW-01,72,0,2,36,False
INV-0002798,2024-01-22,APP-0005,CH-WE-01,91,0,2,36,False
INV-0002799,2024-01-22,APP-0005,CH-ON-01,65,0,7,36,False
INV-0002800,2024-01-22,APP-0005,CH-WS-01,112,0,1,36,False
INV-0002801,2024-01-22,APP-0007,CH-NE-01,44,0,16,28,False
INV-0002802,2024-01-22,APP-0007,CH-MW-01,69,0,1,28,False
INV-0002803,2024-01-22,APP-0007,CH-WE-01,52,0,4,28,False
INV-0002804,2024-01-22,APP-0007,CH-ON-01,32,0,12,28,False
INV-0002805,2024-01-22,APP-0007,CH-WS-01,90,0,1,28,False
INV-0002806,2024-01-22,APP-0008,CH-NE-01,88,0,5,17,False
INV-0002807,2024-01-22,APP-0008,CH-MW-01,99,0,7,17,False
INV-0002808,2024-01-22,APP-0008,CH-WE-01,93,0,5,17,False
INV-0002809,2024-01-22,APP-0008,CH-ON-01,91,0,7,17,False
INV-0002810,2024-01-22,APP-0008,CH-WS-01,124,0,1,17,False
INV-0002811,2024-01-22,APP-0010,CH-NE-01,82,0,7,34,False
INV-0002812,2024-01-22,APP-0010,CH-MW-01,123,0,9,34,False
INV-0002813,2024-01-22,APP-0010,CH-WE-01,98,0,9,34,False
INV-0002814,2024-01-22,APP-0010,CH-ON-01,31,98,22,34,False
INV-0002815,2024-01-22,APP-0010,CH-WS-01,74,0,2,34,False
INV-0002816,2024-01-22,APP-0011,CH-NE-01,111,0,11,44,False
INV-0002817,2024-01-22,APP-0011,CH-MW-01,133,0,7,44,False
INV-0002818,2024-01-22,APP-0011,CH-WE-01,45,0,7,44,False
INV-0002819,2024-01-22,APP-0011,CH-ON-01,76,0,14,44,False
INV-0002820,2024-01-22,APP-0011,CH-WS-01,90,0,0,44,False
INV-0002821,2024-01-22,FTW-0014,CH-NE-01,123,0,9,27,False
INV-0002822,2024-01-22,FTW-0014,CH-MW-01,128,0,4,27,False
INV-0002823,2024-01-22,FTW-0014,CH-WE-01,125,0,7,27,False
INV-0002824,2024-01-22,FTW-0014,CH-ON-01,126,0,6,27,False
INV-0002825,2024-01-22,FTW-0014,CH-WS-01,130,0,2,27,False
INV-0002826,2024-01-22,FTW-0015,CH-NE-01,63,0,6,40,False
INV-0002827,2024-01-22,FTW-0015,CH-MW-01,95,0,6,40,False
INV-0002828,2024-01-22,FTW-0015,CH-WE-01,67,0,5,40,False
INV-0002829,2024-01-22,FTW-0015,CH-ON-01,68,0,17,40,False
INV-0002830,2024-01-22,FTW-0015,CH-WS-01,62,0,1,40,False
INV-0002831,2024-01-22,ACC-0017,CH-NE-01,59,0,6,31,False
INV-0002832,2024-01-22,ACC-0017,CH-MW-01,54,0,12,31,False
INV-0002833,2024-01-22,ACC-0017,CH-WE-01,46,0,9,31,False
INV-0002834,2024-01-22,ACC-0017,CH-ON-01,45,0,3,31,False
INV-0002835,2024-01-22,ACC-0017,CH-WS-01,101,0,0,31,False
INV-0002836,2024-01-22,ACC-0021,CH-NE-01,83,0,4,36,False
INV-0002837,2024-01-22,ACC-0021,CH-MW-01,35,118,3,36,False
INV-0002838,2024-01-22,ACC-0021,CH-WE-01,81,0,7,36,False
INV-0002839,2024-01-22,ACC-0021,CH-ON-01,140,0,16,36,False
INV-0002840,2024-01-22,ACC-0021,CH-WS-01,94,0,0,36,False
INV-0002841,2024-01-22,ACC-0024,CH-NE-01,27,0,6,16,False
INV-0002842,2024-01-22,ACC-0024,CH-MW-01,124,0,5,16,False
INV-0002843,2024-01-22,ACC-0024,CH-WE-01,73,0,2,16,False
INV-0002844,2024-01-22,ACC-0024,CH-ON-01,24,0,5,16,False
INV-0002845,2024-01-22,ACC-0024,CH-WS-01,82,0,1,16,False
INV-0002846,2024-01-22,HOM-0025,CH-NE-01,74,0,11,40,False
INV-0002847,2024-01-22,HOM-0025,CH-MW-01,48,0,9,40,False
INV-0002848,2024-01-22,HOM-0025,CH-WE-01,53,0,6,40,False
INV-0002849,2024-01-22,HOM-0025,CH-ON-01,97,0,6,40,False
INV-0002850,2024-01-22,HOM-0025,CH-WS-01,99,0,3,40,False
INV-0002851,2024-01-22,HOM-0026,CH-NE-01,33,0,6,26,False
INV-0002852,2024-01-22,HOM-0026,CH-MW-01,43,0,3,26,False
INV-0002853,2024-01-22,HOM-0026,CH-WE-01,56,0,5,26,False
INV-0002854,2024-01-22,HOM-0026,CH-ON-01,37,0,8,26,False
INV-0002855,2024-01-22,HOM-0026,CH-WS-01,31,0,3,26,False
INV-0002856,2024-01-22,HOM-0027,CH-NE-01,55,0,13,43,False
INV-0002857,2024-01-22,HOM-0027,CH-MW-01,77,0,7,43,False
INV-0002858,2024-01-22,HOM-0027,CH-WE-01,88,0,4,43,False
INV-0002859,2024-01-22,HOM-0027,CH-ON-01,44,0,11,43,False
INV-0002860,2024-01-22,HOM-0027,CH-WS-01,78,0,5,43,False
INV-0002861,2024-01-22,HOM-0029,CH-NE-01,64,0,13,39,False
INV-0002862,2024-01-22,HOM-0029,CH-MW-01,94,0,2,39,False
INV-0002863,2024-01-22,HOM-0029,CH-WE-01,89,0,12,39,False
INV-0002864,2024-01-22,HOM-0029,CH-ON-01,88,0,5,39,False
INV-0002865,2024-01-22,HOM-0029,CH-WS-01,69,0,3,39,False
INV-0002866,2024-01-22,HOM-0031,CH-NE-01,68,0,4,25,False
INV-0002867,2024-01-22,HOM-0031,CH-MW-01,91,0,5,25,False
INV-0002868,2024-01-22,HOM-0031,CH-WE-01,78,0,13,25,False
INV-0002869,2024-01-22,HOM-0031,CH-ON-01,62,0,16,25,False
INV-0002870,2024-01-22,HOM-0031,CH-WS-01,104,0,1,25,False
INV-0002871,2024-01-22,HOM-0032,CH-NE-01,56,0,2,28,False
INV-0002872,2024-01-22,HOM-0032,CH-MW-01,52,0,5,28,False
INV-0002873,2024-01-22,HOM-0032,CH-WE-01,68,0,6,28,False
INV-0002874,2024-01-22,HOM-0032,CH-ON-01,44,0,20,28,False
INV-0002875,2024-01-22,HOM-0032,CH-WS-01,60,0,3,28,False
INV-0002876,2024-01-29,APP-0001,CH-NE-01,102,0,10,33,False
INV-0002877,2024-01-29,APP-0001,CH-MW-01,79,0,12,33,False
INV-0002878,2024-01-29,APP-0001,CH-WE-01,41,0,6,33,False
INV-0002879,2024-01-29,APP-0001,CH-ON-01,124,0,8,33,False
INV-0002880,2024-01-29,APP-0001,CH-WS-01,61,0,1,33,False
INV-0002881,2024-01-29,APP-0002,CH-NE-01,92,0,7,23,False
INV-0002882,2024-01-29,APP-0002,CH-MW-01,34,0,8,23,False
INV-0002883,2024-01-29,APP-0002,CH-WE-01,72,0,7,23,False
INV-0002884,2024-01-29,APP-0002,CH-ON-01,43,0,10,23,False
INV-0002885,2024-01-29,APP-0002,CH-WS-01,78,0,2,23,False
INV-0002886,2024-01-29,APP-0003,CH-NE-01,8,59,10,15,False
INV-0002887,2024-01-29,APP-0003,CH-MW-01,38,0,3,15,False
INV-0002888,2024-01-29,APP-0003,CH-WE-01,58,0,11,15,False
INV-0002889,2024-01-29,APP-0003,CH-ON-01,65,0,15,15,False
INV-0002890,2024-01-29,APP-0003,CH-WS-01,22,0,2,15,False
INV-0002891,2024-01-29,APP-0005,CH-NE-01,94,0,2,36,False
INV-0002892,2024-01-29,APP-0005,CH-MW-01,65,0,7,36,False
INV-0002893,2024-01-29,APP-0005,CH-WE-01,80,0,11,36,False
INV-0002894,2024-01-29,APP-0005,CH-ON-01,57,0,8,36,False
INV-0002895,2024-01-29,APP-0005,CH-WS-01,108,0,4,36,False
INV-0002896,2024-01-29,APP-0007,CH-NE-01,34,0,10,28,False
INV-0002897,2024-01-29,APP-0007,CH-MW-01,58,0,11,28,False
INV-0002898,2024-01-29,APP-0007,CH-WE-01,38,0,14,28,False
INV-0002899,2024-01-29,APP-0007,CH-ON-01,24,83,8,28,False
INV-0002900,2024-01-29,APP-0007,CH-WS-01,89,0,1,28,False
INV-0002901,2024-01-29,APP-0008,CH-NE-01,78,0,10,17,False
INV-0002902,2024-01-29,APP-0008,CH-MW-01,93,0,6,17,False
INV-0002903,2024-01-29,APP-0008,CH-WE-01,81,0,12,17,False
INV-0002904,2024-01-29,APP-0008,CH-ON-01,83,0,8,17,False
INV-0002905,2024-01-29,APP-0008,CH-WS-01,120,0,4,17,False
INV-0002906,2024-01-29,APP-0010,CH-NE-01,70,0,12,34,False
INV-0002907,2024-01-29,APP-0010,CH-MW-01,121,0,2,34,False
INV-0002908,2024-01-29,APP-0010,CH-WE-01,90,0,8,34,False
INV-0002909,2024-01-29,APP-0010,CH-ON-01,122,0,7,34,False
INV-0002910,2024-01-29,APP-0010,CH-WS-01,74,0,0,34,False
INV-0002911,2024-01-29,APP-0011,CH-NE-01,107,0,4,44,False
INV-0002912,2024-01-29,APP-0011,CH-MW-01,129,0,4,44,False
INV-0002913,2024-01-29,APP-0011,CH-WE-01,39,145,6,44,False
INV-0002914,2024-01-29,APP-0011,CH-ON-01,69,0,7,44,False
INV-0002915,2024-01-29,APP-0011,CH-WS-01,90,0,0,44,False
INV-0002916,2024-01-29,FTW-0014,CH-NE-01,115,0,8,27,False
INV-0002917,2024-01-29,FTW-0014,CH-MW-01,119,0,9,27,False
INV-0002918,2024-01-29,FTW-0014,CH-WE-01,112,0,13,27,False
INV-0002919,2024-01-29,FTW-0014,CH-ON-01,98,0,28,27,False
INV-0002920,2024-01-29,FTW-0014,CH-WS-01,125,0,5,27,False
INV-0002921,2024-01-29,FTW-0015,CH-NE-01,55,0,8,40,False
INV-0002922,2024-01-29,FTW-0015,CH-MW-01,80,0,15,40,False
INV-0002923,2024-01-29,FTW-0015,CH-WE-01,58,0,9,40,False
INV-0002924,2024-01-29,FTW-0015,CH-ON-01,62,0,6,40,False
INV-0002925,2024-01-29,FTW-0015,CH-WS-01,62,0,0,40,False
INV-0002926,2024-01-29,ACC-0017,CH-NE-01,42,0,17,31,False
INV-0002927,2024-01-29,ACC-0017,CH-MW-01,43,0,11,31,False
INV-0002928,2024-01-29,ACC-0017,CH-WE-01,35,0,11,31,False
INV-0002929,2024-01-29,ACC-0017,CH-ON-01,39,0,6,31,False
INV-0002930,2024-01-29,ACC-0017,CH-WS-01,99,0,2,31,False
INV-0002931,2024-01-29,ACC-0021,CH-NE-01,75,0,8,36,False
INV-0002932,2024-01-29,ACC-0021,CH-MW-01,142,0,11,36,False
INV-0002933,2024-01-29,ACC-0021,CH-WE-01,73,0,8,36,False
INV-0002934,2024-01-29,ACC-0021,CH-ON-01,130,0,10,36,False
INV-0002935,2024-01-29,ACC-0021,CH-WS-01,91,0,3,36,False
INV-0002936,2024-01-29,ACC-0024,CH-NE-01,16,103,11,16,False
INV-0002937,2024-01-29,ACC-0024,CH-MW-01,114,0,10,16,False
INV-0002938,2024-01-29,ACC-0024,CH-WE-01,64,0,9,16,False
INV-0002939,2024-01-29,ACC-0024,CH-ON-01,12,92,12,16,False
INV-0002940,2024-01-29,ACC-0024,CH-WS-01,79,0,3,16,False
INV-0002941,2024-01-29,HOM-0025,CH-NE-01,72,0,2,40,False
INV-0002942,2024-01-29,HOM-0025,CH-MW-01,43,0,5,40,False
INV-0002943,2024-01-29,HOM-0025,CH-WE-01,43,0,10,40,False
INV-0002944,2024-01-29,HOM-0025,CH-ON-01,89,0,8,40,False
INV-0002945,2024-01-29,HOM-0025,CH-WS-01,98,0,1,40,False
INV-0002946,2024-01-29,HOM-0026,CH-NE-01,30,0,3,26,False
INV-0002947,2024-01-29,HOM-0026,CH-MW-01,33,0,10,26,False
INV-0002948,2024-01-29,HOM-0026,CH-WE-01,54,0,2,26,False
INV-0002949,2024-01-29,HOM-0026,CH-ON-01,24,33,13,26,False
INV-0002950,2024-01-29,HOM-0026,CH-WS-01,31,0,0,26,False
INV-0002951,2024-01-29,HOM-0027,CH-NE-01,46,0,9,43,False
INV-0002952,2024-01-29,HOM-0027,CH-MW-01,69,0,8,43,False
INV-0002953,2024-01-29,HOM-0027,CH-WE-01,74,0,14,43,False
INV-0002954,2024-01-29,HOM-0027,CH-ON-01,36,78,8,43,False
INV-0002955,2024-01-29,HOM-0027,CH-WS-01,75,0,3,43,False
INV-0002956,2024-01-29,HOM-0029,CH-NE-01,54,0,10,39,False
INV-0002957,2024-01-29,HOM-0029,CH-MW-01,90,0,4,39,False
INV-0002958,2024-01-29,HOM-0029,CH-WE-01,81,0,8,39,False
INV-0002959,2024-01-29,HOM-0029,CH-ON-01,84,0,4,39,False
INV-0002960,2024-01-29,HOM-0029,CH-WS-01,69,0,0,39,False
INV-0002961,2024-01-29,HOM-0031,CH-NE-01,55,0,13,25,False
INV-0002962,2024-01-29,HOM-0031,CH-MW-01,91,0,0,25,False
INV-0002963,2024-01-29,HOM-0031,CH-WE-01,74,0,4,25,False
INV-0002964,2024-01-29,HOM-0031,CH-ON-01,49,0,13,25,False
INV-0002965,2024-01-29,HOM-0031,CH-WS-01,100,0,4,25,False
INV-0002966,2024-01-29,HOM-0032,CH-NE-01,42,0,14,28,False
INV-0002967,2024-01-29,HOM-0032,CH-MW-01,49,0,3,28,False
INV-0002968,2024-01-29,HOM-0032,CH-WE-01,56,0,12,28,False
INV-0002969,2024-01-29,HOM-0032,CH-ON-01,35,0,9,28,False
INV-0002970,2024-01-29,HOM-0032,CH-WS-01,58,0,2,28,False
INV-0002971,2024-02-05,APP-0001,CH-NE-01,98,0,4,33,False
INV-0002972,2024-02-05,APP-0001,CH-MW-01,76,0,3,33,False
INV-0002973,2024-02-05,APP-0001,CH-WE-01,31,109,10,33,False
INV-0002974,2024-02-05,APP-0001,CH-ON-01,122,0,2,33,False
INV-0002975,2024-02-05,APP-0001,CH-WS-01,61,0,0,33,False
INV-0002976,2024-02-05,APP-0002,CH-NE-01,92,0,0,23,False
INV-0002977,2024-02-05,APP-0002,CH-MW-01,29,0,5,23,False
INV-0002978,2024-02-05,APP-0002,CH-WE-01,65,0,7,23,False
INV-0002979,2024-02-05,APP-0002,CH-ON-01,39,0,4,23,False
INV-0002980,2024-02-05,APP-0002,CH-WS-01,78,0,0,23,False
INV-0002981,2024-02-05,APP-0003,CH-NE-01,61,0,6,15,False
INV-0002982,2024-02-05,APP-0003,CH-MW-01,38,0,0,15,False
INV-0002983,2024-02-05,APP-0003,CH-WE-01,49,0,9,15,False
INV-0002984,2024-02-05,APP-0003,CH-ON-01,51,0,14,15,False
INV-0002985,2024-02-05,APP-0003,CH-WS-01,18,0,4,15,False
INV-0002986,2024-02-05,APP-0005,CH-NE-01,89,0,5,36,False
INV-0002987,2024-02-05,APP-0005,CH-MW-01,62,0,3,36,False
INV-0002988,2024-02-05,APP-0005,CH-WE-01,68,0,12,36,False
INV-0002989,2024-02-05,APP-0005,CH-ON-01,49,0,8,36,False
INV-0002990,2024-02-05,APP-0005,CH-WS-01,107,0,1,36,False
INV-0002991,2024-02-05,APP-0007,CH-NE-01,20,82,14,28,False
INV-0002992,2024-02-05,APP-0007,CH-MW-01,58,0,0,28,False
INV-0002993,2024-02-05,APP-0007,CH-WE-01,29,0,9,28,False
INV-0002994,2024-02-05,APP-0007,CH-ON-01,104,0,3,28,False
INV-0002995,2024-02-05,APP-0007,CH-WS-01,89,0,0,28,False
INV-0002996,2024-02-05,APP-0008,CH-NE-01,69,0,9,17,False
INV-0002997,2024-02-05,APP-0008,CH-MW-01,83,0,10,17,False
INV-0002998,2024-02-05,APP-0008,CH-WE-01,72,0,9,17,False
INV-0002999,2024-02-05,APP-0008,CH-ON-01,68,0,15,17,False
INV-0003000,2024-02-05,APP-0008,CH-WS-01,119,0,1,17,False
INV-0003001,2024-02-05,APP-0010,CH-NE-01,64,0,6,34,False
INV-0003002,2024-02-05,APP-0010,CH-MW-01,119,0,2,34,False
INV-0003003,2024-02-05,APP-0010,CH-WE-01,80,0,10,34,False
INV-0003004,2024-02-05,APP-0010,CH-ON-01,117,0,5,34,False
INV-0003005,2024-02-05,APP-0010,CH-WS-01,71,0,3,34,False
INV-0003006,2024-02-05,APP-0011,CH-NE-01,102,0,5,44,False
INV-0003007,2024-02-05,APP-0011,CH-MW-01,124,0,5,44,False
INV-0003008,2024-02-05,APP-0011,CH-WE-01,183,0,1,44,False
INV-0003009,2024-02-05,APP-0011,CH-ON-01,62,0,7,44,False
INV-0003010,2024-02-05,APP-0011,CH-WS-01,90,0,0,44,False
INV-0003011,2024-02-05,FTW-0014,CH-NE-01,110,0,5,27,False
INV-0003012,2024-02-05,FTW-0014,CH-MW-01,114,0,5,27,False
INV-0003013,2024-02-05,FTW-0014,CH-WE-01,107,0,5,27,False
INV-0003014,2024-02-05,FTW-0014,CH-ON-01,88,0,10,27,False
INV-0003015,2024-02-05,FTW-0014,CH-WS-01,122,0,3,27,False
INV-0003016,2024-02-05,FTW-0015,CH-NE-01,46,0,9,40,False
INV-0003017,2024-02-05,FTW-0015,CH-MW-01,74,0,6,40,False
INV-0003018,2024-02-05,FTW-0015,CH-WE-01,51,0,7,40,False
INV-0003019,2024-02-05,FTW-0015,CH-ON-01,55,0,7,40,False
INV-0003020,2024-02-05,FTW-0015,CH-WS-01,61,0,1,40,False
INV-0003021,2024-02-05,ACC-0017,CH-NE-01,29,75,13,31,False
INV-0003022,2024-02-05,ACC-0017,CH-MW-01,34,0,9,31,False
INV-0003023,2024-02-05,ACC-0017,CH-WE-01,22,81,13,31,False
INV-0003024,2024-02-05,ACC-0017,CH-ON-01,36,0,3,31,False
INV-0003025,2024-02-05,ACC-0017,CH-WS-01,99,0,0,31,False
INV-0003026,2024-02-05,ACC-0021,CH-NE-01,65,0,10,36,False
INV-0003027,2024-02-05,ACC-0021,CH-MW-01,136,0,6,36,False
INV-0003028,2024-02-05,ACC-0021,CH-WE-01,66,0,7,36,False
INV-0003029,2024-02-05,ACC-0021,CH-ON-01,123,0,7,36,False
INV-0003030,2024-02-05,ACC-0021,CH-WS-01,90,0,1,36,False
INV-0003031,2024-02-05,ACC-0024,CH-NE-01,110,0,9,16,False
INV-0003032,2024-02-05,ACC-0024,CH-MW-01,111,0,3,16,False
INV-0003033,2024-02-05,ACC-0024,CH-WE-01,53,0,11,16,False
INV-0003034,2024-02-05,ACC-0024,CH-ON-01,90,0,14,16,False
INV-0003035,2024-02-05,ACC-0024,CH-WS-01,77,0,2,16,False
INV-0003036,2024-02-05,HOM-0025,CH-NE-01,62,0,10,40,False
INV-0003037,2024-02-05,HOM-0025,CH-MW-01,40,91,3,40,False
INV-0003038,2024-02-05,HOM-0025,CH-WE-01,31,56,12,40,False
INV-0003039,2024-02-05,HOM-0025,CH-ON-01,74,0,15,40,False
INV-0003040,2024-02-05,HOM-0025,CH-WS-01,98,0,0,40,False
INV-0003041,2024-02-05,HOM-0026,CH-NE-01,22,41,8,26,False
INV-0003042,2024-02-05,HOM-0026,CH-MW-01,32,0,1,26,False
INV-0003043,2024-02-05,HOM-0026,CH-WE-01,52,0,2,26,False
INV-0003044,2024-02-05,HOM-0026,CH-ON-01,45,0,12,26,False
INV-0003045,2024-02-05,HOM-0026,CH-WS-01,29,0,2,26,False
INV-0003046,2024-02-05,HOM-0027,CH-NE-01,41,68,5,43,False
INV-0003047,2024-02-05,HOM-0027,CH-MW-01,65,0,4,43,False
INV-0003048,2024-02-05,HOM-0027,CH-WE-01,66,0,8,43,False
INV-0003049,2024-02-05,HOM-0027,CH-ON-01,112,0,2,43,False
INV-0003050,2024-02-05,HOM-0027,CH-WS-01,73,0,2,43,False
INV-0003051,2024-02-05,HOM-0029,CH-NE-01,36,111,18,39,False
INV-0003052,2024-02-05,HOM-0029,CH-MW-01,86,0,4,39,False
INV-0003053,2024-02-05,HOM-0029,CH-WE-01,73,0,8,39,False
INV-0003054,2024-02-05,HOM-0029,CH-ON-01,70,0,14,39,False
INV-0003055,2024-02-05,HOM-0029,CH-WS-01,65,0,4,39,False
INV-0003056,2024-02-05,HOM-0031,CH-NE-01,47,0,8,25,False
INV-0003057,2024-02-05,HOM-0031,CH-MW-01,85,0,6,25,False
INV-0003058,2024-02-05,HOM-0031,CH-WE-01,71,0,3,25,False
INV-0003059,2024-02-05,HOM-0031,CH-ON-01,41,0,8,25,False
INV-0003060,2024-02-05,HOM-0031,CH-WS-01,99,0,1,25,False
INV-0003061,2024-02-05,HOM-0032,CH-NE-01,30,0,12,28,False
INV-0003062,2024-02-05,HOM-0032,CH-MW-01,38,0,11,28,False
INV-0003063,2024-02-05,HOM-0032,CH-WE-01,40,0,16,28,False
INV-0003064,2024-02-05,HOM-0032,CH-ON-01,26,69,9,28,False
INV-0003065,2024-02-05,HOM-0032,CH-WS-01,56,0,2,28,False
INV-0003066,2024-02-12,APP-0001,CH-NE-01,93,0,5,33,False
INV-0003067,2024-02-12,APP-0001,CH-MW-01,64,0,12,33,False
INV-0003068,2024-02-12,APP-0001,CH-WE-01,128,0,12,33,False
INV-0003069,2024-02-12,APP-0001,CH-ON-01,114,0,8,33,False
INV-0003070,2024-02-12,APP-0001,CH-WS-01,61,0,0,33,False
INV-0003071,2024-02-12,APP-0002,CH-NE-01,85,0,7,23,False
INV-0003072,2024-02-12,APP-0002,CH-MW-01,25,0,4,23,False
INV-0003073,2024-02-12,APP-0002,CH-WE-01,56,0,9,23,False
INV-0003074,2024-02-12,APP-0002,CH-ON-01,29,0,10,23,False
INV-0003075,2024-02-12,APP-0002,CH-WS-01,76,0,2,23,False
INV-0003076,2024-02-12,APP-0003,CH-NE-01,57,0,4,15,False
INV-0003077,2024-02-12,APP-0003,CH-MW-01,30,0,8,15,False
INV-0003078,2024-02-12,APP-0003,CH-WE-01,45,0,4,15,False
INV-0003079,2024-02-12,APP-0003,CH-ON-01,36,0,15,15,False
INV-0003080,2024-02-12,APP-0003,CH-WS-01,18,0,0,15,False
INV-0003081,2024-02-12,APP-0005,CH-NE-01,76,0,13,36,False
INV-0003082,2024-02-12,APP-0005,CH-MW-01,58,0,4,36,False
INV-0003083,2024-02-12,APP-0005,CH-WE-01,58,0,10,36,False
INV-0003084,2024-02-12,APP-0005,CH-ON-01,43,0,6,36,False
INV-0003085,2024-02-12,APP-0005,CH-WS-01,105,0,2,36,False
INV-0003086,2024-02-12,APP-0007,CH-NE-01,98,0,4,28,False
INV-0003087,2024-02-12,APP-0007,CH-MW-01,53,0,5,28,False
INV-0003088,2024-02-12,APP-0007,CH-WE-01,19,68,10,28,False
INV-0003089,2024-02-12,APP-0007,CH-ON-01,93,0,11,28,False
INV-0003090,2024-02-12,APP-0007,CH-WS-01,88,0,1,28,False
INV-0003091,2024-02-12,APP-0008,CH-NE-01,64,0,5,17,False
INV-0003092,2024-02-12,APP-0008,CH-MW-01,81,0,2,17,False
INV-0003093,2024-02-12,APP-0008,CH-WE-01,71,0,1,17,False
INV-0003094,2024-02-12,APP-0008,CH-ON-01,52,0,16,17,False
INV-0003095,2024-02-12,APP-0008,CH-WS-01,119,0,0,17,False
INV-0003096,2024-02-12,APP-0009,CH-NE-01,60,0,10,21,False
INV-0003097,2024-02-12,APP-0009,CH-MW-01,67,0,3,21,False
INV-0003098,2024-02-12,APP-0009,CH-WE-01,66,0,4,21,False
INV-0003099,2024-02-12,APP-0009,CH-ON-01,62,0,8,21,False
INV-0003100,2024-02-12,APP-0009,CH-WS-01,70,0,0,21,False
INV-0003101,2024-02-12,APP-0010,CH-NE-01,56,0,8,34,False
INV-0003102,2024-02-12,APP-0010,CH-MW-01,109,0,10,34,False
INV-0003103,2024-02-12,APP-0010,CH-WE-01,76,0,4,34,False
INV-0003104,2024-02-12,APP-0010,CH-ON-01,108,0,9,34,False
INV-0003105,2024-02-12,APP-0010,CH-WS-01,70,0,1,34,False
INV-0003106,2024-02-12,APP-0011,CH-NE-01,91,0,11,44,False
INV-0003107,2024-02-12,APP-0011,CH-MW-01,115,0,9,44,False
INV-0003108,2024-02-12,APP-0011,CH-WE-01,170,0,13,44,False
INV-0003109,2024-02-12,APP-0011,CH-ON-01,47,0,15,44,False
INV-0003110,2024-02-12,APP-0011,CH-WS-01,88,0,2,44,False
INV-0003111,2024-02-12,FTW-0014,CH-NE-01,98,0,12,27,False
INV-0003112,2024-02-12,FTW-0014,CH-MW-01,110,0,4,27,False
INV-0003113,2024-02-12,FTW-0014,CH-WE-01,95,0,12,27,False
INV-0003114,2024-02-12,FTW-0014,CH-ON-01,75,0,13,27,False
INV-0003115,2024-02-12,FTW-0014,CH-WS-01,119,0,3,27,False
INV-0003116,2024-02-12,FTW-0015,CH-NE-01,41,0,5,40,False
INV-0003117,2024-02-12,FTW-0015,CH-MW-01,65,0,9,40,False
INV-0003118,2024-02-12,FTW-0015,CH-WE-01,42,0,9,40,False
INV-0003119,2024-02-12,FTW-0015,CH-ON-01,46,0,9,40,False
INV-0003120,2024-02-12,FTW-0015,CH-WS-01,59,0,2,40,False
INV-0003121,2024-02-12,ACC-0017,CH-NE-01,98,0,6,31,False
INV-0003122,2024-02-12,ACC-0017,CH-MW-01,33,0,1,31,False
INV-0003123,2024-02-12,ACC-0017,CH-WE-01,87,0,16,31,False
INV-0003124,2024-02-12,ACC-0017,CH-ON-01,31,63,5,31,False
INV-0003125,2024-02-12,ACC-0017,CH-WS-01,93,0,6,31,False
INV-0003126,2024-02-12,ACC-0021,CH-NE-01,60,0,5,36,False
INV-0003127,2024-02-12,ACC-0021,CH-MW-01,134,0,2,36,False
INV-0003128,2024-02-12,ACC-0021,CH-WE-01,60,0,6,36,False
INV-0003129,2024-02-12,ACC-0021,CH-ON-01,116,0,7,36,False
INV-0003130,2024-02-12,ACC-0021,CH-WS-01,84,0,6,36,False
INV-0003131,2024-02-12,ACC-0024,CH-NE-01,95,0,15,16,False
INV-0003132,2024-02-12,ACC-0024,CH-MW-01,101,0,10,16,False
INV-0003133,2024-02-12,ACC-0024,CH-WE-01,51,0,2,16,False
INV-0003134,2024-02-12,ACC-0024,CH-ON-01,77,0,13,16,False
INV-0003135,2024-02-12,ACC-0024,CH-WS-01,76,0,1,16,False
INV-0003136,2024-02-12,HOM-0025,CH-NE-01,57,0,5,40,False
INV-0003137,2024-02-12,HOM-0025,CH-MW-01,122,0,9,40,False
INV-0003138,2024-02-12,HOM-0025,CH-WE-01,85,0,2,40,False
INV-0003139,2024-02-12,HOM-0025,CH-ON-01,60,0,14,40,False
INV-0003140,2024-02-12,HOM-0025,CH-WS-01,96,0,2,40,False
INV-0003141,2024-02-12,HOM-0026,CH-NE-01,60,0,3,26,False
INV-0003142,2024-02-12,HOM-0026,CH-MW-01,27,0,5,26,False
INV-0003143,2024-02-12,HOM-0026,CH-WE-01,40,0,12,26,False
INV-0003144,2024-02-12,HOM-0026,CH-ON-01,36,0,9,26,False
INV-0003145,2024-02-12,HOM-0026,CH-WS-01,28,0,1,26,False
INV-0003146,2024-02-12,HOM-0027,CH-NE-01,104,0,5,43,False
INV-0003147,2024-02-12,HOM-0027,CH-MW-01,64,0,1,43,False
INV-0003148,2024-02-12,HOM-0027,CH-WE-01,56,0,10,43,False
INV-0003149,2024-02-12,HOM-0027,CH-ON-01,103,0,9,43,False
INV-0003150,2024-02-12,HOM-0027,CH-WS-01,72,0,1,43,False
INV-0003151,2024-02-12,HOM-0029,CH-NE-01,146,0,1,39,False
INV-0003152,2024-02-12,HOM-0029,CH-MW-01,86,0,0,39,False
INV-0003153,2024-02-12,HOM-0029,CH-WE-01,61,0,12,39,False
INV-0003154,2024-02-12,HOM-0029,CH-ON-01,54,0,16,39,False
INV-0003155,2024-02-12,HOM-0029,CH-WS-01,64,0,1,39,False
INV-0003156,2024-02-12,HOM-0031,CH-NE-01,34,0,13,25,False
INV-0003157,2024-02-12,HOM-0031,CH-MW-01,79,0,6,25,False
INV-0003158,2024-02-12,HOM-0031,CH-WE-01,59,0,12,25,False
INV-0003159,2024-02-12,HOM-0031,CH-ON-01,25,96,16,25,False
INV-0003160,2024-02-12,HOM-0031,CH-WS-01,93,0,6,25,False
INV-0003161,2024-02-12,HOM-0032,CH-NE-01,20,36,10,28,False
INV-0003162,2024-02-12,HOM-0032,CH-MW-01,33,0,5,28,False
INV-0003163,2024-02-12,HOM-0032,CH-WE-01,29,0,11,28,False
INV-0003164,2024-02-12,HOM-0032,CH-ON-01,92,0,3,28,False
INV-0003165,2024-02-12,HOM-0032,CH-WS-01,52,0,4,28,False
INV-0003166,2024-02-19,APP-0001,CH-NE-01,89,0,4,33,False
INV-0003167,2024-02-19,APP-0001,CH-MW-01,63,0,1,33,False
INV-0003168,2024-02-19,APP-0001,CH-WE-01,115,0,13,33,False
INV-0003169,2024-02-19,APP-0001,CH-ON-01,111,0,3,33,False
INV-0003170,2024-02-19,APP-0001,CH-WS-01,60,0,1,33,False
INV-0003171,2024-02-19,APP-0002,CH-NE-01,78,0,7,23,False
INV-0003172,2024-02-19,APP-0002,CH-MW-01,23,112,2,23,False
INV-0003173,2024-02-19,APP-0002,CH-WE-01,48,0,8,23,False
INV-0003174,2024-02-19,APP-0002,CH-ON-01,22,90,7,23,False
INV-0003175,2024-02-19,APP-0002,CH-WS-01,76,0,0,23,False
INV-0003176,2024-02-19,APP-0003,CH-NE-01,48,0,9,15,False
INV-0003177,2024-02-19,APP-0003,CH-MW-01,24,0,6,15,False
INV-0003178,2024-02-19,APP-0003,CH-WE-01,37,0,8,15,False
INV-0003179,2024-02-19,APP-0003,CH-ON-01,28,0,8,15,False
INV-0003180,2024-02-19,APP-0003,CH-WS-01,12,64,6,15,False
INV-0003181,2024-02-19,APP-0005,CH-NE-01,71,0,5,36,False
INV-0003182,2024-02-19,APP-0005,CH-MW-01,55,0,3,36,False
INV-0003183,2024-02-19,APP-0005,CH-WE-01,48,0,10,36,False
INV-0003184,2024-02-19,APP-0005,CH-ON-01,25,130,18,36,False
INV-0003185,2024-02-19,APP-0005,CH-WS-01,103,0,2,36,False
INV-0003186,2024-02-19,APP-0007,CH-NE-01,91,0,7,28,False
INV-0003187,2024-02-19,APP-0007,CH-MW-01,46,0,7,28,False
INV-0003188,2024-02-19,APP-0007,CH-WE-01,81,0,6,28,False
INV-0003189,2024-02-19,APP-0007,CH-ON-01,87,0,6,28,False
INV-0003190,2024-02-19,APP-0007,CH-WS-01,88,0,0,28,False
INV-0003191,2024-02-19,APP-0008,CH-NE-01,61,0,3,17,False
INV-0003192,2024-02-19,APP-0008,CH-MW-01,78,0,3,17,False
INV-0003193,2024-02-19,APP-0008,CH-WE-01,67,0,4,17,False
INV-0003194,2024-02-19,APP-0008,CH-ON-01,50,0,2,17,False
INV-0003195,2024-02-19,APP-0008,CH-WS-01,114,0,5,17,False
INV-0003196,2024-02-19,APP-0009,CH-NE-01,56,0,4,21,False
INV-0003197,2024-02-19,APP-0009,CH-MW-01,67,0,0,21,False
INV-0003198,2024-02-19,APP-0009,CH-WE-01,59,0,7,21,False
INV-0003199,2024-02-19,APP-0009,CH-ON-01,50,0,12,21,False
INV-0003200,2024-02-19,APP-0009,CH-WS-01,68,0,2,21,False
INV-0003201,2024-02-19,APP-0010,CH-NE-01,44,0,12,34,False
INV-0003202,2024-02-19,APP-0010,CH-MW-01,101,0,8,34,False
INV-0003203,2024-02-19,APP-0010,CH-WE-01,68,0,8,34,False
INV-0003204,2024-02-19,APP-0010,CH-ON-01,97,0,11,34,False
INV-0003205,2024-02-19,APP-0010,CH-WS-01,68,0,2,34,False
INV-0003206,2024-02-19,APP-0011,CH-NE-01,85,0,6,44,False
INV-0003207,2024-02-19,APP-0011,CH-MW-01,109,0,6,44,False
INV-0003208,2024-02-19,APP-0011,CH-WE-01,160,0,10,44,False
INV-0003209,2024-02-19,APP-0011,CH-ON-01,34,126,13,44,False
INV-0003210,2024-02-19,APP-0011,CH-WS-01,88,0,0,44,False
INV-0003211,2024-02-19,FTW-0014,CH-NE-01,87,0,11,27,False
INV-0003212,2024-02-19,FTW-0014,CH-MW-01,108,0,2,27,False
INV-0003213,2024-02-19,FTW-0014,CH-WE-01,89,0,6,27,False
INV-0003214,2024-02-19,FTW-0014,CH-ON-01,70,0,5,27,False
INV-0003215,2024-02-19,FTW-0014,CH-WS-01,117,0,2,27,False
INV-0003216,2024-02-19,FTW-0015,CH-NE-01,34,64,7,40,False
INV-0003217,2024-02-19,FTW-0015,CH-MW-01,56,0,9,40,False
INV-0003218,2024-02-19,FTW-0015,CH-WE-01,30,40,12,40,False
INV-0003219,2024-02-19,FTW-0015,CH-ON-01,30,69,16,40,False
INV-0003220,2024-02-19,FTW-0015,CH-WS-01,59,0,0,40,False
INV-0003221,2024-02-19,ACC-0017,CH-NE-01,91,0,7,31,False
INV-0003222,2024-02-19,ACC-0017,CH-MW-01,29,111,4,31,False
INV-0003223,2024-02-19,ACC-0017,CH-WE-01,86,0,1,31,False
INV-0003224,2024-02-19,ACC-0017,CH-ON-01,79,0,15,31,False
INV-0003225,2024-02-19,ACC-0017,CH-WS-01,89,0,4,31,False
INV-0003226,2024-02-19,ACC-0021,CH-NE-01,54,0,6,36,False
INV-0003227,2024-02-19,ACC-0021,CH-MW-01,126,0,8,36,False
INV-0003228,2024-02-19,ACC-0021,CH-WE-01,49,0,11,36,False
INV-0003229,2024-02-19,ACC-0021,CH-ON-01,108,0,8,36,False
INV-0003230,2024-02-19,ACC-0021,CH-WS-01,82,0,2,36,False
INV-0003231,2024-02-19,ACC-0024,CH-NE-01,94,0,1,16,False
INV-0003232,2024-02-19,ACC-0024,CH-MW-01,99,0,2,16,False
INV-0003233,2024-02-19,ACC-0024,CH-WE-01,44,0,7,16,False
INV-0003234,2024-02-19,ACC-0024,CH-ON-01,64,0,13,16,False
INV-0003235,2024-02-19,ACC-0024,CH-WS-01,70,0,6,16,False
INV-0003236,2024-02-19,HOM-0025,CH-NE-01,40,103,17,40,False
INV-0003237,2024-02-19,HOM-0025,CH-MW-01,122,0,0,40,False
INV-0003238,2024-02-19,HOM-0025,CH-WE-01,73,0,12,40,False
INV-0003239,2024-02-19,HOM-0025,CH-ON-01,58,0,2,40,False
INV-0003240,2024-02-19,HOM-0025,CH-WS-01,94,0,2,40,False
INV-0003241,2024-02-19,HOM-0026,CH-NE-01,49,0,11,26,False
INV-0003242,2024-02-19,HOM-0026,CH-MW-01,18,44,9,26,False
INV-0003243,2024-02-19,HOM-0026,CH-WE-01,31,0,9,26,False
INV-0003244,2024-02-19,HOM-0026,CH-ON-01,31,0,5,26,False
INV-0003245,2024-02-19,HOM-0026,CH-WS-01,26,54,2,26,False
INV-0003246,2024-02-19,HOM-0027,CH-NE-01,91,0,13,43,False
INV-0003247,2024-02-19,HOM-0027,CH-MW-01,60,0,4,43,False
INV-0003248,2024-02-19,HOM-0027,CH-WE-01,46,0,10,43,False
INV-0003249,2024-02-19,HOM-0027,CH-ON-01,92,0,11,43,False
INV-0003250,2024-02-19,HOM-0027,CH-WS-01,72,0,0,43,False
INV-0003251,2024-02-19,HOM-0029,CH-NE-01,140,0,6,39,False
INV-0003252,2024-02-19,HOM-0029,CH-MW-01,86,0,0,39,False
INV-0003253,2024-02-19,HOM-0029,CH-WE-01,45,0,16,39,False
INV-0003254,2024-02-19,HOM-0029,CH-ON-01,36,85,18,39,False
INV-0003255,2024-02-19,HOM-0029,CH-WS-01,64,0,0,39,False
INV-0003256,2024-02-19,HOM-0031,CH-NE-01,27,0,7,25,False
INV-0003257,2024-02-19,HOM-0031,CH-MW-01,76,0,3,25,False
INV-0003258,2024-02-19,HOM-0031,CH-WE-01,51,0,8,25,False
INV-0003259,2024-02-19,HOM-0031,CH-ON-01,115,0,6,25,False
INV-0003260,2024-02-19,HOM-0031,CH-WS-01,93,0,0,25,False
INV-0003261,2024-02-19,HOM-0032,CH-NE-01,44,0,12,28,False
INV-0003262,2024-02-19,HOM-0032,CH-MW-01,30,0,3,28,False
INV-0003263,2024-02-19,HOM-0032,CH-WE-01,28,68,1,28,False
INV-0003264,2024-02-19,HOM-0032,CH-ON-01,82,0,10,28,False
INV-0003265,2024-02-19,HOM-0032,CH-WS-01,46,0,6,28,False
INV-0003266,2024-02-26,APP-0001,CH-NE-01,72,0,17,33,False
INV-0003267,2024-02-26,APP-0001,CH-MW-01,49,0,14,33,False
INV-0003268,2024-02-26,APP-0001,CH-WE-01,108,0,7,33,False
INV-0003269,2024-02-26,APP-0001,CH-ON-01,108,0,3,33,False
INV-0003270,2024-02-26,APP-0001,CH-WS-01,59,0,1,33,False
INV-0003271,2024-02-26,APP-0002,CH-NE-01,73,0,5,23,False
INV-0003272,2024-02-26,APP-0002,CH-MW-01,127,0,8,23,False
INV-0003273,2024-02-26,APP-0002,CH-WE-01,33,0,15,23,False
INV-0003274,2024-02-26,APP-0002,CH-ON-01,108,0,4,23,False
INV-0003275,2024-02-26,APP-0002,CH-WS-01,74,0,2,23,False
INV-0003276,2024-02-26,APP-0003,CH-NE-01,40,0,8,15,False
INV-0003277,2024-02-26,APP-0003,CH-MW-01,18,0,6,15,False
INV-0003278,2024-02-26,APP-0003,CH-WE-01,27,0,10,15,False
INV-0003279,2024-02-26,APP-0003,CH-ON-01,21,0,7,15,False
INV-0003280,2024-02-26,APP-0003,CH-WS-01,76,0,0,15,False
INV-0003281,2024-02-26,APP-0005,CH-NE-01,70,0,1,36,False
INV-0003282,2024-02-26,APP-0005,CH-MW-01,49,0,6,36,False
INV-0003283,2024-02-26,APP-0005,CH-WE-01,45,0,3,36,False
INV-0003284,2024-02-26,APP-0005,CH-ON-01,129,0,26,36,False
INV-0003285,2024-02-26,APP-0005,CH-WS-01,101,0,2,36,False
INV-0003286,2024-02-26,APP-0007,CH-NE-01,91,0,0,28,False
INV-0003287,2024-02-26,APP-0007,CH-MW-01,38,0,8,28,False
INV-0003288,2024-02-26,APP-0007,CH-WE-01,74,0,7,28,False
INV-0003289,2024-02-26,APP-0007,CH-ON-01,69,0,18,28,False
INV-0003290,2024-02-26,APP-0007,CH-WS-01,87,0,1,28,False
INV-0003291,2024-02-26,APP-0008,CH-NE-01,58,0,3,17,False
INV-0003292,2024-02-26,APP-0008,CH-MW-01,71,0,7,17,False
INV-0003293,2024-02-26,APP-0008,CH-WE-01,56,0,11,17,False
INV-0003294,2024-02-26,APP-0008,CH-ON-01,44,0,6,17,False
INV-0003295,2024-02-26,APP-0008,CH-WS-01,114,0,0,17,False
INV-0003296,2024-02-26,APP-0009,CH-NE-01,45,0,11,21,False
INV-0003297,2024-02-26,APP-0009,CH-MW-01,62,0,5,21,False
INV-0003298,2024-02-26,APP-0009,CH-WE-01,53,0,6,21,False
INV-0003299,2024-02-26,APP-0009,CH-ON-01,44,0,6,21,False
INV-0003300,2024-02-26,APP-0009,CH-WS-01,68,0,0,21,False
INV-0003301,2024-02-26,APP-0010,CH-NE-01,34,73,10,34,False
INV-0003302,2024-02-26,APP-0010,CH-MW-01,88,0,13,34,False
INV-0003303,2024-02-26,APP-0010,CH-WE-01,67,0,1,34,False
INV-0003304,2024-02-26,APP-0010,CH-ON-01,81,0,16,34,False
INV-0003305,2024-02-26,APP-0010,CH-WS-01,61,0,7,34,False
INV-0003306,2024-02-26,APP-0011,CH-NE-01,78,0,7,44,False
INV-0003307,2024-02-26,APP-0011,CH-MW-01,103,0,6,44,False
INV-0003308,2024-02-26,APP-0011,CH-WE-01,152,0,8,44,False
INV-0003309,2024-02-26,APP-0011,CH-ON-01,145,0,15,44,False
INV-0003310,2024-02-26,APP-0011,CH-WS-01,87,0,1,44,False
INV-0003311,2024-02-26,FTW-0014,CH-NE-01,78,0,9,27,False
INV-0003312,2024-02-26,FTW-0014,CH-MW-01,91,0,17,27,False
INV-0003313,2024-02-26,FTW-0014,CH-WE-01,87,0,2,27,False
INV-0003314,2024-02-26,FTW-0014,CH-ON-01,58,0,12,27,False
INV-0003315,2024-02-26,FTW-0014,CH-WS-01,115,0,2,27,False
INV-0003316,2024-02-26,FTW-0015,CH-NE-01,85,0,13,40,False
INV-0003317,2024-02-26,FTW-0015,CH-MW-01,46,0,10,40,False
INV-0003318,2024-02-26,FTW-0015,CH-WE-01,57,0,13,40,False
INV-0003319,2024-02-26,FTW-0015,CH-ON-01,89,0,10,40,False
INV-0003320,2024-02-26,FTW-0015,CH-WS-01,59,0,0,40,False
INV-0003321,2024-02-26,ACC-0017,CH-NE-01,86,0,5,31,False
INV-0003322,2024-02-26,ACC-0017,CH-MW-01,136,0,4,31,False
INV-0003323,2024-02-26,ACC-0017,CH-WE-01,78,0,8,31,False
INV-0003324,2024-02-26,ACC-0017,CH-ON-01,68,0,11,31,False
INV-0003325,2024-02-26,ACC-0017,CH-WS-01,89,0,0,31,False
INV-0003326,2024-02-26,ACC-0021,CH-NE-01,52,0,2,36,False
INV-0003327,2024-02-26,ACC-0021,CH-MW-01,122,0,4,36,False
INV-0003328,2024-02-26,ACC-0021,CH-WE-01,38,0,11,36,False
INV-0003329,2024-02-26,ACC-0021,CH-ON-01,106,0,2,36,False
INV-0003330,2024-02-26,ACC-0021,CH-WS-01,82,0,0,36,False
INV-0003331,2024-02-26,ACC-0024,CH-NE-01,86,0,8,16,False
INV-0003332,2024-02-26,ACC-0024,CH-MW-01,84,0,15,16,False
INV-0003333,2024-02-26,ACC-0024,CH-WE-01,31,0,13,16,False
INV-0003334,2024-02-26,ACC-0024,CH-ON-01,58,0,6,16,False
INV-0003335,2024-02-26,ACC-0024,CH-WS-01,61,0,9,16,False
INV-0003336,2024-02-26,HOM-0025,CH-NE-01,134,0,9,40,False
INV-0003337,2024-02-26,HOM-0025,CH-MW-01,121,0,1,40,False
INV-0003338,2024-02-26,HOM-0025,CH-WE-01,70,0,3,40,False
INV-0003339,2024-02-26,HOM-0025,CH-ON-01,49,0,9,40,False
INV-0003340,2024-02-26,HOM-0025,CH-WS-01,81,0,13,40,False
INV-0003341,2024-02-26,HOM-0026,CH-NE-01,42,0,7,26,False
INV-0003342,2024-02-26,HOM-0026,CH-MW-01,59,0,3,26,False
INV-0003343,2024-02-26,HOM-0026,CH-WE-01,28,0,3,26,False
INV-0003344,2024-02-26,HOM-0026,CH-ON-01,26,53,5,26,False
INV-0003345,2024-02-26,HOM-0026,CH-WS-01,80,0,0,26,False
INV-0003346,2024-02-26,HOM-0027,CH-NE-01,90,0,1,43,False
INV-0003347,2024-02-26,HOM-0027,CH-MW-01,53,0,7,43,False
INV-0003348,2024-02-26,HOM-0027,CH-WE-01,38,59,8,43,False
INV-0003349,2024-02-26,HOM-0027,CH-ON-01,76,0,16,43,False
INV-0003350,2024-02-26,HOM-0027,CH-WS-01,68,0,4,43,False
INV-0003351,2024-02-26,HOM-0029,CH-NE-01,134,0,6,39,False
INV-0003352,2024-02-26,HOM-0029,CH-MW-01,82,0,4,39,False
INV-0003353,2024-02-26,HOM-0029,CH-WE-01,37,115,8,39,False
INV-0003354,2024-02-26,HOM-0029,CH-ON-01,103,0,18,39,False
INV-0003355,2024-02-26,HOM-0029,CH-WS-01,64,0,0,39,False
INV-0003356,2024-02-26,HOM-0031,CH-NE-01,20,77,7,25,False
INV-0003357,2024-02-26,HOM-0031,CH-MW-01,66,0,10,25,False
INV-0003358,2024-02-26,HOM-0031,CH-WE-01,43,0,8,25,False
INV-0003359,2024-02-26,HOM-0031,CH-ON-01,103,0,12,25,False
INV-0003360,2024-02-26,HOM-0031,CH-WS-01,91,0,2,25,False
INV-0003361,2024-02-26,HOM-0032,CH-NE-01,39,0,5,28,False
INV-0003362,2024-02-26,HOM-0032,CH-MW-01,24,48,6,28,False
INV-0003363,2024-02-26,HOM-0032,CH-WE-01,90,0,6,28,False
INV-0003364,2024-02-26,HOM-0032,CH-ON-01,74,0,8,28,False
INV-0003365,2024-02-26,HOM-0032,CH-WS-01,44,0,2,28,False
INV-0003366,2024-03-04,APP-0001,CH-NE-01,68,0,4,33,False
INV-0003367,2024-03-04,APP-0001,CH-MW-01,46,0,3,33,False
INV-0003368,2024-03-04,APP-0001,CH-WE-01,95,0,13,33,False
INV-0003369,2024-03-04,APP-0001,CH-ON-01,90,0,18,33,False
INV-0003370,2024-03-04,APP-0001,CH-WS-01,55,0,4,33,False
INV-0003371,2024-03-04,APP-0002,CH-NE-01,67,0,6,23,False
INV-0003372,2024-03-04,APP-0002,CH-MW-01,127,0,0,23,False
INV-0003373,2024-03-04,APP-0002,CH-WE-01,21,141,12,23,False
INV-0003374,2024-03-04,APP-0002,CH-ON-01,100,0,8,23,False
INV-0003375,2024-03-04,APP-0002,CH-WS-01,66,0,8,23,False
INV-0003376,2024-03-04,APP-0003,CH-NE-01,28,0,12,15,False
INV-0003377,2024-03-04,APP-0003,CH-MW-01,10,51,8,15,False
INV-0003378,2024-03-04,APP-0003,CH-WE-01,19,0,8,15,False
INV-0003379,2024-03-04,APP-0003,CH-ON-01,8,66,13,15,False
INV-0003380,2024-03-04,APP-0003,CH-WS-01,69,0,7,15,False
INV-0003381,2024-03-04,APP-0005,CH-NE-01,60,0,10,36,False
INV-0003382,2024-03-04,APP-0005,CH-MW-01,33,107,16,36,False
INV-0003383,2024-03-04,APP-0005,CH-WE-01,36,111,9,36,False
INV-0003384,2024-03-04,APP-0005,CH-ON-01,127,0,2,36,False
INV-0003385,2024-03-04,APP-0005,CH-WS-01,101,0,0,36,False
INV-0003386,2024-03-04,APP-0007,CH-NE-01,83,0,8,28,False
INV-0003387,2024-03-04,APP-0007,CH-MW-01,33,0,5,28,False
INV-0003388,2024-03-04,APP-0007,CH-WE-01,64,0,10,28,False
INV-0003389,2024-03-04,APP-0007,CH-ON-01,58,0,11,28,False
INV-0003390,2024-03-04,APP-0007,CH-WS-01,87,0,0,28,False
INV-0003391,2024-03-04,APP-0008,CH-NE-01,52,0,6,17,False
INV-0003392,2024-03-04,APP-0008,CH-MW-01,62,0,9,17,False
INV-0003393,2024-03-04,APP-0008,CH-WE-01,49,0,7,17,False
INV-0003394,2024-03-04,APP-0008,CH-ON-01,34,0,10,17,False
INV-0003395,2024-03-04,APP-0008,CH-WS-01,114,0,0,17,False
INV-0003396,2024-03-04,APP-0009,CH-NE-01,34,0,11,21,False
INV-0003397,2024-03-04,APP-0009,CH-MW-01,53,0,9,21,False
INV-0003398,2024-03-04,APP-0009,CH-WE-01,41,0,12,21,False
INV-0003399,2024-03-04,APP-0009,CH-ON-01,31,0,13,21,False
INV-0003400,2024-03-04,APP-0009,CH-WS-01,67,0,1,21,False
INV-0003401,2024-03-04,APP-0010,CH-NE-01,97,0,10,34,False
INV-0003402,2024-03-04,APP-0010,CH-MW-01,76,0,12,34,False
INV-0003403,2024-03-04,APP-0010,CH-WE-01,45,0,22,34,False
INV-0003404,2024-03-04,APP-0010,CH-ON-01,71,0,10,34,False
INV-0003405,2024-03-04,APP-0010,CH-WS-01,60,0,1,34,False
INV-0003406,2024-03-04,APP-0011,CH-NE-01,69,0,9,44,False
INV-0003407,2024-03-04,APP-0011,CH-MW-01,92,0,11,44,False
INV-0003408,2024-03-04,APP-0011,CH-WE-01,139,0,13,44,False
INV-0003409,2024-03-04,APP-0011,CH-ON-01,141,0,4,44,False
INV-0003410,2024-03-04,APP-0011,CH-WS-01,76,0,11,44,False
INV-0003411,2024-03-04,FTW-0014,CH-NE-01,69,0,9,27,False
INV-0003412,2024-03-04,FTW-0014,CH-MW-01,81,0,10,27,False
INV-0003413,2024-03-04,FTW-0014,CH-WE-01,80,0,7,27,False
INV-0003414,2024-03-04,FTW-0014,CH-ON-01,43,0,15,27,False
INV-0003415,2024-03-04,FTW-0014,CH-WS-01,115,0,0,27,False
INV-0003416,2024-03-04,FTW-0015,CH-NE-01,77,0,8,40,False
INV-0003417,2024-03-04,FTW-0015,CH-MW-01,43,0,3,40,False
INV-0003418,2024-03-04,FTW-0015,CH-WE-01,54,0,3,40,False
INV-0003419,2024-03-04,FTW-0015,CH-ON-01,77,0,12,40,False
INV-0003420,2024-03-04,FTW-0015,CH-WS-01,54,0,5,40,False
INV-0003421,2024-03-04,ACC-0017,CH-NE-01,77,0,9,31,False
INV-0003422,2024-03-04,ACC-0017,CH-MW-01,125,0,11,31,False
INV-0003423,2024-03-04,ACC-0017,CH-WE-01,66,0,12,31,False
INV-0003424,2024-03-04,ACC-0017,CH-ON-01,61,0,7,31,False
INV-0003425,2024-03-04,ACC-0017,CH-WS-01,87,0,2,31,False
INV-0003426,2024-03-04,ACC-0021,CH-NE-01,39,0,13,36,False
INV-0003427,2024-03-04,ACC-0021,CH-MW-01,117,0,5,36,False
INV-0003428,2024-03-04,ACC-0021,CH-WE-01,30,73,8,36,False
INV-0003429,2024-03-04,ACC-0021,CH-ON-01,90,0,16,36,False
INV-0003430,2024-03-04,ACC-0021,CH-WS-01,82,0,0,36,False
INV-0003431,2024-03-04,ACC-0024,CH-NE-01,79,0,7,16,False
INV-0003432,2024-03-04,ACC-0024,CH-MW-01,83,0,1,16,False
INV-0003433,2024-03-04,ACC-0024,CH-WE-01,31,0,0,16,False
INV-0003434,2024-03-04,ACC-0024,CH-ON-01,45,0,13,16,False
INV-0003435,2024-03-04,ACC-0024,CH-WS-01,55,0,6,16,False
INV-0003436,2024-03-04,HOM-0025,CH-NE-01,126,0,8,40,False
INV-0003437,2024-03-04,HOM-0025,CH-MW-01,116,0,5,40,False
INV-0003438,2024-03-04,HOM-0025,CH-WE-01,66,0,4,40,False
INV-0003439,2024-03-04,HOM-0025,CH-ON-01,32,65,17,40,False
INV-0003440,2024-03-04,HOM-0025,CH-WS-01,75,0,6,40,False
INV-0003441,2024-03-04,HOM-0026,CH-NE-01,31,0,11,26,False
INV-0003442,2024-03-04,HOM-0026,CH-MW-01,51,0,8,26,False
INV-0003443,2024-03-04,HOM-0026,CH-WE-01,19,38,9,26,False
INV-0003444,2024-03-04,HOM-0026,CH-ON-01,74,0,5,26,False
INV-0003445,2024-03-04,HOM-0026,CH-WS-01,79,0,1,26,False
INV-0003446,2024-03-04,HOM-0027,CH-NE-01,81,0,9,43,False
INV-0003447,2024-03-04,HOM-0027,CH-MW-01,48,0,5,43,False
INV-0003448,2024-03-04,HOM-0027,CH-WE-01,90,0,7,43,False
INV-0003449,2024-03-04,HOM-0027,CH-ON-01,67,0,9,43,False
INV-0003450,2024-03-04,HOM-0027,CH-WS-01,68,0,0,43,False
INV-0003451,2024-03-04,HOM-0029,CH-NE-01,134,0,0,39,False
INV-0003452,2024-03-04,HOM-0029,CH-MW-01,82,0,0,39,False
INV-0003453,2024-03-04,HOM-0029,CH-WE-01,149,0,3,39,False
INV-0003454,2024-03-04,HOM-0029,CH-ON-01,86,0,17,39,False
INV-0003455,2024-03-04,HOM-0029,CH-WS-01,64,0,0,39,False
INV-0003456,2024-03-04,HOM-0031,CH-NE-01,88,0,9,25,False
INV-0003457,2024-03-04,HOM-0031,CH-MW-01,58,0,8,25,False
INV-0003458,2024-03-04,HOM-0031,CH-WE-01,34,0,9,25,False
INV-0003459,2024-03-04,HOM-0031,CH-ON-01,100,0,3,25,False
INV-0003460,2024-03-04,HOM-0031,CH-WS-01,90,0,1,25,False
INV-0003461,2024-03-04,HOM-0032,CH-NE-01,34,0,5,28,False
INV-0003462,2024-03-04,HOM-0032,CH-MW-01,58,0,14,28,False
INV-0003463,2024-03-04,HOM-0032,CH-WE-01,81,0,9,28,False
INV-0003464,2024-03-04,HOM-0032,CH-ON-01,53,0,21,28,False
INV-0003465,2024-03-04,HOM-0032,CH-WS-01,42,0,2,28,False
INV-0003466,2024-03-11,APP-0001,CH-NE-01,62,0,6,33,False
INV-0003467,2024-03-11,APP-0001,CH-MW-01,37,0,9,33,False
INV-0003468,2024-03-11,APP-0001,CH-WE-01,84,0,11,33,False
INV-0003469,2024-03-11,APP-0001,CH-ON-01,76,0,14,33,False
INV-0003470,2024-03-11,APP-0001,CH-WS-01,54,0,1,33,False
INV-0003471,2024-03-11,APP-0002,CH-NE-01,56,0,11,23,False
INV-0003472,2024-03-11,APP-0002,CH-MW-01,125,0,2,23,False
INV-0003473,2024-03-11,APP-0002,CH-WE-01,156,0,6,23,False
INV-0003474,2024-03-11,APP-0002,CH-ON-01,84,0,16,23,False
INV-0003475,2024-03-11,APP-0002,CH-WS-01,64,0,2,23,False
INV-0003476,2024-03-11,APP-0003,CH-NE-01,27,0,1,15,False
INV-0003477,2024-03-11,APP-0003,CH-MW-01,53,0,8,15,False
INV-0003478,2024-03-11,APP-0003,CH-WE-01,7,37,12,15,False
INV-0003479,2024-03-11,APP-0003,CH-ON-01,55,0,19,15,False
INV-0003480,2024-03-11,APP-0003,CH-WS-01,69,0,0,15,False
INV-0003481,2024-03-11,APP-0005,CH-NE-01,51,0,9,36,False
INV-0003482,2024-03-11,APP-0005,CH-MW-01,132,0,8,36,False
INV-0003483,2024-03-11,APP-0005,CH-WE-01,137,0,10,36,False
INV-0003484,2024-03-11,APP-0005,CH-ON-01,115,0,12,36,False
INV-0003485,2024-03-11,APP-0005,CH-WS-01,101,0,0,36,False
INV-0003486,2024-03-11,APP-0006,CH-NE-01,63,0,5,38,False
INV-0003487,2024-03-11,APP-0006,CH-MW-01,57,0,11,38,False
INV-0003488,2024-03-11,APP-0006,CH-WE-01,58,0,10,38,False
INV-0003489,2024-03-11,APP-0006,CH-ON-01,61,0,7,38,False
INV-0003490,2024-03-11,APP-0006,CH-WS-01,68,0,0,38,False
INV-0003491,2024-03-11,APP-0007,CH-NE-01,73,0,10,28,False
INV-0003492,2024-03-11,APP-0007,CH-MW-01,25,47,8,28,False
INV-0003493,2024-03-11,APP-0007,CH-WE-01,60,0,4,28,False
INV-0003494,2024-03-11,APP-0007,CH-ON-01,47,0,11,28,False
INV-0003495,2024-03-11,APP-0007,CH-WS-01,87,0,0,28,False
INV-0003496,2024-03-11,APP-0008,CH-NE-01,41,0,11,17,False
INV-0003497,2024-03-11,APP-0008,CH-MW-01,61,0,1,17,False
INV-0003498,2024-03-11,APP-0008,CH-WE-01,41,0,8,17,False
INV-0003499,2024-03-11,APP-0008,CH-ON-01,22,0,12,17,False
INV-0003500,2024-03-11,APP-0008,CH-WS-01,113,0,1,17,False
INV-0003501,2024-03-11,APP-0009,CH-NE-01,30,0,4,21,False
INV-0003502,2024-03-11,APP-0009,CH-MW-01,51,0,2,21,False
INV-0003503,2024-03-11,APP-0009,CH-WE-01,34,0,7,21,False
INV-0003504,2024-03-11,APP-0009,CH-ON-01,19,40,12,21,False
INV-0003505,2024-03-11,APP-0009,CH-WS-01,67,0,0,21,False
INV-0003506,2024-03-11,APP-0010,CH-NE-01,95,0,2,34,False
INV-0003507,2024-03-11,APP-0010,CH-MW-01,65,0,11,34,False
INV-0003508,2024-03-11,APP-0010,CH-WE-01,38,0,7,34,False
INV-0003509,2024-03-11,APP-0010,CH-ON-01,63,0,8,34,False
INV-0003510,2024-03-11,APP-0010,CH-WS-01,60,0,0,34,False
INV-0003511,2024-03-11,APP-0011,CH-NE-01,54,0,15,44,False
INV-0003512,2024-03-11,APP-0011,CH-MW-01,92,0,0,44,False
INV-0003513,2024-03-11,APP-0011,CH-WE-01,130,0,9,44,False
INV-0003514,2024-03-11,APP-0011,CH-ON-01,128,0,13,44,False
INV-0003515,2024-03-11,APP-0011,CH-WS-01,76,0,0,44,False
INV-0003516,2024-03-11,FTW-0014,CH-NE-01,64,0,5,27,False
INV-0003517,2024-03-11,FTW-0014,CH-MW-01,78,0,3,27,False
INV-0003518,2024-03-11,FTW-0014,CH-WE-01,62,0,18,27,False
INV-0003519,2024-03-11,FTW-0014,CH-ON-01,22,72,21,27,False
INV-0003520,2024-03-11,FTW-0014,CH-WS-01,113,0,2,27,False
INV-0003521,2024-03-11,FTW-0015,CH-NE-01,68,0,9,40,False
INV-0003522,2024-03-11,FTW-0015,CH-MW-01,30,62,13,40,False
INV-0003523,2024-03-11,FTW-0015,CH-WE-01,51,0,3,40,False
INV-0003524,2024-03-11,FTW-0015,CH-ON-01,68,0,9,40,False
INV-0003525,2024-03-11,FTW-0015,CH-WS-01,53,0,1,40,False
INV-0003526,2024-03-11,ACC-0017,CH-NE-01,72,0,5,31,False
INV-0003527,2024-03-11,ACC-0017,CH-MW-01,122,0,3,31,False
INV-0003528,2024-03-11,ACC-0017,CH-WE-01,61,0,5,31,False
INV-0003529,2024-03-11,ACC-0017,CH-ON-01,60,0,1,31,False
INV-0003530,2024-03-11,ACC-0017,CH-WS-01,84,0,3,31,False
INV-0003531,2024-03-11,ACC-0021,CH-NE-01,21,114,18,36,False
INV-0003532,2024-03-11,ACC-0021,CH-MW-01,115,0,2,36,False
INV-0003533,2024-03-11,ACC-0021,CH-WE-01,90,0,13,36,False
INV-0003534,2024-03-11,ACC-0021,CH-ON-01,82,0,8,36,False
INV-0003535,2024-03-11,ACC-0021,CH-WS-01,80,0,2,36,False
INV-0003536,2024-03-11,ACC-0024,CH-NE-01,67,0,12,16,False
INV-0003537,2024-03-11,ACC-0024,CH-MW-01,81,0,2,16,False
INV-0003538,2024-03-11,ACC-0024,CH-WE-01,15,91,16,16,False
INV-0003539,2024-03-11,ACC-0024,CH-ON-01,20,0,25,16,False
INV-0003540,2024-03-11,ACC-0024,CH-WS-01,49,0,6,16,False
INV-0003541,2024-03-11,HOM-0025,CH-NE-01,120,0,6,40,False
INV-0003542,2024-03-11,HOM-0025,CH-MW-01,111,0,5,40,False
INV-0003543,2024-03-11,HOM-0025,CH-WE-01,54,0,12,40,False
INV-0003544,2024-03-11,HOM-0025,CH-ON-01,91,0,6,40,False
INV-0003545,2024-03-11,HOM-0025,CH-WS-01,75,0,0,40,False
INV-0003546,2024-03-11,HOM-0026,CH-NE-01,20,55,11,26,False
INV-0003547,2024-03-11,HOM-0026,CH-MW-01,45,0,6,26,False
INV-0003548,2024-03-11,HOM-0026,CH-WE-01,54,0,3,26,False
INV-0003549,2024-03-11,HOM-0026,CH-ON-01,54,0,20,26,False
INV-0003550,2024-03-11,HOM-0026,CH-WS-01,76,0,3,26,False
INV-0003551,2024-03-11,HOM-0027,CH-NE-01,78,0,3,43,False
INV-0003552,2024-03-11,HOM-0027,CH-MW-01,44,0,4,43,False
INV-0003553,2024-03-11,HOM-0027,CH-WE-01,83,0,7,43,False
INV-0003554,2024-03-11,HOM-0027,CH-ON-01,55,0,12,43,False
INV-0003555,2024-03-11,HOM-0027,CH-WS-01,64,0,4,43,False
INV-0003556,2024-03-11,HOM-0029,CH-NE-01,128,0,6,39,False
INV-0003557,2024-03-11,HOM-0029,CH-MW-01,77,0,5,39,False
INV-0003558,2024-03-11,HOM-0029,CH-WE-01,142,0,7,39,False
INV-0003559,2024-03-11,HOM-0029,CH-ON-01,64,0,22,39,False
INV-0003560,2024-03-11,HOM-0029,CH-WS-01,59,0,5,39,False
INV-0003561,2024-03-11,HOM-0031,CH-NE-01,64,0,24,25,False
INV-0003562,2024-03-11,HOM-0031,CH-MW-01,51,0,7,25,False
INV-0003563,2024-03-11,HOM-0031,CH-WE-01,25,74,9,25,False
INV-0003564,2024-03-11,HOM-0031,CH-ON-01,89,0,11,25,False
INV-0003565,2024-03-11,HOM-0031,CH-WS-01,87,0,3,25,False
INV-0003566,2024-03-11,HOM-0032,CH-NE-01,32,0,2,28,False
INV-0003567,2024-03-11,HOM-0032,CH-MW-01,55,0,3,28,False
INV-0003568,2024-03-11,HOM-0032,CH-WE-01,65,0,16,28,False
INV-0003569,2024-03-11,HOM-0032,CH-ON-01,28,70,25,28,False
INV-0003570,2024-03-11,HOM-0032,CH-WS-01,40,0,2,28,False
INV-0003571,2024-03-18,APP-0001,CH-NE-01,41,0,21,33,False
INV-0003572,2024-03-18,APP-0001,CH-MW-01,36,0,1,33,False
INV-0003573,2024-03-18,APP-0001,CH-WE-01,83,0,1,33,False
INV-0003574,2024-03-18,APP-0001,CH-ON-01,69,0,7,33,False
INV-0003575,2024-03-18,APP-0001,CH-WS-01,52,0,2,33,False
INV-0003576,2024-03-18,APP-0002,CH-NE-01,50,0,6,23,False
INV-0003577,2024-03-18,APP-0002,CH-MW-01,120,0,5,23,False
INV-0003578,2024-03-18,APP-0002,CH-WE-01,143,0,13,23,False
INV-0003579,2024-03-18,APP-0002,CH-ON-01,65,0,19,23,False
INV-0003580,2024-03-18,APP-0002,CH-WS-01,61,0,3,23,False
INV-0003581,2024-03-18,APP-0003,CH-NE-01,26,0,1,15,False
INV-0003582,2024-03-18,APP-0003,CH-MW-01,45,0,8,15,False
INV-0003583,2024-03-18,APP-0003,CH-WE-01,30,0,14,15,False
INV-0003584,2024-03-18,APP-0003,CH-ON-01,36,0,19,15,False
INV-0003585,2024-03-18,APP-0003,CH-WS-01,67,0,2,15,False
INV-0003586,2024-03-18,APP-0005,CH-NE-01,39,0,12,36,False
INV-0003587,2024-03-18,APP-0005,CH-MW-01,120,0,12,36,False
INV-0003588,2024-03-18,APP-0005,CH-WE-01,127,0,10,36,False
INV-0003589,2024-03-18,APP-0005,CH-ON-01,102,0,13,36,False
INV-0003590,2024-03-18,APP-0005,CH-WS-01,99,0,2,36,False
INV-0003591,2024-03-18,APP-0006,CH-NE-01,58,0,5,38,False
INV-0003592,2024-03-18,APP-0006,CH-MW-01,44,0,13,38,False
INV-0003593,2024-03-18,APP-0006,CH-WE-01,54,0,4,38,False
INV-0003594,2024-03-18,APP-0006,CH-ON-01,52,0,9,38,False
INV-0003595,2024-03-18,APP-0006,CH-WS-01,67,0,1,38,False
INV-0003596,2024-03-18,APP-0007,CH-NE-01,63,0,10,28,False
INV-0003597,2024-03-18,APP-0007,CH-MW-01,66,0,6,28,False
INV-0003598,2024-03-18,APP-0007,CH-WE-01,45,0,15,28,False
INV-0003599,2024-03-18,APP-0007,CH-ON-01,35,0,12,28,False
INV-0003600,2024-03-18,APP-0007,CH-WS-01,87,0,0,28,False
INV-0003601,2024-03-18,APP-0008,CH-NE-01,34,0,7,17,False
INV-0003602,2024-03-18,APP-0008,CH-MW-01,58,0,3,17,False
INV-0003603,2024-03-18,APP-0008,CH-WE-01,31,0,10,17,False
INV-0003604,2024-03-18,APP-0008,CH-ON-01,1,128,21,17,False
INV-0003605,2024-03-18,APP-0008,CH-WS-01,110,0,3,17,False
INV-0003606,2024-03-18,APP-0009,CH-NE-01,24,0,6,21,False
INV-0003607,2024-03-18,APP-0009,CH-MW-01,42,0,9,21,False
INV-0003608,2024-03-18,APP-0009,CH-WE-01,26,0,8,21,False
INV-0003609,2024-03-18,APP-0009,CH-ON-01,41,0,18,21,False
INV-0003610,2024-03-18,APP-0009,CH-WS-01,66,0,1,21,False
INV-0003611,2024-03-18,APP-0010,CH-NE-01,89,0,6,34,False
INV-0003612,2024-03-18,APP-0010,CH-MW-01,52,0,13,34,False
INV-0003613,2024-03-18,APP-0010,CH-WE-01,31,64,7,34,False
INV-0003614,2024-03-18,APP-0010,CH-ON-01,57,0,6,34,False
INV-0003615,2024-03-18,APP-0010,CH-WS-01,57,0,3,34,False
INV-0003616,2024-03-18,APP-0011,CH-NE-01,36,152,18,44,False
INV-0003617,2024-03-18,APP-0011,CH-MW-01,88,0,4,44,False
INV-0003618,2024-03-18,APP-0011,CH-WE-01,123,0,7,44,False
INV-0003619,2024-03-18,APP-0011,CH-ON-01,123,0,5,44,False
INV-0003620,2024-03-18,APP-0011,CH-WS-01,72,0,4,44,False
INV-0003621,2024-03-18,FTW-0014,CH-NE-01,46,0,18,27,False
INV-0003622,2024-03-18,FTW-0014,CH-MW-01,77,0,1,27,False
INV-0003623,2024-03-18,FTW-0014,CH-WE-01,50,0,12,27,False
INV-0003624,2024-03-18,FTW-0014,CH-ON-01,84,0,10,27,False
INV-0003625,2024-03-18,FTW-0014,CH-WS-01,110,0,3,27,False
INV-0003626,2024-03-18,FTW-0015,CH-NE-01,61,0,7,40,False
INV-0003627,2024-03-18,FTW-0015,CH-MW-01,79,0,13,40,False
INV-0003628,2024-03-18,FTW-0015,CH-WE-01,44,0,7,40,False
INV-0003629,2024-03-18,FTW-0015,CH-ON-01,51,0,17,40,False
INV-0003630,2024-03-18,FTW-0015,CH-WS-01,53,0,0,40,False
INV-0003631,2024-03-18,ACC-0017,CH-NE-01,62,0,10,31,False
INV-0003632,2024-03-18,ACC-0017,CH-MW-01,117,0,5,31,False
INV-0003633,2024-03-18,ACC-0017,CH-WE-01,52,0,9,31,False
INV-0003634,2024-03-18,ACC-0017,CH-ON-01,55,0,5,31,False
INV-0003635,2024-03-18,ACC-0017,CH-WS-01,83,0,1,31,False
INV-0003636,2024-03-18,ACC-0021,CH-NE-01,122,0,13,36,False
INV-0003637,2024-03-18,ACC-0021,CH-MW-01,105,0,10,36,False
INV-0003638,2024-03-18,ACC-0021,CH-WE-01,73,0,17,36,False
INV-0003639,2024-03-18,ACC-0021,CH-ON-01,79,0,3,36,False
INV-0003640,2024-03-18,ACC-0021,CH-WS-01,79,0,1,36,False
INV-0003641,2024-03-18,ACC-0024,CH-NE-01,58,0,9,16,False
INV-0003642,2024-03-18,ACC-0024,CH-MW-01,70,0,11,16,False
INV-0003643,2024-03-18,ACC-0024,CH-WE-01,99,0,7,16,False
INV-0003644,2024-03-18,ACC-0024,CH-ON-01,7,81,13,16,False
INV-0003645,2024-03-18,ACC-0024,CH-WS-01,46,0,3,16,False
INV-0003646,2024-03-18,HOM-0025,CH-NE-01,107,0,13,40,False
INV-0003647,2024-03-18,HOM-0025,CH-MW-01,107,0,4,40,False
INV-0003648,2024-03-18,HOM-0025,CH-WE-01,51,0,3,40,False
INV-0003649,2024-03-18,HOM-0025,CH-ON-01,66,0,25,40,False
INV-0003650,2024-03-18,HOM-0025,CH-WS-01,75,0,0,40,False
INV-0003651,2024-03-18,HOM-0026,CH-NE-01,57,0,18,26,False
INV-0003652,2024-03-18,HOM-0026,CH-MW-01,39,0,6,26,False
INV-0003653,2024-03-18,HOM-0026,CH-WE-01,42,0,12,26,False
INV-0003654,2024-03-18,HOM-0026,CH-ON-01,51,0,3,26,False
INV-0003655,2024-03-18,HOM-0026,CH-WS-01,71,0,5,26,False
INV-0003656,2024-03-18,HOM-0027,CH-NE-01,71,0,7,43,False
INV-0003657,2024-03-18,HOM-0027,CH-MW-01,38,73,6,43,False
INV-0003658,2024-03-18,HOM-0027,CH-WE-01,75,0,8,43,False
INV-0003659,2024-03-18,HOM-0027,CH-ON-01,42,60,13,43,False
INV-0003660,2024-03-18,HOM-0027,CH-WS-01,64,0,0,43,False
INV-0003661,2024-03-18,HOM-0029,CH-NE-01,122,0,6,39,False
INV-0003662,2024-03-18,HOM-0029,CH-MW-01,74,0,3,39,False
INV-0003663,2024-03-18,HOM-0029,CH-WE-01,129,0,13,39,False
INV-0003664,2024-03-18,HOM-0029,CH-ON-01,52,0,12,39,False
INV-0003665,2024-03-18,HOM-0029,CH-WS-01,58,0,1,39,False
INV-0003666,2024-03-18,HOM-0031,CH-NE-01,55,0,9,25,False
INV-0003667,2024-03-18,HOM-0031,CH-MW-01,47,0,4,25,False
INV-0003668,2024-03-18,HOM-0031,CH-WE-01,92,0,7,25,False
INV-0003669,2024-03-18,HOM-0031,CH-ON-01,72,0,17,25,False
INV-0003670,2024-03-18,HOM-0031,CH-WS-01,84,0,3,25,False
INV-0003671,2024-03-18,HOM-0032,CH-NE-01,28,37,4,28,False
INV-0003672,2024-03-18,HOM-0032,CH-MW-01,55,0,0,28,False
INV-0003673,2024-03-18,HOM-0032,CH-WE-01,61,0,4,28,False
INV-0003674,2024-03-18,HOM-0032,CH-ON-01,75,0,23,28,False
INV-0003675,2024-03-18,HOM-0032,CH-WS-01,35,0,5,28,False
INV-0003676,2024-03-25,APP-0001,CH-NE-01,35,0,6,33,False
INV-0003677,2024-03-25,APP-0001,CH-MW-01,30,103,6,33,False
INV-0003678,2024-03-25,APP-0001,CH-WE-01,73,0,10,33,False
INV-0003679,2024-03-25,APP-0001,CH-ON-01,60,0,9,33,False
INV-0003680,2024-03-25,APP-0001,CH-WS-01,52,0,0,33,False
INV-0003681,2024-03-25,APP-0002,CH-NE-01,45,0,5,23,False
INV-0003682,2024-03-25,APP-0002,CH-MW-01,112,0,8,23,False
INV-0003683,2024-03-25,APP-0002,CH-WE-01,138,0,5,23,False
INV-0003684,2024-03-25,APP-0002,CH-ON-01,55,0,10,23,False
INV-0003685,2024-03-25,APP-0002,CH-WS-01,57,0,4,23,False
INV-0003686,2024-03-25,APP-0003,CH-NE-01,22,0,4,15,False
INV-0003687,2024-03-25,APP-0003,CH-MW-01,43,0,2,15,False
INV-0003688,2024-03-25,APP-0003,CH-WE-01,17,0,13,15,False
INV-0003689,2024-03-25,APP-0003,CH-ON-01,18,0,18,15,False
INV-0003690,2024-03-25,APP-0003,CH-WS-01,63,0,4,15,False
INV-0003691,2024-03-25,APP-0005,CH-NE-01,23,105,16,36,False
INV-0003692,2024-03-25,APP-0005,CH-MW-01,109,0,11,36,False
INV-0003693,2024-03-25,APP-0005,CH-WE-01,109,0,18,36,False
INV-0003694,2024-03-25,APP-0005,CH-ON-01,90,0,12,36,False
INV-0003695,2024-03-25,APP-0005,CH-WS-01,99,0,0,36,False
INV-0003696,2024-03-25,APP-0006,CH-NE-01,53,0,5,38,False
INV-0003697,2024-03-25,APP-0006,CH-MW-01,36,62,8,38,False
INV-0003698,2024-03-25,APP-0006,CH-WE-01,54,0,0,38,False
INV-0003699,2024-03-25,APP-0006,CH-ON-01,41,0,11,38,False
INV-0003700,2024-03-25,APP-0006,CH-WS-01,63,0,4,38,False
INV-0003701,2024-03-25,APP-0007,CH-NE-01,53,0,10,28,False
INV-0003702,2024-03-25,APP-0007,CH-MW-01,60,0,6,28,False
INV-0003703,2024-03-25,APP-0007,CH-WE-01,37,0,8,28,False
INV-0003704,2024-03-25,APP-0007,CH-ON-01,15,57,20,28,False
INV-0003705,2024-03-25,APP-0007,CH-WS-01,85,0,2,28,False
INV-0003706,2024-03-25,APP-0008,CH-NE-01,32,0,2,17,False
INV-0003707,2024-03-25,APP-0008,CH-MW-01,52,0,6,17,False
INV-0003708,2024-03-25,APP-0008,CH-WE-01,24,0,7,17,False
INV-0003709,2024-03-25,APP-0008,CH-ON-01,118,0,11,17,False
INV-0003710,2024-03-25,APP-0008,CH-WS-01,109,0,1,17,False
INV-0003711,2024-03-25,APP-0009,CH-NE-01,19,47,5,21,False
INV-0003712,2024-03-25,APP-0009,CH-MW-01,36,0,6,21,False
INV-0003713,2024-03-25,APP-0009,CH-WE-01,8,35,18,21,False
INV-0003714,2024-03-25,APP-0009,CH-ON-01,27,0,14,21,False
INV-0003715,2024-03-25,APP-0009,CH-WS-01,66,0,0,21,False
INV-0003716,2024-03-25,APP-0010,CH-NE-01,72,0,17,34,False
INV-0003717,2024-03-25,APP-0010,CH-MW-01,46,0,6,34,False
INV-0003718,2024-03-25,APP-0010,CH-WE-01,87,0,8,34,False
INV-0003719,2024-03-25,APP-0010,CH-ON-01,53,0,4,34,False
INV-0003720,2024-03-25,APP-0010,CH-WS-01,57,0,0,34,False
INV-0003721,2024-03-25,APP-0011,CH-NE-01,175,0,13,44,False
INV-0003722,2024-03-25,APP-0011,CH-MW-01,78,0,10,44,False
INV-0003723,2024-03-25,APP-0011,CH-WE-01,113,0,10,44,False
INV-0003724,2024-03-25,APP-0011,CH-ON-01,112,0,11,44,False
INV-0003725,2024-03-25,APP-0011,CH-WS-01,71,0,1,44,False
INV-0003726,2024-03-25,FTW-0014,CH-NE-01,36,0,10,27,False
INV-0003727,2024-03-25,FTW-0014,CH-MW-01,63,0,14,27,False
INV-0003728,2024-03-25,FTW-0014,CH-WE-01,43,0,7,27,False
INV-0003729,2024-03-25,FTW-0014,CH-ON-01,70,0,14,27,False
INV-0003730,2024-03-25,FTW-0014,CH-WS-01,110,0,0,27,False
INV-0003731,2024-03-25,FTW-0015,CH-NE-01,49,0,12,40,False
INV-0003732,2024-03-25,FTW-0015,CH-MW-01,68,0,11,40,False
INV-0003733,2024-03-25,FTW-0015,CH-WE-01,33,75,11,40,False
INV-0003734,2024-03-25,FTW-0015,CH-ON-01,38,48,13,40,False
INV-0003735,2024-03-25,FTW-0015,CH-WS-01,41,0,12,40,False
INV-0003736,2024-03-25,ACC-0017,CH-NE-01,55,0,7,31,False
INV-0003737,2024-03-25,ACC-0017,CH-MW-01,112,0,5,31,False
INV-0003738,2024-03-25,ACC-0017,CH-WE-01,42,0,10,31,False
INV-0003739,2024-03-25,ACC-0017,CH-ON-01,26,113,29,31,False
INV-0003740,2024-03-25,ACC-0017,CH-WS-01,82,0,1,31,False
INV-0003741,2024-03-25,ACC-0021,CH-NE-01,113,0,9,36,False
INV-0003742,2024-03-25,ACC-0021,CH-MW-01,102,0,3,36,False
INV-0003743,2024-03-25,ACC-0021,CH-WE-01,73,0,0,36,False
INV-0003744,2024-03-25,ACC-0021,CH-ON-01,61,0,18,36,False
INV-0003745,2024-03-25,ACC-0021,CH-WS-01,76,0,3,36,False
INV-0003746,2024-03-25,ACC-0024,CH-NE-01,53,0,5,16,False
INV-0003747,2024-03-25,ACC-0024,CH-MW-01,68,0,2,16,False
INV-0003748,2024-03-25,ACC-0024,CH-WE-01,86,0,13,16,False
INV-0003749,2024-03-25,ACC-0024,CH-ON-01,72,0,16,16,False
INV-0003750,2024-03-25,ACC-0024,CH-WS-01,46,0,0,16,False
INV-0003751,2024-03-25,HOM-0025,CH-NE-01,92,0,15,40,False
INV-0003752,2024-03-25,HOM-0025,CH-MW-01,97,0,10,40,False
INV-0003753,2024-03-25,HOM-0025,CH-WE-01,46,0,5,40,False
INV-0003754,2024-03-25,HOM-0025,CH-ON-01,51,0,15,40,False
INV-0003755,2024-03-25,HOM-0025,CH-WS-01,75,0,0,40,False
INV-0003756,2024-03-25,HOM-0026,CH-NE-01,47,0,10,26,False
INV-0003757,2024-03-25,HOM-0026,CH-MW-01,34,0,5,26,False
INV-0003758,2024-03-25,HOM-0026,CH-WE-01,37,0,5,26,False
INV-0003759,2024-03-25,HOM-0026,CH-ON-01,34,0,17,26,False
INV-0003760,2024-03-25,HOM-0026,CH-WS-01,68,0,3,26,False
INV-0003761,2024-03-25,HOM-0027,CH-NE-01,64,0,7,43,False
INV-0003762,2024-03-25,HOM-0027,CH-MW-01,98,0,13,43,False
INV-0003763,2024-03-25,HOM-0027,CH-WE-01,69,0,6,43,False
INV-0003764,2024-03-25,HOM-0027,CH-ON-01,84,0,18,43,False
INV-0003765,2024-03-25,HOM-0027,CH-WS-01,62,0,2,43,False
INV-0003766,2024-03-25,HOM-0029,CH-NE-01,116,0,6,39,False
INV-0003767,2024-03-25,HOM-0029,CH-MW-01,70,0,4,39,False
INV-0003768,2024-03-25,HOM-0029,CH-WE-01,118,0,11,39,False
INV-0003769,2024-03-25,HOM-0029,CH-ON-01,37,126,15,39,False
INV-0003770,2024-03-25,HOM-0029,CH-WS-01,57,0,1,39,False
INV-0003771,2024-03-25,HOM-0031,CH-NE-01,45,0,10,25,False
INV-0003772,2024-03-25,HOM-0031,CH-MW-01,39,0,8,25,False
INV-0003773,2024-03-25,HOM-0031,CH-WE-01,79,0,13,25,False
INV-0003774,2024-03-25,HOM-0031,CH-ON-01,66,0,6,25,False
INV-0003775,2024-03-25,HOM-0031,CH-WS-01,84,0,0,25,False
INV-0003776,2024-03-25,HOM-0032,CH-NE-01,52,0,13,28,False
INV-0003777,2024-03-25,HOM-0032,CH-MW-01,53,0,2,28,False
INV-0003778,2024-03-25,HOM-0032,CH-WE-01,49,0,12,28,False
INV-0003779,2024-03-25,HOM-0032,CH-ON-01,47,0,28,28,False
INV-0003780,2024-03-25,HOM-0032,CH-WS-01,26,63,9,28,False
INV-0003781,2024-04-01,APP-0001,CH-NE-01,33,93,2,33,False
INV-0003782,2024-04-01,APP-0001,CH-MW-01,120,0,13,33,False
INV-0003783,2024-04-01,APP-0001,CH-WE-01,64,0,9,33,False
INV-0003784,2024-04-01,APP-0001,CH-ON-01,41,0,19,33,False
INV-0003785,2024-04-01,APP-0001,CH-WS-01,50,0,2,33,False
INV-0003786,2024-04-01,APP-0002,CH-NE-01,33,0,12,23,False
INV-0003787,2024-04-01,APP-0002,CH-MW-01,104,0,8,23,False
INV-0003788,2024-04-01,APP-0002,CH-WE-01,130,0,8,23,False
INV-0003789,2024-04-01,APP-0002,CH-ON-01,47,0,8,23,False
INV-0003790,2024-04-01,APP-0002,CH-WS-01,56,0,1,23,False
INV-0003791,2024-04-01,APP-0003,CH-NE-01,18,0,4,15,False
INV-0003792,2024-04-01,APP-0003,CH-MW-01,35,0,8,15,False
INV-0003793,2024-04-01,APP-0003,CH-WE-01,7,75,10,15,False
INV-0003794,2024-04-01,APP-0003,CH-ON-01,9,59,9,15,False
INV-0003795,2024-04-01,APP-0003,CH-WS-01,62,0,1,15,False
INV-0003796,2024-04-01,APP-0005,CH-NE-01,118,0,10,36,False
INV-0003797,2024-04-01,APP-0005,CH-MW-01,100,0,9,36,False
INV-0003798,2024-04-01,APP-0005,CH-WE-01,107,0,2,36,False
INV-0003799,2024-04-01,APP-0005,CH-ON-01,77,0,13,36,False
INV-0003800,2024-04-01,APP-0005,CH-WS-01,99,0,0,36,False
INV-0003801,2024-04-01,APP-0006,CH-NE-01,42,0,11,38,False
INV-0003802,2024-04-01,APP-0006,CH-MW-01,95,0,3,38,False
INV-0003803,2024-04-01,APP-0006,CH-WE-01,40,0,14,38,False
INV-0003804,2024-04-01,APP-0006,CH-ON-01,33,42,8,38,False
INV-0003805,2024-04-01,APP-0006,CH-WS-01,63,0,0,38,False
INV-0003806,2024-04-01,APP-0007,CH-NE-01,42,0,11,28,False
INV-0003807,2024-04-01,APP-0007,CH-MW-01,51,0,9,28,False
INV-0003808,2024-04-01,APP-0007,CH-WE-01,24,58,13,28,False
INV-0003809,2024-04-01,APP-0007,CH-ON-01,69,0,3,28,False
INV-0003810,2024-04-01,APP-0007,CH-WS-01,84,0,1,28,False
INV-0003811,2024-04-01,APP-0008,CH-NE-01,32,0,0,17,False
INV-0003812,2024-04-01,APP-0008,CH-MW-01,47,0,5,17,False
INV-0003813,2024-04-01,APP-0008,CH-WE-01,15,103,9,17,False
INV-0003814,2024-04-01,APP-0008,CH-ON-01,107,0,11,17,False
INV-0003815,2024-04-01,APP-0008,CH-WS-01,108,0,1,17,False
INV-0003816,2024-04-01,APP-0009,CH-NE-01,61,0,5,21,False
INV-0003817,2024-04-01,APP-0009,CH-MW-01,30,0,6,21,False
INV-0003818,2024-04-01,APP-0009,CH-WE-01,29,0,14,21,False
INV-0003819,2024-04-01,APP-0009,CH-ON-01,19,69,8,21,False
INV-0003820,2024-04-01,APP-0009,CH-WS-01,65,0,1,21,False
INV-0003821,2024-04-01,APP-0010,CH-NE-01,68,0,4,34,False
INV-0003822,2024-04-01,APP-0010,CH-MW-01,41,0,5,34,False
INV-0003823,2024-04-01,APP-0010,CH-WE-01,70,0,17,34,False
INV-0003824,2024-04-01,APP-0010,CH-ON-01,35,0,18,34,False
INV-0003825,2024-04-01,APP-0010,CH-WS-01,57,0,0,34,False
INV-0003826,2024-04-01,APP-0011,CH-NE-01,167,0,8,44,False
INV-0003827,2024-04-01,APP-0011,CH-MW-01,62,0,16,44,False
INV-0003828,2024-04-01,APP-0011,CH-WE-01,98,0,15,44,False
INV-0003829,2024-04-01,APP-0011,CH-ON-01,83,0,29,44,False
INV-0003830,2024-04-01,APP-0011,CH-WS-01,65,0,6,44,False
INV-0003831,2024-04-01,FTW-0014,CH-NE-01,28,0,8,27,False
INV-0003832,2024-04-01,FTW-0014,CH-MW-01,57,0,6,27,False
INV-0003833,2024-04-01,FTW-0014,CH-WE-01,39,0,4,27,False
INV-0003834,2024-04-01,FTW-0014,CH-ON-01,60,0,10,27,False
INV-0003835,2024-04-01,FTW-0014,CH-WS-01,107,0,3,27,False
INV-0003836,2024-04-01,FTW-0015,CH-NE-01,38,59,11,40,False
INV-0003837,2024-04-01,FTW-0015,CH-MW-01,56,0,12,40,False
INV-0003838,2024-04-01,FTW-0015,CH-WE-01,97,0,11,40,False
INV-0003839,2024-04-01,FTW-0015,CH-ON-01,65,0,21,40,False
INV-0003840,2024-04-01,FTW-0015,CH-WS-01,41,0,0,40,False
INV-0003841,2024-04-01,ACC-0017,CH-NE-01,52,0,3,31,False
INV-0003842,2024-04-01,ACC-0017,CH-MW-01,107,0,5,31,False
INV-0003843,2024-04-01,ACC-0017,CH-WE-01,38,0,4,31,False
INV-0003844,2024-04-01,ACC-0017,CH-ON-01,122,0,17,31,False
INV-0003845,2024-04-01,ACC-0017,CH-WS-01,80,0,2,31,False
INV-0003846,2024-04-01,ACC-0021,CH-NE-01,106,0,7,36,False
INV-0003847,2024-04-01,ACC-0021,CH-MW-01,89,0,13,36,False
INV-0003848,2024-04-01,ACC-0021,CH-WE-01,56,0,17,36,False
INV-0003849,2024-04-01,ACC-0021,CH-ON-01,51,0,10,36,False
INV-0003850,2024-04-01,ACC-0021,CH-WS-01,66,0,10,36,False
INV-0003851,2024-04-01,ACC-0024,CH-NE-01,43,0,10,16,False
INV-0003852,2024-04-01,ACC-0024,CH-MW-01,61,0,7,16,False
INV-0003853,2024-04-01,ACC-0024,CH-WE-01,81,0,5,16,False
INV-0003854,2024-04-01,ACC-0024,CH-ON-01,52,0,20,16,False
INV-0003855,2024-04-01,ACC-0024,CH-WS-01,46,0,0,16,False
INV-0003856,2024-04-01,HOM-0025,CH-NE-01,89,0,3,40,False
INV-0003857,2024-04-01,HOM-0025,CH-MW-01,95,0,2,40,False
INV-0003858,2024-04-01,HOM-0025,CH-WE-01,33,62,13,40,False
INV-0003859,2024-04-01,HOM-0025,CH-ON-01,38,75,13,40,False
INV-0003860,2024-04-01,HOM-0025,CH-WS-01,74,0,1,40,False
INV-0003861,2024-04-01,HOM-0026,CH-NE-01,45,0,2,26,False
INV-0003862,2024-04-01,HOM-0026,CH-MW-01,34,0,0,26,False
INV-0003863,2024-04-01,HOM-0026,CH-WE-01,26,49,11,26,False
INV-0003864,2024-04-01,HOM-0026,CH-ON-01,19,37,15,26,False
INV-0003865,2024-04-01,HOM-0026,CH-WS-01,65,0,3,26,False
INV-0003866,2024-04-01,HOM-0027,CH-NE-01,61,0,3,43,False
INV-0003867,2024-04-01,HOM-0027,CH-MW-01,89,0,9,43,False
INV-0003868,2024-04-01,HOM-0027,CH-WE-01,61,0,8,43,False
INV-0003869,2024-04-01,HOM-0027,CH-ON-01,65,0,19,43,False
INV-0003870,2024-04-01,HOM-0027,CH-WS-01,61,0,1,43,False
INV-0003871,2024-04-01,HOM-0029,CH-NE-01,116,0,0,39,False
INV-0003872,2024-04-01,HOM-0029,CH-MW-01,62,0,8,39,False
INV-0003873,2024-04-01,HOM-0029,CH-WE-01,112,0,6,39,False
INV-0003874,2024-04-01,HOM-0029,CH-ON-01,155,0,8,39,False
INV-0003875,2024-04-01,HOM-0029,CH-WS-01,57,0,0,39,False
INV-0003876,2024-04-01,HOM-0031,CH-NE-01,36,0,9,25,False
INV-0003877,2024-04-01,HOM-0031,CH-MW-01,31,0,8,25,False
INV-0003878,2024-04-01,HOM-0031,CH-WE-01,68,0,11,25,False
INV-0003879,2024-04-01,HOM-0031,CH-ON-01,39,0,27,25,False
INV-0003880,2024-04-01,HOM-0031,CH-WS-01,84,0,0,25,False
INV-0003881,2024-04-01,HOM-0032,CH-NE-01,42,0,10,28,False
INV-0003882,2024-04-01,HOM-0032,CH-MW-01,45,0,8,28,False
INV-0003883,2024-04-01,HOM-0032,CH-WE-01,43,0,6,28,False
INV-0003884,2024-04-01,HOM-0032,CH-ON-01,29,0,18,28,False
INV-0003885,2024-04-01,HOM-0032,CH-WS-01,89,0,0,28,False
INV-0003886,2024-04-08,APP-0001,CH-NE-01,119,0,7,33,False
INV-0003887,2024-04-08,APP-0001,CH-MW-01,104,0,16,33,False
INV-0003888,2024-04-08,APP-0001,CH-WE-01,54,0,10,33,False
INV-0003889,2024-04-08,APP-0001,CH-ON-01,35,0,6,33,False
INV-0003890,2024-04-08,APP-0001,CH-WS-01,50,0,0,33,False
INV-0003891,2024-04-08,APP-0002,CH-NE-01,31,0,2,23,False
INV-0003892,2024-04-08,APP-0002,CH-MW-01,98,0,6,23,False
INV-0003893,2024-04-08,APP-0002,CH-WE-01,120,0,10,23,False
INV-0003894,2024-04-08,APP-0002,CH-ON-01,40,0,7,23,False
INV-0003895,2024-04-08,APP-0002,CH-WS-01,55,0,1,23,False
INV-0003896,2024-04-08,APP-0003,CH-NE-01,12,61,6,15,False
INV-0003897,2024-04-08,APP-0003,CH-MW-01,34,0,1,15,False
INV-0003898,2024-04-08,APP-0003,CH-WE-01,77,0,5,15,False
INV-0003899,2024-04-08,APP-0003,CH-ON-01,60,0,8,15,False
INV-0003900,2024-04-08,APP-0003,CH-WS-01,60,0,2,15,False
INV-0003901,2024-04-08,APP-0005,CH-NE-01,115,0,3,36,False
INV-0003902,2024-04-08,APP-0005,CH-MW-01,94,0,6,36,False
INV-0003903,2024-04-08,APP-0005,CH-WE-01,102,0,5,36,False
INV-0003904,2024-04-08,APP-0005,CH-ON-01,68,0,9,36,False
INV-0003905,2024-04-08,APP-0005,CH-WS-01,97,0,2,36,False
INV-0003906,2024-04-08,APP-0006,CH-NE-01,36,52,6,38,False
INV-0003907,2024-04-08,APP-0006,CH-MW-01,89,0,6,38,False
INV-0003908,2024-04-08,APP-0006,CH-WE-01,30,39,10,38,False
INV-0003909,2024-04-08,APP-0006,CH-ON-01,63,0,12,38,False
INV-0003910,2024-04-08,APP-0006,CH-WS-01,62,0,1,38,False
INV-0003911,2024-04-08,APP-0007,CH-NE-01,37,0,5,28,False
INV-0003912,2024-04-08,APP-0007,CH-MW-01,44,0,7,28,False
INV-0003913,2024-04-08,APP-0007,CH-WE-01,68,0,14,28,False
INV-0003914,2024-04-08,APP-0007,CH-ON-01,53,0,16,28,False
INV-0003915,2024-04-08,APP-0007,CH-WS-01,84,0,0,28,False
INV-0003916,2024-04-08,APP-0008,CH-NE-01,25,0,7,17,False
INV-0003917,2024-04-08,APP-0008,CH-MW-01,40,0,7,17,False
INV-0003918,2024-04-08,APP-0008,CH-WE-01,109,0,9,17,False
INV-0003919,2024-04-08,APP-0008,CH-ON-01,92,0,15,17,False
INV-0003920,2024-04-08,APP-0008,CH-WS-01,108,0,0,17,False
INV-0003921,2024-04-08,APP-0009,CH-NE-01,59,0,2,21,False
INV-0003922,2024-04-08,APP-0009,CH-MW-01,23,0,7,21,False
INV-0003923,2024-04-08,APP-0009,CH-WE-01,10,40,19,21,False
INV-0003924,2024-04-08,APP-0009,CH-ON-01,84,0,4,21,False
INV-0003925,2024-04-08,APP-0009,CH-WS-01,65,0,0,21,False
INV-0003926,2024-04-08,APP-0010,CH-NE-01,58,0,10,34,False
INV-0003927,2024-04-08,APP-0010,CH-MW-01,39,0,2,34,False
INV-0003928,2024-04-08,APP-0010,CH-WE-01,55,0,15,34,False
INV-0003929,2024-04-08,APP-0010,CH-ON-01,27,71,8,34,False
INV-0003930,2024-04-08,APP-0010,CH-WS-01,56,0,1,34,False
INV-0003931,2024-04-08,APP-0011,CH-NE-01,157,0,10,44,False
INV-0003932,2024-04-08,APP-0011,CH-MW-01,46,0,16,44,False
INV-0003933,2024-04-08,APP-0011,CH-WE-01,88,0,10,44,False
INV-0003934,2024-04-08,APP-0011,CH-ON-01,73,0,10,44,False
INV-0003935,2024-04-08,APP-0011,CH-WS-01,62,0,3,44,False
INV-0003936,2024-04-08,FTW-0012,CH-NE-01,75,0,9,42,False
INV-0003937,2024-04-08,FTW-0012,CH-MW-01,83,0,1,42,False
INV-0003938,2024-04-08,FTW-0012,CH-WE-01,67,0,17,42,False
INV-0003939,2024-04-08,FTW-0012,CH-ON-01,71,0,13,42,False
INV-0003940,2024-04-08,FTW-0012,CH-WS-01,82,0,2,42,False
INV-0003941,2024-04-08,FTW-0014,CH-NE-01,12,88,16,27,False
INV-0003942,2024-04-08,FTW-0014,CH-MW-01,52,0,5,27,False
INV-0003943,2024-04-08,FTW-0014,CH-WE-01,29,0,10,27,False
INV-0003944,2024-04-08,FTW-0014,CH-ON-01,58,0,2,27,False
INV-0003945,2024-04-08,FTW-0014,CH-WS-01,102,0,5,27,False
INV-0003946,2024-04-08,FTW-0015,CH-NE-01,88,0,9,40,False
INV-0003947,2024-04-08,FTW-0015,CH-MW-01,50,0,6,40,False
INV-0003948,2024-04-08,FTW-0015,CH-WE-01,91,0,6,40,False
INV-0003949,2024-04-08,FTW-0015,CH-ON-01,52,0,13,40,False
INV-0003950,2024-04-08,FTW-0015,CH-WS-01,38,64,3,40,False
INV-0003951,2024-04-08,ACC-0017,CH-NE-01,41,0,11,31,False
INV-0003952,2024-04-08,ACC-0017,CH-MW-01,104,0,3,31,False
INV-0003953,2024-04-08,ACC-0017,CH-WE-01,23,82,15,31,False
INV-0003954,2024-04-08,ACC-0017,CH-ON-01,120,0,2,31,False
INV-0003955,2024-04-08,ACC-0017,CH-WS-01,79,0,1,31,False
INV-0003956,2024-04-08,ACC-0021,CH-NE-01,102,0,4,36,False
INV-0003957,2024-04-08,ACC-0021,CH-MW-01,82,0,7,36,False
INV-0003958,2024-04-08,ACC-0021,CH-WE-01,34,63,22,36,False
INV-0003959,2024-04-08,ACC-0021,CH-ON-01,46,0,5,36,False
INV-0003960,2024-04-08,ACC-0021,CH-WS-01,58,0,8,36,False
INV-0003961,2024-04-08,ACC-0024,CH-NE-01,37,0,6,16,False
INV-0003962,2024-04-08,ACC-0024,CH-MW-01,57,0,4,16,False
INV-0003963,2024-04-08,ACC-0024,CH-WE-01,60,0,21,16,False
INV-0003964,2024-04-08,ACC-0024,CH-ON-01,47,0,5,16,False
INV-0003965,2024-04-08,ACC-0024,CH-WS-01,46,0,0,16,False
INV-0003966,2024-04-08,HOM-0025,CH-NE-01,75,0,14,40,False
INV-0003967,2024-04-08,HOM-0025,CH-MW-01,95,0,0,40,False
INV-0003968,2024-04-08,HOM-0025,CH-WE-01,73,0,22,40,False
INV-0003969,2024-04-08,HOM-0025,CH-ON-01,111,0,2,40,False
INV-0003970,2024-04-08,HOM-0025,CH-WS-01,74,0,0,40,False
INV-0003971,2024-04-08,HOM-0026,CH-NE-01,36,0,9,26,False
INV-0003972,2024-04-08,HOM-0026,CH-MW-01,29,0,5,26,False
INV-0003973,2024-04-08,HOM-0026,CH-WE-01,67,0,8,26,False
INV-0003974,2024-04-08,HOM-0026,CH-ON-01,45,0,11,26,False
INV-0003975,2024-04-08,HOM-0026,CH-WS-01,65,0,0,26,False
INV-0003976,2024-04-08,HOM-0027,CH-NE-01,52,0,9,43,False
INV-0003977,2024-04-08,HOM-0027,CH-MW-01,74,0,15,43,False
INV-0003978,2024-04-08,HOM-0027,CH-WE-01,51,0,10,43,False
INV-0003979,2024-04-08,HOM-0027,CH-ON-01,48,0,17,43,False
INV-0003980,2024-04-08,HOM-0027,CH-WS-01,58,0,3,43,False
INV-0003981,2024-04-08,HOM-0028,CH-NE-01,67,0,6,24,False
INV-0003982,2024-04-08,HOM-0028,CH-MW-01,67,0,6,24,False
INV-0003983,2024-04-08,HOM-0028,CH-WE-01,66,0,7,24,False
INV-0003984,2024-04-08,HOM-0028,CH-ON-01,63,0,10,24,False
INV-0003985,2024-04-08,HOM-0028,CH-WS-01,71,0,2,24,False
INV-0003986,2024-04-08,HOM-0029,CH-NE-01,93,0,23,39,False
INV-0003987,2024-04-08,HOM-0029,CH-MW-01,59,0,3,39,False
INV-0003988,2024-04-08,HOM-0029,CH-WE-01,106,0,6,39,False
INV-0003989,2024-04-08,HOM-0029,CH-ON-01,148,0,7,39,False
INV-0003990,2024-04-08,HOM-0029,CH-WS-01,50,0,7,39,False
INV-0003991,2024-04-08,HOM-0031,CH-NE-01,30,0,6,25,False
INV-0003992,2024-04-08,HOM-0031,CH-MW-01,25,48,6,25,False
INV-0003993,2024-04-08,HOM-0031,CH-WE-01,56,0,12,25,False
INV-0003994,2024-04-08,HOM-0031,CH-ON-01,35,0,4,25,False
INV-0003995,2024-04-08,HOM-0031,CH-WS-01,82,0,2,25,False
INV-0003996,2024-04-08,HOM-0032,CH-NE-01,29,0,13,28,False
INV-0003997,2024-04-08,HOM-0032,CH-MW-01,41,0,4,28,False
INV-0003998,2024-04-08,HOM-0032,CH-WE-01,36,0,7,28,False
INV-0003999,2024-04-08,HOM-0032,CH-ON-01,17,40,12,28,False
INV-0004000,2024-04-08,HOM-0032,CH-WS-01,89,0,0,28,False
INV-0004001,2024-04-15,APP-0001,CH-NE-01,111,0,8,33,False
INV-0004002,2024-04-15,APP-0001,CH-MW-01,98,0,6,33,False
INV-0004003,2024-04-15,APP-0001,CH-WE-01,51,0,3,33,False
INV-0004004,2024-04-15,APP-0001,CH-ON-01,26,78,9,33,False
INV-0004005,2024-04-15,APP-0001,CH-WS-01,49,0,1,33,False
INV-0004006,2024-04-15,APP-0002,CH-NE-01,23,98,8,23,False
INV-0004007,2024-04-15,APP-0002,CH-MW-01,93,0,5,23,False
INV-0004008,2024-04-15,APP-0002,CH-WE-01,114,0,6,23,False
INV-0004009,2024-04-15,APP-0002,CH-ON-01,28,0,12,23,False
INV-0004010,2024-04-15,APP-0002,CH-WS-01,54,0,1,23,False
INV-0004011,2024-04-15,APP-0003,CH-NE-01,66,0,7,15,False
INV-0004012,2024-04-15,APP-0003,CH-MW-01,29,0,5,15,False
INV-0004013,2024-04-15,APP-0003,CH-WE-01,67,0,10,15,False
INV-0004014,2024-04-15,APP-0003,CH-ON-01,49,0,11,15,False
INV-0004015,2024-04-15,APP-0003,CH-WS-01,60,0,0,15,False
INV-0004016,2024-04-15,APP-0004,CH-NE-01,93,0,16,39,False
INV-0004017,2024-04-15,APP-0004,CH-MW-01,107,0,2,39,False
INV-0004018,2024-04-15,APP-0004,CH-WE-01,104,0,5,39,False
INV-0004019,2024-04-15,APP-0004,CH-ON-01,97,0,12,39,False
INV-0004020,2024-04-15,APP-0004,CH-WS-01,108,0,1,39,False
INV-0004021,2024-04-15,APP-0005,CH-NE-01,112,0,3,36,False
INV-0004022,2024-04-15,APP-0005,CH-MW-01,92,0,2,36,False
INV-0004023,2024-04-15,APP-0005,CH-WE-01,94,0,8,36,False
INV-0004024,2024-04-15,APP-0005,CH-ON-01,60,0,8,36,False
INV-0004025,2024-04-15,APP-0005,CH-WS-01,94,0,3,36,False
INV-0004026,2024-04-15,APP-0006,CH-NE-01,82,0,6,38,False
INV-0004027,2024-04-15,APP-0006,CH-MW-01,82,0,7,38,False
INV-0004028,2024-04-15,APP-0006,CH-WE-01,63,0,6,38,False
INV-0004029,2024-04-15,APP-0006,CH-ON-01,49,0,14,38,False
INV-0004030,2024-04-15,APP-0006,CH-WS-01,62,0,0,38,False
INV-0004031,2024-04-15,APP-0007,CH-NE-01,28,61,9,28,False
INV-0004032,2024-04-15,APP-0007,CH-MW-01,32,0,12,28,False
INV-0004033,2024-04-15,APP-0007,CH-WE-01,60,0,8,28,False
INV-0004034,2024-04-15,APP-0007,CH-ON-01,47,0,6,28,False
INV-0004035,2024-04-15,APP-0007,CH-WS-01,77,0,7,28,False
INV-0004036,2024-04-15,APP-0008,CH-NE-01,10,112,15,17,False
INV-0004037,2024-04-15,APP-0008,CH-MW-01,29,0,11,17,False
INV-0004038,2024-04-15,APP-0008,CH-WE-01,101,0,8,17,False
INV-0004039,2024-04-15,APP-0008,CH-ON-01,82,0,10,17,False
INV-0004040,2024-04-15,APP-0008,CH-WS-01,108,0,0,17,False
INV-0004041,2024-04-15,APP-0009,CH-NE-01,55,0,4,21,False
INV-0004042,2024-04-15,APP-0009,CH-MW-01,12,51,11,21,False
INV-0004043,2024-04-15,APP-0009,CH-WE-01,45,0,5,21,False
INV-0004044,2024-04-15,APP-0009,CH-ON-01,66,0,18,21,False
INV-0004045,2024-04-15,APP-0009,CH-WS-01,64,0,1,21,False
INV-0004046,2024-04-15,APP-0010,CH-NE-01,51,0,7,34,False
INV-0004047,2024-04-15,APP-0010,CH-MW-01,34,103,5,34,False
INV-0004048,2024-04-15,APP-0010,CH-WE-01,49,0,6,34,False
INV-0004049,2024-04-15,APP-0010,CH-ON-01,85,0,13,34,False
INV-0004050,2024-04-15,APP-0010,CH-WS-01,56,0,0,34,False
INV-0004051,2024-04-15,APP-0011,CH-NE-01,154,0,3,44,False
INV-0004052,2024-04-15,APP-0011,CH-MW-01,40,142,6,44,False
INV-0004053,2024-04-15,APP-0011,CH-WE-01,77,0,11,44,False
INV-0004054,2024-04-15,APP-0011,CH-ON-01,60,0,13,44,False
INV-0004055,2024-04-15,APP-0011,CH-WS-01,59,0,3,44,False
INV-0004056,2024-04-15,FTW-0012,CH-NE-01,59,0,16,42,False
INV-0004057,2024-04-15,FTW-0012,CH-MW-01,78,0,5,42,False
INV-0004058,2024-04-15,FTW-0012,CH-WE-01,60,0,7,42,False
INV-0004059,2024-04-15,FTW-0012,CH-ON-01,62,0,9,42,False
INV-0004060,2024-04-15,FTW-0012,CH-WS-01,81,0,1,42,False
INV-0004061,2024-04-15,FTW-0014,CH-NE-01,89,0,11,27,False
INV-0004062,2024-04-15,FTW-0014,CH-MW-01,48,0,4,27,False
INV-0004063,2024-04-15,FTW-0014,CH-WE-01,22,70,7,27,False
INV-0004064,2024-04-15,FTW-0014,CH-ON-01,36,0,22,27,False
INV-0004065,2024-04-15,FTW-0014,CH-WS-01,100,0,2,27,False
INV-0004066,2024-04-15,FTW-0015,CH-NE-01,87,0,1,40,False
INV-0004067,2024-04-15,FTW-0015,CH-MW-01,44,0,6,40,False
INV-0004068,2024-04-15,FTW-0015,CH-WE-01,85,0,6,40,False
INV-0004069,2024-04-15,FTW-0015,CH-ON-01,31,59,21,40,False
INV-0004070,2024-04-15,FTW-0015,CH-WS-01,95,0,7,40,False
INV-0004071,2024-04-15,ACC-0017,CH-NE-01,37,0,4,31,False
INV-0004072,2024-04-15,ACC-0017,CH-MW-01,93,0,11,31,False
INV-0004073,2024-04-15,ACC-0017,CH-WE-01,100,0,5,31,False
INV-0004074,2024-04-15,ACC-0017,CH-ON-01,107,0,13,31,False
INV-0004075,2024-04-15,ACC-0017,CH-WS-01,74,0,5,31,False
INV-0004076,2024-04-15,ACC-0021,CH-NE-01,90,0,12,36,False
INV-0004077,2024-04-15,ACC-0021,CH-MW-01,78,0,4,36,False
INV-0004078,2024-04-15,ACC-0021,CH-WE-01,85,0,12,36,False
INV-0004079,2024-04-15,ACC-0021,CH-ON-01,29,100,17,36,False
INV-0004080,2024-04-15,ACC-0021,CH-WS-01,58,0,0,36,False
INV-0004081,2024-04-15,ACC-0024,CH-NE-01,29,0,8,16,False
INV-0004082,2024-04-15,ACC-0024,CH-MW-01,53,0,4,16,False
INV-0004083,2024-04-15,ACC-0024,CH-WE-01,56,0,4,16,False
INV-0004084,2024-04-15,ACC-0024,CH-ON-01,33,0,14,16,False
INV-0004085,2024-04-15,ACC-0024,CH-WS-01,45,0,1,16,False
INV-0004086,2024-04-15,HOM-0025,CH-NE-01,66,0,9,40,False
INV-0004087,2024-04-15,HOM-0025,CH-MW-01,89,0,6,40,False
INV-0004088,2024-04-15,HOM-0025,CH-WE-01,59,0,14,40,False
INV-0004089,2024-04-15,HOM-0025,CH-ON-01,100,0,11,40,False
INV-0004090,2024-04-15,HOM-0025,CH-WS-01,74,0,0,40,False
INV-0004091,2024-04-15,HOM-0026,CH-NE-01,23,59,13,26,False
INV-0004092,2024-04-15,HOM-0026,CH-MW-01,26,60,3,26,False
INV-0004093,2024-04-15,HOM-0026,CH-WE-01,61,0,6,26,False
INV-0004094,2024-04-15,HOM-0026,CH-ON-01,40,0,5,26,False
INV-0004095,2024-04-15,HOM-0026,CH-WS-01,60,0,5,26,False
INV-0004096,2024-04-15,HOM-0027,CH-NE-01,40,53,12,43,False
INV-0004097,2024-04-15,HOM-0027,CH-MW-01,71,0,3,43,False
INV-0004098,2024-04-15,HOM-0027,CH-WE-01,43,74,8,43,False
INV-0004099,2024-04-15,HOM-0027,CH-ON-01,29,79,19,43,False
INV-0004100,2024-04-15,HOM-0027,CH-WS-01,57,0,1,43,False
INV-0004101,2024-04-15,HOM-0028,CH-NE-01,64,0,3,24,False
INV-0004102,2024-04-15,HOM-0028,CH-MW-01,59,0,8,24,False
INV-0004103,2024-04-15,HOM-0028,CH-WE-01,61,0,5,24,False
INV-0004104,2024-04-15,HOM-0028,CH-ON-01,51,0,12,24,False
INV-0004105,2024-04-15,HOM-0028,CH-WS-01,67,0,4,24,False
INV-0004106,2024-04-15,HOM-0029,CH-NE-01,92,0,1,39,False
INV-0004107,2024-04-15,HOM-0029,CH-MW-01,48,0,11,39,False
INV-0004108,2024-04-15,HOM-0029,CH-WE-01,102,0,4,39,False
INV-0004109,2024-04-15,HOM-0029,CH-ON-01,132,0,16,39,False
INV-0004110,2024-04-15,HOM-0029,CH-WS-01,48,0,2,39,False
INV-0004111,2024-04-15,HOM-0031,CH-NE-01,16,86,14,25,False
INV-0004112,2024-04-15,HOM-0031,CH-MW-01,70,0,3,25,False
INV-0004113,2024-04-15,HOM-0031,CH-WE-01,37,0,19,25,False
INV-0004114,2024-04-15,HOM-0031,CH-ON-01,20,69,15,25,False
INV-0004115,2024-04-15,HOM-0031,CH-WS-01,78,0,4,25,False
INV-0004116,2024-04-15,HOM-0032,CH-NE-01,24,51,5,28,False
INV-0004117,2024-04-15,HOM-0032,CH-MW-01,35,0,6,28,False
INV-0004118,2024-04-15,HOM-0032,CH-WE-01,25,56,11,28,False
INV-0004119,2024-04-15,HOM-0032,CH-ON-01,42,0,15,28,False
INV-0004120,2024-04-15,HOM-0032,CH-WS-01,89,0,0,28,False
INV-0004121,2024-04-22,APP-0001,CH-NE-01,91,0,20,33,False
INV-0004122,2024-04-22,APP-0001,CH-MW-01,92,0,6,33,False
INV-0004123,2024-04-22,APP-0001,CH-WE-01,34,0,17,33,False
INV-0004124,2024-04-22,APP-0001,CH-ON-01,90,0,14,33,False
INV-0004125,2024-04-22,APP-0001,CH-WS-01,49,0,0,33,False
INV-0004126,2024-04-22,APP-0002,CH-NE-01,108,0,13,23,False
INV-0004127,2024-04-22,APP-0002,CH-MW-01,77,0,16,23,False
INV-0004128,2024-04-22,APP-0002,CH-WE-01,104,0,10,23,False
INV-0004129,2024-04-22,APP-0002,CH-ON-01,15,121,13,23,False
INV-0004130,2024-04-22,APP-0002,CH-WS-01,54,0,0,23,False
INV-0004131,2024-04-22,APP-0003,CH-NE-01,50,0,16,15,False
INV-0004132,2024-04-22,APP-0003,CH-MW-01,19,0,10,15,False
INV-0004133,2024-04-22,APP-0003,CH-WE-01,54,0,13,15,False
INV-0004134,2024-04-22,APP-0003,CH-ON-01,40,0,9,15,False
INV-0004135,2024-04-22,APP-0003,CH-WS-01,60,0,0,15,False
INV-0004136,2024-04-22,APP-0004,CH-NE-01,89,0,4,39,False
INV-0004137,2024-04-22,APP-0004,CH-MW-01,99,0,8,39,False
INV-0004138,2024-04-22,APP-0004,CH-WE-01,88,0,16,39,False
INV-0004139,2024-04-22,APP-0004,CH-ON-01,85,0,12,39,False
INV-0004140,2024-04-22,APP-0004,CH-WS-01,105,0,3,39,False
INV-0004141,2024-04-22,APP-0005,CH-NE-01,108,0,4,36,False
INV-0004142,2024-04-22,APP-0005,CH-MW-01,88,0,4,36,False
INV-0004143,2024-04-22,APP-0005,CH-WE-01,72,0,22,36,False
INV-0004144,2024-04-22,APP-0005,CH-ON-01,54,0,6,36,False
INV-0004145,2024-04-22,APP-0005,CH-WS-01,94,0,0,36,False
INV-0004146,2024-04-22,APP-0006,CH-NE-01,74,0,8,38,False
INV-0004147,2024-04-22,APP-0006,CH-MW-01,76,0,6,38,False
INV-0004148,2024-04-22,APP-0006,CH-WE-01,57,0,6,38,False
INV-0004149,2024-04-22,APP-0006,CH-ON-01,43,0,6,38,False
INV-0004150,2024-04-22,APP-0006,CH-WS-01,59,0,3,38,False
INV-0004151,2024-04-22,APP-0007,CH-NE-01,81,0,8,28,False
INV-0004152,2024-04-22,APP-0007,CH-MW-01,28,71,4,28,False
INV-0004153,2024-04-22,APP-0007,CH-WE-01,50,0,10,28,False
INV-0004154,2024-04-22,APP-0007,CH-ON-01,32,0,15,28,False
INV-0004155,2024-04-22,APP-0007,CH-WS-01,73,0,4,28,False
INV-0004156,2024-04-22,APP-0008,CH-NE-01,108,0,14,17,False
INV-0004157,2024-04-22,APP-0008,CH-MW-01,26,0,3,17,False
INV-0004158,2024-04-22,APP-0008,CH-WE-01,90,0,11,17,False
INV-0004159,2024-04-22,APP-0008,CH-ON-01,66,0,16,17,False
INV-0004160,2024-04-22,APP-0008,CH-WS-01,104,0,4,17,False
INV-0004161,2024-04-22,APP-0009,CH-NE-01,51,0,4,21,False
INV-0004162,2024-04-22,APP-0009,CH-MW-01,62,0,1,21,False
INV-0004163,2024-04-22,APP-0009,CH-WE-01,40,0,5,21,False
INV-0004164,2024-04-22,APP-0009,CH-ON-01,41,0,25,21,False
INV-0004165,2024-04-22,APP-0009,CH-WS-01,59,0,5,21,False
INV-0004166,2024-04-22,APP-0010,CH-NE-01,39,0,12,34,False
INV-0004167,2024-04-22,APP-0010,CH-MW-01,135,0,2,34,False
INV-0004168,2024-04-22,APP-0010,CH-WE-01,41,0,8,34,False
INV-0004169,2024-04-22,APP-0010,CH-ON-01,76,0,9,34,False
INV-0004170,2024-04-22,APP-0010,CH-WS-01,46,0,10,34,False
INV-0004171,2024-04-22,APP-0011,CH-NE-01,147,0,7,44,False
INV-0004172,2024-04-22,APP-0011,CH-MW-01,173,0,9,44,False
INV-0004173,2024-04-22,APP-0011,CH-WE-01,58,0,19,44,False
INV-0004174,2024-04-22,APP-0011,CH-ON-01,46,0,14,44,False
INV-0004175,2024-04-22,APP-0011,CH-WS-01,56,0,3,44,False
INV-0004176,2024-04-22,FTW-0012,CH-NE-01,53,0,6,42,False
INV-0004177,2024-04-22,FTW-0012,CH-MW-01,70,0,8,42,False
INV-0004178,2024-04-22,FTW-0012,CH-WE-01,46,0,14,42,False
INV-0004179,2024-04-22,FTW-0012,CH-ON-01,48,0,14,42,False
INV-0004180,2024-04-22,FTW-0012,CH-WS-01,81,0,0,42,False
INV-0004181,2024-04-22,FTW-0014,CH-NE-01,79,0,10,27,False
INV-0004182,2024-04-22,FTW-0014,CH-MW-01,36,0,12,27,False
INV-0004183,2024-04-22,FTW-0014,CH-WE-01,90,0,2,27,False
INV-0004184,2024-04-22,FTW-0014,CH-ON-01,28,0,8,27,False
INV-0004185,2024-04-22,FTW-0014,CH-WS-01,96,0,4,27,False
INV-0004186,2024-04-22,FTW-0015,CH-NE-01,82,0,5,40,False
INV-0004187,2024-04-22,FTW-0015,CH-MW-01,36,66,8,40,False
INV-0004188,2024-04-22,FTW-0015,CH-WE-01,76,0,9,40,False
INV-0004189,2024-04-22,FTW-0015,CH-ON-01,81,0,9,40,False
INV-0004190,2024-04-22,FTW-0015,CH-WS-01,91,0,4,40,False
INV-0004191,2024-04-22,ACC-0017,CH-NE-01,32,0,5,31,False
INV-0004192,2024-04-22,ACC-0017,CH-MW-01,86,0,7,31,False
INV-0004193,2024-04-22,ACC-0017,CH-WE-01,97,0,3,31,False
INV-0004194,2024-04-22,ACC-0017,CH-ON-01,99,0,8,31,False
INV-0004195,2024-04-22,ACC-0017,CH-WS-01,73,0,1,31,False
INV-0004196,2024-04-22,ACC-0021,CH-NE-01,74,0,16,36,False
INV-0004197,2024-04-22,ACC-0021,CH-MW-01,77,0,1,36,False
INV-0004198,2024-04-22,ACC-0021,CH-WE-01,71,0,14,36,False
INV-0004199,2024-04-22,ACC-0021,CH-ON-01,120,0,9,36,False
INV-0004200,2024-04-22,ACC-0021,CH-WS-01,54,0,4,36,False
INV-0004201,2024-04-22,ACC-0023,CH-NE-01,83,0,8,37,False
INV-0004202,2024-04-22,ACC-0023,CH-MW-01,83,0,8,37,False
INV-0004203,2024-04-22,ACC-0023,CH-WE-01,88,0,3,37,False
INV-0004204,2024-04-22,ACC-0023,CH-ON-01,76,0,15,37,False
INV-0004205,2024-04-22,ACC-0023,CH-WS-01,91,0,0,37,False
INV-0004206,2024-04-22,ACC-0024,CH-NE-01,23,0,6,16,False
INV-0004207,2024-04-22,ACC-0024,CH-MW-01,48,0,5,16,False
INV-0004208,2024-04-22,ACC-0024,CH-WE-01,46,0,10,16,False
INV-0004209,2024-04-22,ACC-0024,CH-ON-01,14,126,19,16,False
INV-0004210,2024-04-22,ACC-0024,CH-WS-01,45,0,0,16,False
INV-0004211,2024-04-22,HOM-0025,CH-NE-01,65,0,1,40,False
INV-0004212,2024-04-22,HOM-0025,CH-MW-01,85,0,4,40,False
INV-0004213,2024-04-22,HOM-0025,CH-WE-01,51,0,8,40,False
INV-0004214,2024-04-22,HOM-0025,CH-ON-01,94,0,6,40,False
INV-0004215,2024-04-22,HOM-0025,CH-WS-01,71,0,3,40,False
INV-0004216,2024-04-22,HOM-0026,CH-NE-01,72,0,10,26,False
INV-0004217,2024-04-22,HOM-0026,CH-MW-01,84,0,2,26,False
INV-0004218,2024-04-22,HOM-0026,CH-WE-01,46,0,15,26,False
INV-0004219,2024-04-22,HOM-0026,CH-ON-01,36,0,4,26,False
INV-0004220,2024-04-22,HOM-0026,CH-WS-01,57,0,3,26,False
INV-0004221,2024-04-22,HOM-0027,CH-NE-01,89,0,4,43,False
INV-0004222,2024-04-22,HOM-0027,CH-MW-01,63,0,8,43,False
INV-0004223,2024-04-22,HOM-0027,CH-WE-01,114,0,3,43,False
INV-0004224,2024-04-22,HOM-0027,CH-ON-01,95,0,13,43,False
INV-0004225,2024-04-22,HOM-0027,CH-WS-01,56,0,1,43,False
INV-0004226,2024-04-22,HOM-0028,CH-NE-01,57,0,7,24,False
INV-0004227,2024-04-22,HOM-0028,CH-MW-01,49,0,10,24,False
INV-0004228,2024-04-22,HOM-0028,CH-WE-01,52,0,9,24,False
INV-0004229,2024-04-22,HOM-0028,CH-ON-01,36,0,15,24,False
INV-0004230,2024-04-22,HOM-0028,CH-WS-01,67,0,0,24,False
INV-0004231,2024-04-22,HOM-0029,CH-NE-01,83,0,9,39,False
INV-0004232,2024-04-22,HOM-0029,CH-MW-01,39,94,9,39,False
INV-0004233,2024-04-22,HOM-0029,CH-WE-01,89,0,13,39,False
INV-0004234,2024-04-22,HOM-0029,CH-ON-01,124,0,8,39,False
INV-0004235,2024-04-22,HOM-0029,CH-WS-01,47,0,1,39,False
INV-0004236,2024-04-22,HOM-0031,CH-NE-01,93,0,9,25,False
INV-0004237,2024-04-22,HOM-0031,CH-MW-01,65,0,5,25,False
INV-0004238,2024-04-22,HOM-0031,CH-WE-01,25,88,12,25,False
INV-0004239,2024-04-22,HOM-0031,CH-ON-01,84,0,5,25,False
INV-0004240,2024-04-22,HOM-0031,CH-WS-01,77,0,1,25,False
INV-0004241,2024-04-22,HOM-0032,CH-NE-01,63,0,12,28,False
INV-0004242,2024-04-22,HOM-0032,CH-MW-01,33,0,2,28,False
INV-0004243,2024-04-22,HOM-0032,CH-WE-01,68,0,13,28,False
INV-0004244,2024-04-22,HOM-0032,CH-ON-01,33,0,9,28,False
INV-0004245,2024-04-22,HOM-0032,CH-WS-01,86,0,3,28,False
INV-0004246,2024-04-29,APP-0001,CH-NE-01,83,0,8,33,False
INV-0004247,2024-04-29,APP-0001,CH-MW-01,86,0,6,33,False
INV-0004248,2024-04-29,APP-0001,CH-WE-01,27,113,7,33,False
INV-0004249,2024-04-29,APP-0001,CH-ON-01,72,0,18,33,False
INV-0004250,2024-04-29,APP-0001,CH-WS-01,47,0,2,33,False
INV-0004251,2024-04-29,APP-0002,CH-NE-01,90,0,18,23,False
INV-0004252,2024-04-29,APP-0002,CH-MW-01,74,0,3,23,False
INV-0004253,2024-04-29,APP-0002,CH-WE-01,98,0,6,23,False
INV-0004254,2024-04-29,APP-0002,CH-ON-01,119,0,17,23,False
INV-0004255,2024-04-29,APP-0002,CH-WS-01,51,0,3,23,False
INV-0004256,2024-04-29,APP-0003,CH-NE-01,38,0,12,15,False
INV-0004257,2024-04-29,APP-0003,CH-MW-01,9,62,10,15,False
INV-0004258,2024-04-29,APP-0003,CH-WE-01,46,0,8,15,False
INV-0004259,2024-04-29,APP-0003,CH-ON-01,22,0,18,15,False
INV-0004260,2024-04-29,APP-0003,CH-WS-01,60,0,0,15,False
INV-0004261,2024-04-29,APP-0004,CH-NE-01,80,0,9,39,False
INV-0004262,2024-04-29,APP-0004,CH-MW-01,91,0,8,39,False
INV-0004263,2024-04-29,APP-0004,CH-WE-01,80,0,8,39,False
INV-0004264,2024-04-29,APP-0004,CH-ON-01,69,0,16,39,False
INV-0004265,2024-04-29,APP-0004,CH-WS-01,105,0,0,39,False
INV-0004266,2024-04-29,APP-0005,CH-NE-01,98,0,10,36,False
INV-0004267,2024-04-29,APP-0005,CH-MW-01,85,0,3,36,False
INV-0004268,2024-04-29,APP-0005,CH-WE-01,61,0,11,36,False
INV-0004269,2024-04-29,APP-0005,CH-ON-01,34,85,20,36,False
INV-0004270,2024-04-29,APP-0005,CH-WS-01,94,0,0,36,False
INV-0004271,2024-04-29,APP-0006,CH-NE-01,62,0,12,38,False
INV-0004272,2024-04-29,APP-0006,CH-MW-01,65,0,11,38,False
INV-0004273,2024-04-29,APP-0006,CH-WE-01,45,0,12,38,False
INV-0004274,2024-04-29,APP-0006,CH-ON-01,38,59,5,38,False
INV-0004275,2024-04-29,APP-0006,CH-WS-01,51,0,8,38,False
INV-0004276,2024-04-29,APP-0007,CH-NE-01,66,0,15,28,False
INV-0004277,2024-04-29,APP-0007,CH-MW-01,95,0,4,28,False
INV-0004278,2024-04-29,APP-0007,CH-WE-01,31,0,19,28,False
INV-0004279,2024-04-29,APP-0007,CH-ON-01,23,79,9,28,False
INV-0004280,2024-04-29,APP-0007,CH-WS-01,60,0,13,28,False
INV-0004281,2024-04-29,APP-0008,CH-NE-01,98,0,10,17,False
INV-0004282,2024-04-29,APP-0008,CH-MW-01,23,0,3,17,False
INV-0004283,2024-04-29,APP-0008,CH-WE-01,79,0,11,17,False
INV-0004284,2024-04-29,APP-0008,CH-ON-01,48,0,18,17,False
INV-0004285,2024-04-29,APP-0008,CH-WS-01,104,0,0,17,False
INV-0004286,2024-04-29,APP-0009,CH-NE-01,47,0,4,21,False
INV-0004287,2024-04-29,APP-0009,CH-MW-01,61,0,1,21,False
INV-0004288,2024-04-29,APP-0009,CH-WE-01,32,0,8,21,False
INV-0004289,2024-04-29,APP-0009,CH-ON-01,22,0,19,21,False
INV-0004290,2024-04-29,APP-0009,CH-WS-01,56,0,3,21,False
INV-0004291,2024-04-29,APP-0010,CH-NE-01,28,73,11,34,False
INV-0004292,2024-04-29,APP-0010,CH-MW-01,133,0,2,34,False
INV-0004293,2024-04-29,APP-0010,CH-WE-01,31,59,10,34,False
INV-0004294,2024-04-29,APP-0010,CH-ON-01,63,0,13,34,False
INV-0004295,2024-04-29,APP-0010,CH-WS-01,45,0,1,34,False
INV-0004296,2024-04-29,APP-0011,CH-NE-01,138,0,9,44,False
INV-0004297,2024-04-29,APP-0011,CH-MW-01,165,0,8,44,False
INV-0004298,2024-04-29,APP-0011,CH-WE-01,52,0,6,44,False
INV-0004299,2024-04-29,APP-0011,CH-ON-01,34,103,12,44,False
INV-0004300,2024-04-29,APP-0011,CH-WS-01,56,0,0,44,False
INV-0004301,2024-04-29,FTW-0012,CH-NE-01,47,0,6,42,False
INV-0004302,2024-04-29,FTW-0012,CH-MW-01,63,0,7,42,False
INV-0004303,2024-04-29,FTW-0012,CH-WE-01,35,68,11,42,False
INV-0004304,2024-04-29,FTW-0012,CH-ON-01,36,61,12,42,False
INV-0004305,2024-04-29,FTW-0012,CH-WS-01,77,0,4,42,False
INV-0004306,2024-04-29,FTW-0014,CH-NE-01,76,0,3,27,False
INV-0004307,2024-04-29,FTW-0014,CH-MW-01,30,0,6,27,False
INV-0004308,2024-04-29,FTW-0014,CH-WE-01,82,0,8,27,False
INV-0004309,2024-04-29,FTW-0014,CH-ON-01,16,80,12,27,False
INV-0004310,2024-04-29,FTW-0014,CH-WS-01,89,0,7,27,False
INV-0004311,2024-04-29,FTW-0015,CH-NE-01,74,0,8,40,False
INV-0004312,2024-04-29,FTW-0015,CH-MW-01,97,0,5,40,False
INV-0004313,2024-04-29,FTW-0015,CH-WE-01,63,0,13,40,False
INV-0004314,2024-04-29,FTW-0015,CH-ON-01,61,0,20,40,False
INV-0004315,2024-04-29,FTW-0015,CH-WS-01,91,0,0,40,False
INV-0004316,2024-04-29,ACC-0017,CH-NE-01,32,0,0,31,False
INV-0004317,2024-04-29,ACC-0017,CH-MW-01,78,0,8,31,False
INV-0004318,2024-04-29,ACC-0017,CH-WE-01,91,0,6,31,False
INV-0004319,2024-04-29,ACC-0017,CH-ON-01,85,0,14,31,False
INV-0004320,2024-04-29,ACC-0017,CH-WS-01,68,0,5,31,False
INV-0004321,2024-04-29,ACC-0021,CH-NE-01,72,0,2,36,False
INV-0004322,2024-04-29,ACC-0021,CH-MW-01,70,0,7,36,False
INV-0004323,2024-04-29,ACC-0021,CH-WE-01,62,0,9,36,False
INV-0004324,2024-04-29,ACC-0021,CH-ON-01,117,0,3,36,False
INV-0004325,2024-04-29,ACC-0021,CH-WS-01,53,0,1,36,False
INV-0004326,2024-04-29,ACC-0023,CH-NE-01,74,0,9,37,False
INV-0004327,2024-04-29,ACC-0023,CH-MW-01,77,0,6,37,False
INV-0004328,2024-04-29,ACC-0023,CH-WE-01,77,0,11,37,False
INV-0004329,2024-04-29,ACC-0023,CH-ON-01,66,0,10,37,False
INV-0004330,2024-04-29,ACC-0023,CH-WS-01,91,0,0,37,False
INV-0004331,2024-04-29,ACC-0024,CH-NE-01,5,82,18,16,False
INV-0004332,2024-04-29,ACC-0024,CH-MW-01,38,0,10,16,False
INV-0004333,2024-04-29,ACC-0024,CH-WE-01,31,0,15,16,False
INV-0004334,2024-04-29,ACC-0024,CH-ON-01,122,0,18,16,False
INV-0004335,2024-04-29,ACC-0024,CH-WS-01,41,0,4,16,False
INV-0004336,2024-04-29,HOM-0025,CH-NE-01,61,0,4,40,False
INV-0004337,2024-04-29,HOM-0025,CH-MW-01,82,0,3,40,False
INV-0004338,2024-04-29,HOM-0025,CH-WE-01,45,0,6,40,False
INV-0004339,2024-04-29,HOM-0025,CH-ON-01,70,0,24,40,False
INV-0004340,2024-04-29,HOM-0025,CH-WS-01,70,0,1,40,False
INV-0004341,2024-04-29,HOM-0026,CH-NE-01,67,0,5,26,False
INV-0004342,2024-04-29,HOM-0026,CH-MW-01,76,0,8,26,False
INV-0004343,2024-04-29,HOM-0026,CH-WE-01,32,0,14,26,False
INV-0004344,2024-04-29,HOM-0026,CH-ON-01,17,63,19,26,False
INV-0004345,2024-04-29,HOM-0026,CH-WS-01,55,0,2,26,False
INV-0004346,2024-04-29,HOM-0027,CH-NE-01,83,0,6,43,False
INV-0004347,2024-04-29,HOM-0027,CH-MW-01,63,0,0,43,False
INV-0004348,2024-04-29,HOM-0027,CH-WE-01,108,0,6,43,False
INV-0004349,2024-04-29,HOM-0027,CH-ON-01,94,0,1,43,False
INV-0004350,2024-04-29,HOM-0027,CH-WS-01,55,0,1,43,False
INV-0004351,2024-04-29,HOM-0028,CH-NE-01,56,0,1,24,False
INV-0004352,2024-04-29,HOM-0028,CH-MW-01,40,0,9,24,False
INV-0004353,2024-04-29,HOM-0028,CH-WE-01,37,0,15,24,False
INV-0004354,2024-04-29,HOM-0028,CH-ON-01,29,0,7,24,False
INV-0004355,2024-04-29,HOM-0028,CH-WS-01,61,0,6,24,False
INV-0004356,2024-04-29,HOM-0029,CH-NE-01,78,0,5,39,False
INV-0004357,2024-04-29,HOM-0029,CH-MW-01,122,0,11,39,False
INV-0004358,2024-04-29,HOM-0029,CH-WE-01,89,0,0,39,False
INV-0004359,2024-04-29,HOM-0029,CH-ON-01,113,0,11,39,False
INV-0004360,2024-04-29,HOM-0029,CH-WS-01,45,0,2,39,False
INV-0004361,2024-04-29,HOM-0031,CH-NE-01,78,0,15,25,False
INV-0004362,2024-04-29,HOM-0031,CH-MW-01,58,0,7,25,False
INV-0004363,2024-04-29,HOM-0031,CH-WE-01,102,0,11,25,False
INV-0004364,2024-04-29,HOM-0031,CH-ON-01,70,0,14,25,False
INV-0004365,2024-04-29,HOM-0031,CH-WS-01,77,0,0,25,False
INV-0004366,2024-04-29,HOM-0032,CH-NE-01,55,0,8,28,False
INV-0004367,2024-04-29,HOM-0032,CH-MW-01,31,0,2,28,False
INV-0004368,2024-04-29,HOM-0032,CH-WE-01,55,0,13,28,False
INV-0004369,2024-04-29,HOM-0032,CH-ON-01,19,69,14,28,False
INV-0004370,2024-04-29,HOM-0032,CH-WS-01,82,0,4,28,False
INV-0004371,2024-05-06,APP-0001,CH-NE-01,70,0,13,33,False
INV-0004372,2024-05-06,APP-0001,CH-MW-01,79,0,7,33,False
INV-0004373,2024-05-06,APP-0001,CH-WE-01,119,0,21,33,False
INV-0004374,2024-05-06,APP-0001,CH-ON-01,55,0,17,33,False
INV-0004375,2024-05-06,APP-0001,CH-WS-01,43,0,4,33,False
INV-0004376,2024-05-06,APP-0002,CH-NE-01,74,0,16,23,False
INV-0004377,2024-05-06,APP-0002,CH-MW-01,71,0,3,23,False
INV-0004378,2024-05-06,APP-0002,CH-WE-01,91,0,7,23,False
INV-0004379,2024-05-06,APP-0002,CH-ON-01,105,0,14,23,False
INV-0004380,2024-05-06,APP-0002,CH-WS-01,44,0,7,23,False
INV-0004381,2024-05-06,APP-0003,CH-NE-01,22,0,16,15,False
INV-0004382,2024-05-06,APP-0003,CH-MW-01,66,0,5,15,False
INV-0004383,2024-05-06,APP-0003,CH-WE-01,43,0,3,15,False
INV-0004384,2024-05-06,APP-0003,CH-ON-01,7,67,15,15,False
INV-0004385,2024-05-06,APP-0003,CH-WS-01,58,0,2,15,False
INV-0004386,2024-05-06,APP-0004,CH-NE-01,76,0,4,39,False
INV-0004387,2024-05-06,APP-0004,CH-MW-01,82,0,9,39,False
INV-0004388,2024-05-06,APP-0004,CH-WE-01,74,0,6,39,False
INV-0004389,2024-05-06,APP-0004,CH-ON-01,59,0,10,39,False
INV-0004390,2024-05-06,APP-0004,CH-WS-01,102,0,3,39,False
INV-0004391,2024-05-06,APP-0005,CH-NE-01,97,0,1,36,False
INV-0004392,2024-05-06,APP-0005,CH-MW-01,77,0,8,36,False
INV-0004393,2024-05-06,APP-0005,CH-WE-01,51,0,10,36,False
INV-0004394,2024-05-06,APP-0005,CH-ON-01,109,0,10,36,False
INV-0004395,2024-05-06,APP-0005,CH-WS-01,92,0,2,36,False
INV-0004396,2024-05-06,APP-0006,CH-NE-01,54,0,8,38,False
INV-0004397,2024-05-06,APP-0006,CH-MW-01,54,0,11,38,False
INV-0004398,2024-05-06,APP-0006,CH-WE-01,25,41,20,38,False
INV-0004399,2024-05-06,APP-0006,CH-ON-01,68,0,29,38,False
INV-0004400,2024-05-06,APP-0006,CH-WS-01,51,0,0,38,False
INV-0004401,2024-05-06,APP-0007,CH-NE-01,47,0,19,28,False
INV-0004402,2024-05-06,APP-0007,CH-MW-01,86,0,9,28,False
INV-0004403,2024-05-06,APP-0007,CH-WE-01,14,85,17,28,False
INV-0004404,2024-05-06,APP-0007,CH-ON-01,88,0,14,28,False
INV-0004405,2024-05-06,APP-0007,CH-WS-01,54,0,6,28,False
INV-0004406,2024-05-06,APP-0008,CH-NE-01,88,0,10,17,False
INV-0004407,2024-05-06,APP-0008,CH-MW-01,14,82,9,17,False
INV-0004408,2024-05-06,APP-0008,CH-WE-01,79,0,0,17,False
INV-0004409,2024-05-06,APP-0008,CH-ON-01,34,0,14,17,False
INV-0004410,2024-05-06,APP-0008,CH-WS-01,104,0,0,17,False
INV-0004411,2024-05-06,APP-0009,CH-NE-01,47,0,0,21,False
INV-0004412,2024-05-06,APP-0009,CH-MW-01,58,0,3,21,False
INV-0004413,2024-05-06,APP-0009,CH-WE-01,20,56,12,21,False
INV-0004414,2024-05-06,APP-0009,CH-ON-01,3,59,19,21,False
INV-0004415,2024-05-06,APP-0009,CH-WS-01,53,0,3,21,False
INV-0004416,2024-05-06,APP-0010,CH-NE-01,94,0,7,34,False
INV-0004417,2024-05-06,APP-0010,CH-MW-01,125,0,8,34,False
INV-0004418,2024-05-06,APP-0010,CH-WE-01,83,0,7,34,False
INV-0004419,2024-05-06,APP-0010,CH-ON-01,49,0,14,34,False
INV-0004420,2024-05-06,APP-0010,CH-WS-01,45,0,0,34,False
INV-0004421,2024-05-06,APP-0011,CH-NE-01,130,0,8,44,False
INV-0004422,2024-05-06,APP-0011,CH-MW-01,156,0,9,44,False
INV-0004423,2024-05-06,APP-0011,CH-WE-01,42,152,10,44,False
INV-0004424,2024-05-06,APP-0011,CH-ON-01,111,0,26,44,False
INV-0004425,2024-05-06,APP-0011,CH-WS-01,55,0,1,44,False
INV-0004426,2024-05-06,FTW-0012,CH-NE-01,43,0,4,42,False
INV-0004427,2024-05-06,FTW-0012,CH-MW-01,63,0,0,42,False
INV-0004428,2024-05-06,FTW-0012,CH-WE-01,92,0,11,42,False
INV-0004429,2024-05-06,FTW-0012,CH-ON-01,84,0,13,42,False
INV-0004430,2024-05-06,FTW-0012,CH-WS-01,73,0,4,42,False
INV-0004431,2024-05-06,FTW-0014,CH-NE-01,65,0,11,27,False
INV-0004432,2024-05-06,FTW-0014,CH-MW-01,27,73,3,27,False
INV-0004433,2024-05-06,FTW-0014,CH-WE-01,72,0,10,27,False
INV-0004434,2024-05-06,FTW-0014,CH-ON-01,90,0,6,27,False
INV-0004435,2024-05-06,FTW-0014,CH-WS-01,89,0,0,27,False
INV-0004436,2024-05-06,FTW-0015,CH-NE-01,63,0,11,40,False
INV-0004437,2024-05-06,FTW-0015,CH-MW-01,90,0,7,40,False
INV-0004438,2024-05-06,FTW-0015,CH-WE-01,61,0,2,40,False
INV-0004439,2024-05-06,FTW-0015,CH-ON-01,51,0,10,40,False
INV-0004440,2024-05-06,FTW-0015,CH-WS-01,88,0,3,40,False
INV-0004441,2024-05-06,ACC-0017,CH-NE-01,28,75,4,31,False
INV-0004442,2024-05-06,ACC-0017,CH-MW-01,70,0,8,31,False
INV-0004443,2024-05-06,ACC-0017,CH-WE-01,74,0,17,31,False
INV-0004444,2024-05-06,ACC-0017,CH-ON-01,63,0,22,31,False
INV-0004445,2024-05-06,ACC-0017,CH-WS-01,66,0,2,31,False
INV-0004446,2024-05-06,ACC-0019,CH-NE-01,105,0,1,38,False
INV-0004447,2024-05-06,ACC-0019,CH-MW-01,93,0,13,38,False
INV-0004448,2024-05-06,ACC-0019,CH-WE-01,96,0,10,38,False
INV-0004449,2024-05-06,ACC-0019,CH-ON-01,96,0,10,38,False
INV-0004450,2024-05-06,ACC-0019,CH-WS-01,104,0,2,38,False
INV-0004451,2024-05-06,ACC-0021,CH-NE-01,69,0,3,36,False
INV-0004452,2024-05-06,ACC-0021,CH-MW-01,64,0,6,36,False
INV-0004453,2024-05-06,ACC-0021,CH-WE-01,53,0,9,36,False
INV-0004454,2024-05-06,ACC-0021,CH-ON-01,110,0,7,36,False
INV-0004455,2024-05-06,ACC-0021,CH-WS-01,51,0,2,36,False
INV-0004456,2024-05-06,ACC-0023,CH-NE-01,67,0,7,37,False
INV-0004457,2024-05-06,ACC-0023,CH-MW-01,72,0,5,37,False
INV-0004458,2024-05-06,ACC-0023,CH-WE-01,61,0,16,37,False
INV-0004459,2024-05-06,ACC-0023,CH-ON-01,45,0,21,37,False
INV-0004460,2024-05-06,ACC-0023,CH-WS-01,88,0,3,37,False
INV-0004461,2024-05-06,ACC-0024,CH-NE-01,78,0,9,16,False
INV-0004462,2024-05-06,ACC-0024,CH-MW-01,29,0,9,16,False
INV-0004463,2024-05-06,ACC-0024,CH-WE-01,20,0,11,16,False
INV-0004464,2024-05-06,ACC-0024,CH-ON-01,112,0,10,16,False
INV-0004465,2024-05-06,ACC-0024,CH-WS-01,41,0,0,16,False
INV-0004466,2024-05-06,HOM-0025,CH-NE-01,52,0,9,40,False
INV-0004467,2024-05-06,HOM-0025,CH-MW-01,72,0,10,40,False
INV-0004468,2024-05-06,HOM-0025,CH-WE-01,36,85,9,40,False
INV-0004469,2024-05-06,HOM-0025,CH-ON-01,50,0,20,40,False
INV-0004470,2024-05-06,HOM-0025,CH-WS-01,68,0,2,40,False
INV-0004471,2024-05-06,HOM-0026,CH-NE-01,61,0,6,26,False
INV-0004472,2024-05-06,HOM-0026,CH-MW-01,67,0,9,26,False
INV-0004473,2024-05-06,HOM-0026,CH-WE-01,17,47,15,26,False
INV-0004474,2024-05-06,HOM-0026,CH-ON-01,63,0,17,26,False
INV-0004475,2024-05-06,HOM-0026,CH-WS-01,55,0,0,26,False
INV-0004476,2024-05-06,HOM-0027,CH-NE-01,76,0,7,43,False
INV-0004477,2024-05-06,HOM-0027,CH-MW-01,52,0,11,43,False
INV-0004478,2024-05-06,HOM-0027,CH-WE-01,105,0,3,43,False
INV-0004479,2024-05-06,HOM-0027,CH-ON-01,71,0,23,43,False
INV-0004480,2024-05-06,HOM-0027,CH-WS-01,44,0,11,43,False
INV-0004481,2024-05-06,HOM-0028,CH-NE-01,54,0,2,24,False
INV-0004482,2024-05-06,HOM-0028,CH-MW-01,28,0,12,24,False
INV-0004483,2024-05-06,HOM-0028,CH-WE-01,26,0,11,24,False
INV-0004484,2024-05-06,HOM-0028,CH-ON-01,12,57,17,24,False
INV-0004485,2024-05-06,HOM-0028,CH-WS-01,61,0,0,24,False
INV-0004486,2024-05-06,HOM-0029,CH-NE-01,73,0,5,39,False
INV-0004487,2024-05-06,HOM-0029,CH-MW-01,120,0,2,39,False
INV-0004488,2024-05-06,HOM-0029,CH-WE-01,79,0,10,39,False
INV-0004489,2024-05-06,HOM-0029,CH-ON-01,101,0,12,39,False
INV-0004490,2024-05-06,HOM-0029,CH-WS-01,39,70,6,39,False
INV-0004491,2024-05-06,HOM-0031,CH-NE-01,78,0,0,25,False
INV-0004492,2024-05-06,HOM-0031,CH-MW-01,53,0,5,25,False
INV-0004493,2024-05-06,HOM-0031,CH-WE-01,92,0,10,25,False
INV-0004494,2024-05-06,HOM-0031,CH-ON-01,54,0,16,25,False
INV-0004495,2024-05-06,HOM-0031,CH-WS-01,77,0,0,25,False
INV-0004496,2024-05-06,HOM-0032,CH-NE-01,48,0,7,28,False
INV-0004497,2024-05-06,HOM-0032,CH-MW-01,22,57,9,28,False
INV-0004498,2024-05-06,HOM-0032,CH-WE-01,45,0,10,28,False
INV-0004499,2024-05-06,HOM-0032,CH-ON-01,79,0,9,28,False
INV-0004500,2024-05-06,HOM-0032,CH-WS-01,76,0,6,28,False
INV-0004501,2024-05-13,APP-0001,CH-NE-01,63,0,7,33,False
INV-0004502,2024-05-13,APP-0001,CH-MW-01,73,0,6,33,False
INV-0004503,2024-05-13,APP-0001,CH-WE-01,113,0,6,33,False
INV-0004504,2024-05-13,APP-0001,CH-ON-01,49,0,6,33,False
INV-0004505,2024-05-13,APP-0001,CH-WS-01,41,0,2,33,False
INV-0004506,2024-05-13,APP-0002,CH-NE-01,58,0,16,23,False
INV-0004507,2024-05-13,APP-0002,CH-MW-01,66,0,5,23,False
INV-0004508,2024-05-13,APP-0002,CH-WE-01,79,0,12,23,False
INV-0004509,2024-05-13,APP-0002,CH-ON-01,89,0,16,23,False
INV-0004510,2024-05-13,APP-0002,CH-WS-01,44,0,0,23,False
INV-0004511,2024-05-13,APP-0003,CH-NE-01,11,56,11,15,False
INV-0004512,2024-05-13,APP-0003,CH-MW-01,61,0,5,15,False
INV-0004513,2024-05-13,APP-0003,CH-WE-01,24,0,19,15,False
INV-0004514,2024-05-13,APP-0003,CH-ON-01,69,0,5,15,False
INV-0004515,2024-05-13,APP-0003,CH-WS-01,54,0,4,15,False
INV-0004516,2024-05-13,APP-0004,CH-NE-01,72,0,4,39,False
INV-0004517,2024-05-13,APP-0004,CH-MW-01,78,0,4,39,False
INV-0004518,2024-05-13,APP-0004,CH-WE-01,59,0,15,39,False
INV-0004519,2024-05-13,APP-0004,CH-ON-01,53,0,6,39,False
INV-0004520,2024-05-13,APP-0004,CH-WS-01,102,0,0,39,False
INV-0004521,2024-05-13,APP-0005,CH-NE-01,91,0,6,36,False
INV-0004522,2024-05-13,APP-0005,CH-MW-01,71,0,6,36,False
INV-0004523,2024-05-13,APP-0005,CH-WE-01,16,97,35,36,False
INV-0004524,2024-05-13,APP-0005,CH-ON-01,94,0,15,36,False
INV-0004525,2024-05-13,APP-0005,CH-WS-01,87,0,5,36,False
INV-0004526,2024-05-13,APP-0006,CH-NE-01,48,0,6,38,False
INV-0004527,2024-05-13,APP-0006,CH-MW-01,48,0,6,38,False
INV-0004528,2024-05-13,APP-0006,CH-WE-01,58,0,8,38,False
INV-0004529,2024-05-13,APP-0006,CH-ON-01,50,0,18,38,False
INV-0004530,2024-05-13,APP-0006,CH-WS-01,49,0,2,38,False
INV-0004531,2024-05-13,APP-0007,CH-NE-01,41,0,6,28,False
INV-0004532,2024-05-13,APP-0007,CH-MW-01,82,0,4,28,False
INV-0004533,2024-05-13,APP-0007,CH-WE-01,90,0,9,28,False
INV-0004534,2024-05-13,APP-0007,CH-ON-01,78,0,10,28,False
INV-0004535,2024-05-13,APP-0007,CH-WS-01,50,0,4,28,False
INV-0004536,2024-05-13,APP-0008,CH-NE-01,75,0,13,17,False
INV-0004537,2024-05-13,APP-0008,CH-MW-01,83,0,13,17,False
INV-0004538,2024-05-13,APP-0008,CH-WE-01,69,0,10,17,False
INV-0004539,2024-05-13,APP-0008,CH-ON-01,20,0,14,17,False
INV-0004540,2024-05-13,APP-0008,CH-WS-01,93,0,11,17,False
INV-0004541,2024-05-13,APP-0009,CH-NE-01,41,0,6,21,False
INV-0004542,2024-05-13,APP-0009,CH-MW-01,56,0,2,21,False
INV-0004543,2024-05-13,APP-0009,CH-WE-01,63,0,13,21,False
INV-0004544,2024-05-13,APP-0009,CH-ON-01,49,0,13,21,False
INV-0004545,2024-05-13,APP-0009,CH-WS-01,48,0,5,21,False
INV-0004546,2024-05-13,APP-0010,CH-NE-01,88,0,6,34,False
INV-0004547,2024-05-13,APP-0010,CH-MW-01,121,0,4,34,False
INV-0004548,2024-05-13,APP-0010,CH-WE-01,70,0,13,34,False
INV-0004549,2024-05-13,APP-0010,CH-ON-01,41,0,8,34,False
INV-0004550,2024-05-13,APP-0010,CH-WS-01,40,0,5,34,False
INV-0004551,2024-05-13,APP-0011,CH-NE-01,123,0,7,44,False
INV-0004552,2024-05-13,APP-0011,CH-MW-01,146,0,10,44,False
INV-0004553,2024-05-13,APP-0011,CH-WE-01,181,0,13,44,False
INV-0004554,2024-05-13,APP-0011,CH-ON-01,94,0,17,44,False
INV-0004555,2024-05-13,APP-0011,CH-WS-01,48,0,7,44,False
INV-0004556,2024-05-13,FTW-0012,CH-NE-01,34,84,9,42,False
INV-0004557,2024-05-13,FTW-0012,CH-MW-01,59,0,4,42,False
INV-0004558,2024-05-13,FTW-0012,CH-WE-01,74,0,18,42,False
INV-0004559,2024-05-13,FTW-0012,CH-ON-01,78,0,6,42,False
INV-0004560,2024-05-13,FTW-0012,CH-WS-01,70,0,3,42,False
INV-0004561,2024-05-13,FTW-0014,CH-NE-01,57,0,8,27,False
INV-0004562,2024-05-13,FTW-0014,CH-MW-01,98,0,2,27,False
INV-0004563,2024-05-13,FTW-0014,CH-WE-01,65,0,7,27,False
INV-0004564,2024-05-13,FTW-0014,CH-ON-01,81,0,9,27,False
INV-0004565,2024-05-13,FTW-0014,CH-WS-01,89,0,0,27,False
INV-0004566,2024-05-13,FTW-0015,CH-NE-01,54,0,9,40,False
INV-0004567,2024-05-13,FTW-0015,CH-MW-01,88,0,2,40,False
INV-0004568,2024-05-13,FTW-0015,CH-WE-01,57,0,4,40,False
INV-0004569,2024-05-13,FTW-0015,CH-ON-01,36,77,15,40,False
INV-0004570,2024-05-13,FTW-0015,CH-WS-01,86,0,2,40,False
INV-0004571,2024-05-13,ACC-0017,CH-NE-01,86,0,17,31,False
INV-0004572,2024-05-13,ACC-0017,CH-MW-01,63,0,7,31,False
INV-0004573,2024-05-13,ACC-0017,CH-WE-01,66,0,8,31,False
INV-0004574,2024-05-13,ACC-0017,CH-ON-01,53,0,10,31,False
INV-0004575,2024-05-13,ACC-0017,CH-WS-01,65,0,1,31,False
INV-0004576,2024-05-13,ACC-0019,CH-NE-01,95,0,10,38,False
INV-0004577,2024-05-13,ACC-0019,CH-MW-01,87,0,6,38,False
INV-0004578,2024-05-13,ACC-0019,CH-WE-01,94,0,2,38,False
INV-0004579,2024-05-13,ACC-0019,CH-ON-01,85,0,11,38,False
INV-0004580,2024-05-13,ACC-0019,CH-WS-01,101,0,3,38,False
INV-0004581,2024-05-13,ACC-0021,CH-NE-01,62,0,7,36,False
INV-0004582,2024-05-13,ACC-0021,CH-MW-01,53,0,11,36,False
INV-0004583,2024-05-13,ACC-0021,CH-WE-01,46,0,7,36,False
INV-0004584,2024-05-13,ACC-0021,CH-ON-01,90,0,20,36,False
INV-0004585,2024-05-13,ACC-0021,CH-WS-01,45,0,6,36,False
INV-0004586,2024-05-13,ACC-0023,CH-NE-01,53,0,14,37,False
INV-0004587,2024-05-13,ACC-0023,CH-MW-01,66,0,6,37,False
INV-0004588,2024-05-13,ACC-0023,CH-WE-01,52,0,9,37,False
INV-0004589,2024-05-13,ACC-0023,CH-ON-01,29,49,16,37,False
INV-0004590,2024-05-13,ACC-0023,CH-WS-01,88,0,0,37,False
INV-0004591,2024-05-13,ACC-0024,CH-NE-01,78,0,0,16,False
INV-0004592,2024-05-13,ACC-0024,CH-MW-01,23,0,6,16,False
INV-0004593,2024-05-13,ACC-0024,CH-WE-01,14,101,6,16,False
INV-0004594,2024-05-13,ACC-0024,CH-ON-01,107,0,5,16,False
INV-0004595,2024-05-13,ACC-0024,CH-WS-01,37,0,4,16,False
INV-0004596,2024-05-13,HOM-0025,CH-NE-01,45,0,7,40,False
INV-0004597,2024-05-13,HOM-0025,CH-MW-01,68,0,4,40,False
INV-0004598,2024-05-13,HOM-0025,CH-WE-01,112,0,9,40,False
INV-0004599,2024-05-13,HOM-0025,CH-ON-01,41,0,9,40,False
INV-0004600,2024-05-13,HOM-0025,CH-WS-01,61,0,7,40,False
INV-0004601,2024-05-13,HOM-0026,CH-NE-01,53,0,8,26,False
INV-0004602,2024-05-13,HOM-0026,CH-MW-01,64,0,3,26,False
INV-0004603,2024-05-13,HOM-0026,CH-WE-01,52,0,12,26,False
INV-0004604,2024-05-13,HOM-0026,CH-ON-01,55,0,8,26,False
INV-0004605,2024-05-13,HOM-0026,CH-WS-01,47,0,8,26,False
INV-0004606,2024-05-13,HOM-0027,CH-NE-01,63,0,13,43,False
INV-0004607,2024-05-13,HOM-0027,CH-MW-01,43,72,9,43,False
INV-0004608,2024-05-13,HOM-0027,CH-WE-01,98,0,7,43,False
INV-0004609,2024-05-13,HOM-0027,CH-ON-01,60,0,11,43,False
INV-0004610,2024-05-13,HOM-0027,CH-WS-01,41,73,3,43,False
INV-0004611,2024-05-13,HOM-0028,CH-NE-01,50,0,4,24,False
INV-0004612,2024-05-13,HOM-0028,CH-MW-01,18,48,10,24,False
INV-0004613,2024-05-13,HOM-0028,CH-WE-01,23,73,3,24,False
INV-0004614,2024-05-13,HOM-0028,CH-ON-01,64,0,5,24,False
INV-0004615,2024-05-13,HOM-0028,CH-WS-01,59,0,2,24,False
INV-0004616,2024-05-13,HOM-0029,CH-NE-01,57,0,16,39,False
INV-0004617,2024-05-13,HOM-0029,CH-MW-01,115,0,5,39,False
INV-0004618,2024-05-13,HOM-0029,CH-WE-01,58,0,21,39,False
INV-0004619,2024-05-13,HOM-0029,CH-ON-01,82,0,19,39,False
INV-0004620,2024-05-13,HOM-0029,CH-WS-01,106,0,3,39,False
INV-0004621,2024-05-13,HOM-0031,CH-NE-01,66,0,12,25,False
INV-0004622,2024-05-13,HOM-0031,CH-MW-01,42,0,11,25,False
INV-0004623,2024-05-13,HOM-0031,CH-WE-01,79,0,13,25,False
INV-0004624,2024-05-13,HOM-0031,CH-ON-01,47,0,7,25,False
INV-0004625,2024-05-13,HOM-0031,CH-WS-01,77,0,0,25,False
INV-0004626,2024-05-13,HOM-0032,CH-NE-01,44,0,4,28,False
INV-0004627,2024-05-13,HOM-0032,CH-MW-01,72,0,7,28,False
INV-0004628,2024-05-13,HOM-0032,CH-WE-01,35,0,10,28,False
INV-0004629,2024-05-13,HOM-0032,CH-ON-01,68,0,11,28,False
INV-0004630,2024-05-13,HOM-0032,CH-WS-01,73,0,3,28,False
INV-0004631,2024-05-20,APP-0001,CH-NE-01,51,0,12,33,False
INV-0004632,2024-05-20,APP-0001,CH-MW-01,63,0,10,33,False
INV-0004633,2024-05-20,APP-0001,CH-WE-01,108,0,5,33,False
INV-0004634,2024-05-20,APP-0001,CH-ON-01,38,0,11,33,False
INV-0004635,2024-05-20,APP-0001,CH-WS-01,41,0,0,33,False
INV-0004636,2024-05-20,APP-0002,CH-NE-01,46,0,12,23,False
INV-0004637,2024-05-20,APP-0002,CH-MW-01,61,0,5,23,False
INV-0004638,2024-05-20,APP-0002,CH-WE-01,71,0,8,23,False
INV-0004639,2024-05-20,APP-0002,CH-ON-01,78,0,11,23,False
INV-0004640,2024-05-20,APP-0002,CH-WS-01,42,0,2,23,False
INV-0004641,2024-05-20,APP-0003,CH-NE-01,60,0,7,15,False
INV-0004642,2024-05-20,APP-0003,CH-MW-01,57,0,4,15,False
INV-0004643,2024-05-20,APP-0003,CH-WE-01,14,75,10,15,False
INV-0004644,2024-05-20,APP-0003,CH-ON-01,56,0,13,15,False
INV-0004645,2024-05-20,APP-0003,CH-WS-01,54,0,0,15,False
INV-0004646,2024-05-20,APP-0004,CH-NE-01,65,0,7,39,False
INV-0004647,2024-05-20,APP-0004,CH-MW-01,72,0,6,39,False
INV-0004648,2024-05-20,APP-0004,CH-WE-01,52,0,7,39,False
INV-0004649,2024-05-20,APP-0004,CH-ON-01,38,97,15,39,False
INV-0004650,2024-05-20,APP-0004,CH-WS-01,98,0,4,39,False
INV-0004651,2024-05-20,APP-0005,CH-NE-01,87,0,4,36,False
INV-0004652,2024-05-20,APP-0005,CH-MW-01,71,0,0,36,False
INV-0004653,2024-05-20,APP-0005,CH-WE-01,106,0,7,36,False
INV-0004654,2024-05-20,APP-0005,CH-ON-01,83,0,11,36,False
INV-0004655,2024-05-20,APP-0005,CH-WS-01,87,0,0,36,False
INV-0004656,2024-05-20,APP-0006,CH-NE-01,41,0,7,38,False
INV-0004657,2024-05-20,APP-0006,CH-MW-01,43,0,5,38,False
INV-0004658,2024-05-20,APP-0006,CH-WE-01,48,0,10,38,False
INV-0004659,2024-05-20,APP-0006,CH-ON-01,41,0,9,38,False
INV-0004660,2024-05-20,APP-0006,CH-WS-01,49,0,0,38,False
INV-0004661,2024-05-20,APP-0007,CH-NE-01,22,69,19,28,False
INV-0004662,2024-05-20,APP-0007,CH-MW-01,74,0,8,28,False
INV-0004663,2024-05-20,APP-0007,CH-WE-01,87,0,3,28,False
INV-0004664,2024-05-20,APP-0007,CH-ON-01,71,0,7,28,False
INV-0004665,2024-05-20,APP-0007,CH-WS-01,46,0,4,28,False
INV-0004666,2024-05-20,APP-0008,CH-NE-01,66,0,9,17,False
INV-0004667,2024-05-20,APP-0008,CH-MW-01,73,0,10,17,False
INV-0004668,2024-05-20,APP-0008,CH-WE-01,51,0,18,17,False
INV-0004669,2024-05-20,APP-0008,CH-ON-01,7,110,13,17,False
INV-0004670,2024-05-20,APP-0008,CH-WS-01,92,0,1,17,False
INV-0004671,2024-05-20,APP-0009,CH-NE-01,39,0,2,21,False
INV-0004672,2024-05-20,APP-0009,CH-MW-01,52,0,4,21,False
INV-0004673,2024-05-20,APP-0009,CH-WE-01,57,0,6,21,False
INV-0004674,2024-05-20,APP-0009,CH-ON-01,45,0,4,21,False
INV-0004675,2024-05-20,APP-0009,CH-WS-01,35,0,13,21,False
INV-0004676,2024-05-20,APP-0010,CH-NE-01,63,0,25,34,False
INV-0004677,2024-05-20,APP-0010,CH-MW-01,113,0,8,34,False
INV-0004678,2024-05-20,APP-0010,CH-WE-01,56,0,14,34,False
INV-0004679,2024-05-20,APP-0010,CH-ON-01,40,0,1,34,False
INV-0004680,2024-05-20,APP-0010,CH-WS-01,39,0,1,34,False
INV-0004681,2024-05-20,APP-0011,CH-NE-01,119,0,4,44,False
INV-0004682,2024-05-20,APP-0011,CH-MW-01,140,0,6,44,False
INV-0004683,2024-05-20,APP-0011,CH-WE-01,163,0,18,44,False
INV-0004684,2024-05-20,APP-0011,CH-ON-01,90,0,4,44,False
INV-0004685,2024-05-20,APP-0011,CH-WS-01,43,87,5,44,False
INV-0004686,2024-05-20,FTW-0012,CH-NE-01,102,0,16,42,False
INV-0004687,2024-05-20,FTW-0012,CH-MW-01,49,0,10,42,False
INV-0004688,2024-05-20,FTW-0012,CH-WE-01,63,0,11,42,False
INV-0004689,2024-05-20,FTW-0012,CH-ON-01,67,0,11,42,False
INV-0004690,2024-05-20,FTW-0012,CH-WS-01,69,0,1,42,False
INV-0004691,2024-05-20,FTW-0013,CH-NE-01,58,0,5,29,False
INV-0004692,2024-05-20,FTW-0013,CH-MW-01,53,0,10,29,False
INV-0004693,2024-05-20,FTW-0013,CH-WE-01,56,0,7,29,False
INV-0004694,2024-05-20,FTW-0013,CH-ON-01,53,0,10,29,False
INV-0004695,2024-05-20,FTW-0013,CH-WS-01,62,0,1,29,False
INV-0004696,2024-05-20,FTW-0014,CH-NE-01,51,0,6,27,False
INV-0004697,2024-05-20,FTW-0014,CH-MW-01,95,0,3,27,False
INV-0004698,2024-05-20,FTW-0014,CH-WE-01,51,0,14,27,False
INV-0004699,2024-05-20,FTW-0014,CH-ON-01,55,0,26,27,False
INV-0004700,2024-05-20,FTW-0014,CH-WS-01,86,0,3,27,False
INV-0004701,2024-05-20,FTW-0015,CH-NE-01,36,42,18,40,False
INV-0004702,2024-05-20,FTW-0015,CH-MW-01,81,0,7,40,False
INV-0004703,2024-05-20,FTW-0015,CH-WE-01,48,0,9,40,False
INV-0004704,2024-05-20,FTW-0015,CH-ON-01,107,0,6,40,False
INV-0004705,2024-05-20,FTW-0015,CH-WS-01,86,0,0,40,False
INV-0004706,2024-05-20,ACC-0017,CH-NE-01,79,0,7,31,False
INV-0004707,2024-05-20,ACC-0017,CH-MW-01,56,0,7,31,False
INV-0004708,2024-05-20,ACC-0017,CH-WE-01,52,0,14,31,False
INV-0004709,2024-05-20,ACC-0017,CH-ON-01,44,0,9,31,False
INV-0004710,2024-05-20,ACC-0017,CH-WS-01,61,0,4,31,False
INV-0004711,2024-05-20,ACC-0019,CH-NE-01,86,0,9,38,False
INV-0004712,2024-05-20,ACC-0019,CH-MW-01,84,0,3,38,False
INV-0004713,2024-05-20,ACC-0019,CH-WE-01,81,0,13,38,False
INV-0004714,2024-05-20,ACC-0019,CH-ON-01,70,0,15,38,False
INV-0004715,2024-05-20,ACC-0019,CH-WS-01,96,0,5,38,False
INV-0004716,2024-05-20,ACC-0021,CH-NE-01,55,0,7,36,False
INV-0004717,2024-05-20,ACC-0021,CH-MW-01,49,0,4,36,False
INV-0004718,2024-05-20,ACC-0021,CH-WE-01,39,0,7,36,False
INV-0004719,2024-05-20,ACC-0021,CH-ON-01,79,0,11,36,False
INV-0004720,2024-05-20,ACC-0021,CH-WS-01,45,0,0,36,False
INV-0004721,2024-05-20,ACC-0023,CH-NE-01,44,0,9,37,False
INV-0004722,2024-05-20,ACC-0023,CH-MW-01,60,0,6,37,False
INV-0004723,2024-05-20,ACC-0023,CH-WE-01,50,0,2,37,False
INV-0004724,2024-05-20,ACC-0023,CH-ON-01,64,0,14,37,False
INV-0004725,2024-05-20,ACC-0023,CH-WS-01,85,0,3,37,False
INV-0004726,2024-05-20,ACC-0024,CH-NE-01,73,0,5,16,False
INV-0004727,2024-05-20,ACC-0024,CH-MW-01,20,0,3,16,False
INV-0004728,2024-05-20,ACC-0024,CH-WE-01,107,0,8,16,False
INV-0004729,2024-05-20,ACC-0024,CH-ON-01,96,0,11,16,False
INV-0004730,2024-05-20,ACC-0024,CH-WS-01,37,0,0,16,False
INV-0004731,2024-05-20,HOM-0025,CH-NE-01,35,68,10,40,False
INV-0004732,2024-05-20,HOM-0025,CH-MW-01,57,0,11,40,False
INV-0004733,2024-05-20,HOM-0025,CH-WE-01,100,0,12,40,False
INV-0004734,2024-05-20,HOM-0025,CH-ON-01,18,93,23,40,False
INV-0004735,2024-05-20,HOM-0025,CH-WS-01,60,0,1,40,False
INV-0004736,2024-05-20,HOM-0026,CH-NE-01,46,0,7,26,False
INV-0004737,2024-05-20,HOM-0026,CH-MW-01,56,0,8,26,False
INV-0004738,2024-05-20,HOM-0026,CH-WE-01,33,0,19,26,False
INV-0004739,2024-05-20,HOM-0026,CH-ON-01,43,0,12,26,False
INV-0004740,2024-05-20,HOM-0026,CH-WS-01,47,0,0,26,False
INV-0004741,2024-05-20,HOM-0027,CH-NE-01,62,0,1,43,False
INV-0004742,2024-05-20,HOM-0027,CH-MW-01,97,0,18,43,False
INV-0004743,2024-05-20,HOM-0027,CH-WE-01,89,0,9,43,False
INV-0004744,2024-05-20,HOM-0027,CH-ON-01,35,66,25,43,False
INV-0004745,2024-05-20,HOM-0027,CH-WS-01,114,0,0,43,False
INV-0004746,2024-05-20,HOM-0028,CH-NE-01,37,0,13,24,False
INV-0004747,2024-05-20,HOM-0028,CH-MW-01,52,0,14,24,False
INV-0004748,2024-05-20,HOM-0028,CH-WE-01,81,0,15,24,False
INV-0004749,2024-05-20,HOM-0028,CH-ON-01,48,0,16,24,False
INV-0004750,2024-05-20,HOM-0028,CH-WS-01,57,0,2,24,False
INV-0004751,2024-05-20,HOM-0029,CH-NE-01,43,0,14,39,False
INV-0004752,2024-05-20,HOM-0029,CH-MW-01,108,0,7,39,False
INV-0004753,2024-05-20,HOM-0029,CH-WE-01,52,0,6,39,False
INV-0004754,2024-05-20,HOM-0029,CH-ON-01,68,0,14,39,False
INV-0004755,2024-05-20,HOM-0029,CH-WS-01,106,0,0,39,False
INV-0004756,2024-05-20,HOM-0031,CH-NE-01,63,0,3,25,False
INV-0004757,2024-05-20,HOM-0031,CH-MW-01,36,0,6,25,False
INV-0004758,2024-05-20,HOM-0031,CH-WE-01,73,0,6,25,False
INV-0004759,2024-05-20,HOM-0031,CH-ON-01,32,0,15,25,False
INV-0004760,2024-05-20,HOM-0031,CH-WS-01,77,0,0,25,False
INV-0004761,2024-05-20,HOM-0032,CH-NE-01,30,0,14,28,False
INV-0004762,2024-05-20,HOM-0032,CH-MW-01,64,0,8,28,False
INV-0004763,2024-05-20,HOM-0032,CH-WE-01,24,39,11,28,False
INV-0004764,2024-05-20,HOM-0032,CH-ON-01,54,0,14,28,False
INV-0004765,2024-05-20,HOM-0032,CH-WS-01,73,0,0,28,False
INV-0004766,2024-05-27,APP-0001,CH-NE-01,39,0,12,33,False
INV-0004767,2024-05-27,APP-0001,CH-MW-01,51,0,12,33,False
INV-0004768,2024-05-27,APP-0001,CH-WE-01,95,0,13,33,False
INV-0004769,2024-05-27,APP-0001,CH-ON-01,27,106,11,33,False
INV-0004770,2024-05-27,APP-0001,CH-WS-01,39,0,2,33,False
INV-0004771,2024-05-27,APP-0002,CH-NE-01,41,0,5,23,False
INV-0004772,2024-05-27,APP-0002,CH-MW-01,57,0,4,23,False
INV-0004773,2024-05-27,APP-0002,CH-WE-01,60,0,11,23,False
INV-0004774,2024-05-27,APP-0002,CH-ON-01,60,0,18,23,False
INV-0004775,2024-05-27,APP-0002,CH-WS-01,40,0,2,23,False
INV-0004776,2024-05-27,APP-0003,CH-NE-01,40,0,20,15,False
INV-0004777,2024-05-27,APP-0003,CH-MW-01,46,0,11,15,False
INV-0004778,2024-05-27,APP-0003,CH-WE-01,81,0,8,15,False
INV-0004779,2024-05-27,APP-0003,CH-ON-01,46,0,10,15,False
INV-0004780,2024-05-27,APP-0003,CH-WS-01,53,0,1,15,False
INV-0004781,2024-05-27,APP-0004,CH-NE-01,62,0,3,39,False
INV-0004782,2024-05-27,APP-0004,CH-MW-01,63,0,9,39,False
INV-0004783,2024-05-27,APP-0004,CH-WE-01,34,72,18,39,False
INV-0004784,2024-05-27,APP-0004,CH-ON-01,126,0,9,39,False
INV-0004785,2024-05-27,APP-0004,CH-WS-01,97,0,1,39,False
INV-0004786,2024-05-27,APP-0005,CH-NE-01,79,0,8,36,False
INV-0004787,2024-05-27,APP-0005,CH-MW-01,60,0,11,36,False
INV-0004788,2024-05-27,APP-0005,CH-WE-01,98,0,8,36,False
INV-0004789,2024-05-27,APP-0005,CH-ON-01,68,0,15,36,False
INV-0004790,2024-05-27,APP-0005,CH-WS-01,84,0,3,36,False
INV-0004791,2024-05-27,APP-0006,CH-NE-01,28,57,13,38,False
INV-0004792,2024-05-27,APP-0006,CH-MW-01,37,46,6,38,False
INV-0004793,2024-05-27,APP-0006,CH-WE-01,42,0,6,38,False
INV-0004794,2024-05-27,APP-0006,CH-ON-01,22,53,19,38,False
INV-0004795,2024-05-27,APP-0006,CH-WS-01,49,0,0,38,False
INV-0004796,2024-05-27,APP-0007,CH-NE-01,82,0,9,28,False
INV-0004797,2024-05-27,APP-0007,CH-MW-01,68,0,6,28,False
INV-0004798,2024-05-27,APP-0007,CH-WE-01,80,0,7,28,False
INV-0004799,2024-05-27,APP-0007,CH-ON-01,57,0,14,28,False
INV-0004800,2024-05-27,APP-0007,CH-WS-01,41,0,5,28,False
INV-0004801,2024-05-27,APP-0008,CH-NE-01,52,0,14,17,False
INV-0004802,2024-05-27,APP-0008,CH-MW-01,71,0,2,17,False
INV-0004803,2024-05-27,APP-0008,CH-WE-01,37,0,14,17,False
INV-0004804,2024-05-27,APP-0008,CH-ON-01,116,0,1,17,False
INV-0004805,2024-05-27,APP-0008,CH-WS-01,89,0,3,17,False
INV-0004806,2024-05-27,APP-0009,CH-NE-01,35,0,4,21,False
INV-0004807,2024-05-27,APP-0009,CH-MW-01,47,0,5,21,False
INV-0004808,2024-05-27,APP-0009,CH-WE-01,53,0,4,21,False
INV-0004809,2024-05-27,APP-0009,CH-ON-01,30,0,15,21,False
INV-0004810,2024-05-27,APP-0009,CH-WS-01,22,0,13,21,False
INV-0004811,2024-05-27,APP-0010,CH-NE-01,57,0,6,34,False
INV-0004812,2024-05-27,APP-0010,CH-MW-01,110,0,3,34,False
INV-0004813,2024-05-27,APP-0010,CH-WE-01,48,0,8,34,False
INV-0004814,2024-05-27,APP-0010,CH-ON-01,32,102,8,34,False
INV-0004815,2024-05-27,APP-0010,CH-WS-01,38,0,1,34,False
INV-0004816,2024-05-27,APP-0011,CH-NE-01,113,0,6,44,False
INV-0004817,2024-05-27,APP-0011,CH-MW-01,133,0,7,44,False
INV-0004818,2024-05-27,APP-0011,CH-WE-01,146,0,17,44,False
INV-0004819,2024-05-27,APP-0011,CH-ON-01,76,0,14,44,False
INV-0004820,2024-05-27,APP-0011,CH-WS-01,128,0,2,44,False
INV-0004821,2024-05-27,FTW-0012,CH-NE-01,92,0,10,42,False
INV-0004822,2024-05-27,FTW-0012,CH-MW-01,46,0,3,42,False
INV-0004823,2024-05-27,FTW-0012,CH-WE-01,57,0,6,42,False
INV-0004824,2024-05-27,FTW-0012,CH-ON-01,59,0,8,42,False
INV-0004825,2024-05-27,FTW-0012,CH-WS-01,69,0,0,42,False
INV-0004826,2024-05-27,FTW-0013,CH-NE-01,52,0,6,29,False
INV-0004827,2024-05-27,FTW-0013,CH-MW-01,50,0,3,29,False
INV-0004828,2024-05-27,FTW-0013,CH-WE-01,51,0,5,29,False
INV-0004829,2024-05-27,FTW-0013,CH-ON-01,41,0,12,29,False
INV-0004830,2024-05-27,FTW-0013,CH-WS-01,62,0,0,29,False
INV-0004831,2024-05-27,FTW-0014,CH-NE-01,45,0,6,27,False
INV-0004832,2024-05-27,FTW-0014,CH-MW-01,88,0,7,27,False
INV-0004833,2024-05-27,FTW-0014,CH-WE-01,46,0,5,27,False
INV-0004834,2024-05-27,FTW-0014,CH-ON-01,46,0,9,27,False
INV-0004835,2024-05-27,FTW-0014,CH-WS-01,86,0,0,27,False
INV-0004836,2024-05-27,FTW-0015,CH-NE-01,71,0,7,40,False
INV-0004837,2024-05-27,FTW-0015,CH-MW-01,77,0,4,40,False
INV-0004838,2024-05-27,FTW-0015,CH-WE-01,32,54,16,40,False
INV-0004839,2024-05-27,FTW-0015,CH-ON-01,100,0,7,40,False
INV-0004840,2024-05-27,FTW-0015,CH-WS-01,83,0,3,40,False
INV-0004841,2024-05-27,ACC-0017,CH-NE-01,71,0,8,31,False
INV-0004842,2024-05-27,ACC-0017,CH-MW-01,56,0,0,31,False
INV-0004843,2024-05-27,ACC-0017,CH-WE-01,30,90,22,31,False
INV-0004844,2024-05-27,ACC-0017,CH-ON-01,32,0,12,31,False
INV-0004845,2024-05-27,ACC-0017,CH-WS-01,57,0,4,31,False
INV-0004846,2024-05-27,ACC-0019,CH-NE-01,79,0,7,38,False
INV-0004847,2024-05-27,ACC-0019,CH-MW-01,80,0,4,38,False
INV-0004848,2024-05-27,ACC-0019,CH-WE-01,71,0,10,38,False
INV-0004849,2024-05-27,ACC-0019,CH-ON-01,60,0,10,38,False
INV-0004850,2024-05-27,ACC-0019,CH-WS-01,89,0,7,38,False
INV-0004851,2024-05-27,ACC-0021,CH-NE-01,48,0,7,36,False
INV-0004852,2024-05-27,ACC-0021,CH-MW-01,43,0,6,36,False
INV-0004853,2024-05-27,ACC-0021,CH-WE-01,36,93,3,36,False
INV-0004854,2024-05-27,ACC-0021,CH-ON-01,66,0,13,36,False
INV-0004855,2024-05-27,ACC-0021,CH-WS-01,43,0,2,36,False
INV-0004856,2024-05-27,ACC-0023,CH-NE-01,33,46,11,37,False
INV-0004857,2024-05-27,ACC-0023,CH-MW-01,48,0,12,37,False
INV-0004858,2024-05-27,ACC-0023,CH-WE-01,30,76,20,37,False
INV-0004859,2024-05-27,ACC-0023,CH-ON-01,45,0,19,37,False
INV-0004860,2024-05-27,ACC-0023,CH-WS-01,82,0,3,37,False
INV-0004861,2024-05-27,ACC-0024,CH-NE-01,64,0,9,16,False
INV-0004862,2024-05-27,ACC-0024,CH-MW-01,14,84,6,16,False
INV-0004863,2024-05-27,ACC-0024,CH-WE-01,103,0,4,16,False
INV-0004864,2024-05-27,ACC-0024,CH-ON-01,87,0,9,16,False
INV-0004865,2024-05-27,ACC-0024,CH-WS-01,37,0,0,16,False
INV-0004866,2024-05-27,HOM-0025,CH-NE-01,97,0,6,40,False
INV-0004867,2024-05-27,HOM-0025,CH-MW-01,45,0,12,40,False
INV-0004868,2024-05-27,HOM-0025,CH-WE-01,84,0,16,40,False
INV-0004869,2024-05-27,HOM-0025,CH-ON-01,104,0,7,40,False
INV-0004870,2024-05-27,HOM-0025,CH-WS-01,56,0,4,40,False
INV-0004871,2024-05-27,HOM-0026,CH-NE-01,40,0,6,26,False
INV-0004872,2024-05-27,HOM-0026,CH-MW-01,55,0,1,26,False
INV-0004873,2024-05-27,HOM-0026,CH-WE-01,25,43,8,26,False
INV-0004874,2024-05-27,HOM-0026,CH-ON-01,31,0,12,26,False
INV-0004875,2024-05-27,HOM-0026,CH-WS-01,47,0,0,26,False
INV-0004876,2024-05-27,HOM-0027,CH-NE-01,54,0,8,43,False
INV-0004877,2024-05-27,HOM-0027,CH-MW-01,83,0,14,43,False
INV-0004878,2024-05-27,HOM-0027,CH-WE-01,76,0,13,43,False
INV-0004879,2024-05-27,HOM-0027,CH-ON-01,85,0,16,43,False
INV-0004880,2024-05-27,HOM-0027,CH-WS-01,114,0,0,43,False
INV-0004881,2024-05-27,HOM-0028,CH-NE-01,34,0,3,24,False
INV-0004882,2024-05-27,HOM-0028,CH-MW-01,44,0,8,24,False
INV-0004883,2024-05-27,HOM-0028,CH-WE-01,72,0,9,24,False
INV-0004884,2024-05-27,HOM-0028,CH-ON-01,30,0,18,24,False
INV-0004885,2024-05-27,HOM-0028,CH-WS-01,56,0,1,24,False
INV-0004886,2024-05-27,HOM-0029,CH-NE-01,42,0,1,39,False
INV-0004887,2024-05-27,HOM-0029,CH-MW-01,99,0,9,39,False
INV-0004888,2024-05-27,HOM-0029,CH-WE-01,47,0,5,39,False
INV-0004889,2024-05-27,HOM-0029,CH-ON-01,48,0,20,39,False
INV-0004890,2024-05-27,HOM-0029,CH-WS-01,103,0,3,39,False
INV-0004891,2024-05-27,HOM-0031,CH-NE-01,47,0,16,25,False
INV-0004892,2024-05-27,HOM-0031,CH-MW-01,31,0,5,25,False
INV-0004893,2024-05-27,HOM-0031,CH-WE-01,62,0,11,25,False
INV-0004894,2024-05-27,HOM-0031,CH-ON-01,20,60,12,25,False
INV-0004895,2024-05-27,HOM-0031,CH-WS-01,71,0,6,25,False
INV-0004896,2024-05-27,HOM-0032,CH-NE-01,19,48,11,28,False
INV-0004897,2024-05-27,HOM-0032,CH-MW-01,63,0,1,28,False
INV-0004898,2024-05-27,HOM-0032,CH-WE-01,58,0,5,28,False
INV-0004899,2024-05-27,HOM-0032,CH-ON-01,48,0,6,28,False
INV-0004900,2024-05-27,HOM-0032,CH-WS-01,72,0,1,28,False
INV-0004901,2024-06-03,APP-0001,CH-NE-01,26,105,13,33,False
INV-0004902,2024-06-03,APP-0001,CH-MW-01,38,0,13,33,False
INV-0004903,2024-06-03,APP-0001,CH-WE-01,84,0,11,33,False
INV-0004904,2024-06-03,APP-0001,CH-ON-01,119,0,14,33,False
INV-0004905,2024-06-03,APP-0001,CH-WS-01,39,0,0,33,False
INV-0004906,2024-06-03,APP-0002,CH-NE-01,36,0,5,23,False
INV-0004907,2024-06-03,APP-0002,CH-MW-01,42,0,15,23,False
INV-0004908,2024-06-03,APP-0002,CH-WE-01,52,0,8,23,False
INV-0004909,2024-06-03,APP-0002,CH-ON-01,43,0,17,23,False
INV-0004910,2024-06-03,APP-0002,CH-WS-01,35,0,5,23,False
INV-0004911,2024-06-03,APP-0003,CH-NE-01,32,0,8,15,False
INV-0004912,2024-06-03,APP-0003,CH-MW-01,44,0,2,15,False
INV-0004913,2024-06-03,APP-0003,CH-WE-01,73,0,8,15,False
INV-0004914,2024-06-03,APP-0003,CH-ON-01,37,0,9,15,False
INV-0004915,2024-06-03,APP-0003,CH-WS-01,50,0,3,15,False
INV-0004916,2024-06-03,APP-0004,CH-NE-01,54,0,8,39,False
INV-0004917,2024-06-03,APP-0004,CH-MW-01,58,0,5,39,False
INV-0004918,2024-06-03,APP-0004,CH-WE-01,93,0,13,39,False
INV-0004919,2024-06-03,APP-0004,CH-ON-01,114,0,12,39,False
INV-0004920,2024-06-03,APP-0004,CH-WS-01,94,0,3,39,False
INV-0004921,2024-06-03,APP-0005,CH-NE-01,61,0,18,36,False
INV-0004922,2024-06-03,APP-0005,CH-MW-01,46,0,14,36,False
INV-0004923,2024-06-03,APP-0005,CH-WE-01,92,0,6,36,False
INV-0004924,2024-06-03,APP-0005,CH-ON-01,63,0,5,36,False
INV-0004925,2024-06-03,APP-0005,CH-WS-01,82,0,2,36,False
INV-0004926,2024-06-03,APP-0006,CH-NE-01,61,0,24,38,False
INV-0004927,2024-06-03,APP-0006,CH-MW-01,70,0,13,38,False
INV-0004928,2024-06-03,APP-0006,CH-WE-01,40,0,2,38,False
INV-0004929,2024-06-03,APP-0006,CH-ON-01,57,0,18,38,False
INV-0004930,2024-06-03,APP-0006,CH-WS-01,47,0,2,38,False
INV-0004931,2024-06-03,APP-0007,CH-NE-01,79,0,3,28,False
INV-0004932,2024-06-03,APP-0007,CH-MW-01,68,0,0,28,False
INV-0004933,2024-06-03,APP-0007,CH-WE-01,68,0,12,28,False
INV-0004934,2024-06-03,APP-0007,CH-ON-01,43,0,14,28,False
INV-0004935,2024-06-03,APP-0007,CH-WS-01,33,0,8,28,False
INV-0004936,2024-06-03,APP-0008,CH-NE-01,42,0,10,17,False
INV-0004937,2024-06-03,APP-0008,CH-MW-01,64,0,7,17,False
INV-0004938,2024-06-03,APP-0008,CH-WE-01,27,0,10,17,False
INV-0004939,2024-06-03,APP-0008,CH-ON-01,94,0,22,17,False
INV-0004940,2024-06-03,APP-0008,CH-WS-01,84,0,5,17,False
INV-0004941,2024-06-03,APP-0009,CH-NE-01,27,0,8,21,False
INV-0004942,2024-06-03,APP-0009,CH-MW-01,42,0,5,21,False
INV-0004943,2024-06-03,APP-0009,CH-WE-01,53,0,0,21,False
INV-0004944,2024-06-03,APP-0009,CH-ON-01,15,36,15,21,False
INV-0004945,2024-06-03,APP-0009,CH-WS-01,20,59,2,21,False
INV-0004946,2024-06-03,APP-0010,CH-NE-01,45,0,12,34,False
INV-0004947,2024-06-03,APP-0010,CH-MW-01,101,0,9,34,False
INV-0004948,2024-06-03,APP-0010,CH-WE-01,44,0,4,34,False
INV-0004949,2024-06-03,APP-0010,CH-ON-01,125,0,9,34,False
INV-0004950,2024-06-03,APP-0010,CH-WS-01,38,0,0,34,False
INV-0004951,2024-06-03,APP-0011,CH-NE-01,112,0,1,44,False
INV-0004952,2024-06-03,APP-0011,CH-MW-01,126,0,7,44,False
INV-0004953,2024-06-03,APP-0011,CH-WE-01,141,0,5,44,False
INV-0004954,2024-06-03,APP-0011,CH-ON-01,68,0,8,44,False
INV-0004955,2024-06-03,APP-0011,CH-WS-01,126,0,2,44,False
INV-0004956,2024-06-03,FTW-0012,CH-NE-01,76,0,16,42,False
INV-0004957,2024-06-03,FTW-0012,CH-MW-01,45,0,1,42,False
INV-0004958,2024-06-03,FTW-0012,CH-WE-01,46,0,11,42,False
INV-0004959,2024-06-03,FTW-0012,CH-ON-01,47,0,12,42,False
INV-0004960,2024-06-03,FTW-0012,CH-WS-01,64,0,5,42,False
INV-0004961,2024-06-03,FTW-0013,CH-NE-01,44,0,8,29,False
INV-0004962,2024-06-03,FTW-0013,CH-MW-01,47,0,3,29,False
INV-0004963,2024-06-03,FTW-0013,CH-WE-01,32,0,19,29,False
INV-0004964,2024-06-03,FTW-0013,CH-ON-01,25,36,16,29,False
INV-0004965,2024-06-03,FTW-0013,CH-WS-01,60,0,2,29,False
INV-0004966,2024-06-03,FTW-0014,CH-NE-01,30,0,15,27,False
INV-0004967,2024-06-03,FTW-0014,CH-MW-01,83,0,5,27,False
INV-0004968,2024-06-03,FTW-0014,CH-WE-01,43,0,3,27,False
INV-0004969,2024-06-03,FTW-0014,CH-ON-01,27,131,19,27,False
INV-0004970,2024-06-03,FTW-0014,CH-WS-01,78,0,8,27,False
INV-0004971,2024-06-03,FTW-0015,CH-NE-01,69,0,2,40,False
INV-0004972,2024-06-03,FTW-0015,CH-MW-01,73,0,4,40,False
INV-0004973,2024-06-03,FTW-0015,CH-WE-01,79,0,7,40,False
INV-0004974,2024-06-03,FTW-0015,CH-ON-01,87,0,13,40,False
INV-0004975,2024-06-03,FTW-0015,CH-WS-01,81,0,2,40,False
INV-0004976,2024-06-03,ACC-0017,CH-NE-01,60,0,11,31,False
INV-0004977,2024-06-03,ACC-0017,CH-MW-01,47,0,9,31,False
INV-0004978,2024-06-03,ACC-0017,CH-WE-01,111,0,9,31,False
INV-0004979,2024-06-03,ACC-0017,CH-ON-01,12,101,20,31,False
INV-0004980,2024-06-03,ACC-0017,CH-WS-01,56,0,1,31,False
INV-0004981,2024-06-03,ACC-0019,CH-NE-01,65,0,14,38,False
INV-0004982,2024-06-03,ACC-0019,CH-MW-01,71,0,9,38,False
INV-0004983,2024-06-03,ACC-0019,CH-WE-01,56,0,15,38,False
INV-0004984,2024-06-03,ACC-0019,CH-ON-01,41,0,19,38,False
INV-0004985,2024-06-03,ACC-0019,CH-WS-01,89,0,0,38,False
INV-0004986,2024-06-03,ACC-0020,CH-NE-01,57,0,12,23,False
INV-0004987,2024-06-03,ACC-0020,CH-MW-01,51,0,18,23,False
INV-0004988,2024-06-03,ACC-0020,CH-WE-01,65,0,4,23,False
INV-0004989,2024-06-03,ACC-0020,CH-ON-01,67,0,2,23,False
INV-0004990,2024-06-03,ACC-0020,CH-WS-01,68,0,1,23,False
INV-0004991,2024-06-03,ACC-0021,CH-NE-01,42,0,6,36,False
INV-0004992,2024-06-03,ACC-0021,CH-MW-01,31,91,12,36,False
INV-0004993,2024-06-03,ACC-0021,CH-WE-01,114,0,15,36,False
INV-0004994,2024-06-03,ACC-0021,CH-ON-01,50,0,16,36,False
INV-0004995,2024-06-03,ACC-0021,CH-WS-01,37,0,6,36,False
INV-0004996,2024-06-03,ACC-0023,CH-NE-01,69,0,10,37,False
INV-0004997,2024-06-03,ACC-0023,CH-MW-01,42,0,6,37,False
INV-0004998,2024-06-03,ACC-0023,CH-WE-01,95,0,11,37,False
INV-0004999,2024-06-03,ACC-0023,CH-ON-01,29,82,16,37,False
INV-0005000,2024-06-03,ACC-0023,CH-WS-01,81,0,1,37,False
INV-0005001,2024-06-03,ACC-0024,CH-NE-01,53,0,11,16,False
INV-0005002,2024-06-03,ACC-0024,CH-MW-01,92,0,6,16,False
INV-0005003,2024-06-03,ACC-0024,CH-WE-01,84,0,19,16,False
INV-0005004,2024-06-03,ACC-0024,CH-ON-01,85,0,2,16,False
INV-0005005,2024-06-03,ACC-0024,CH-WS-01,37,0,0,16,False
INV-0005006,2024-06-03,HOM-0025,CH-NE-01,94,0,3,40,False
INV-0005007,2024-06-03,HOM-0025,CH-MW-01,37,86,8,40,False
INV-0005008,2024-06-03,HOM-0025,CH-WE-01,65,0,19,40,False
INV-0005009,2024-06-03,HOM-0025,CH-ON-01,98,0,6,40,False
INV-0005010,2024-06-03,HOM-0025,CH-WS-01,56,0,0,40,False
INV-0005011,2024-06-03,HOM-0026,CH-NE-01,27,0,13,26,False
INV-0005012,2024-06-03,HOM-0026,CH-MW-01,45,0,10,26,False
INV-0005013,2024-06-03,HOM-0026,CH-WE-01,56,0,12,26,False
INV-0005014,2024-06-03,HOM-0026,CH-ON-01,11,62,20,26,False
INV-0005015,2024-06-03,HOM-0026,CH-WS-01,43,0,4,26,False
INV-0005016,2024-06-03,HOM-0027,CH-NE-01,39,87,15,43,False
INV-0005017,2024-06-03,HOM-0027,CH-MW-01,78,0,5,43,False
INV-0005018,2024-06-03,HOM-0027,CH-WE-01,70,0,6,43,False
INV-0005019,2024-06-03,HOM-0027,CH-ON-01,77,0,8,43,False
INV-0005020,2024-06-03,HOM-0027,CH-WS-01,114,0,0,43,False
INV-0005021,2024-06-03,HOM-0028,CH-NE-01,26,0,8,24,False
INV-0005022,2024-06-03,HOM-0028,CH-MW-01,40,0,4,24,False
INV-0005023,2024-06-03,HOM-0028,CH-WE-01,65,0,7,24,False
INV-0005024,2024-06-03,HOM-0028,CH-ON-01,22,49,8,24,False
INV-0005025,2024-06-03,HOM-0028,CH-WS-01,54,0,2,24,False
INV-0005026,2024-06-03,HOM-0029,CH-NE-01,41,0,1,39,False
INV-0005027,2024-06-03,HOM-0029,CH-MW-01,98,0,1,39,False
INV-0005028,2024-06-03,HOM-0029,CH-WE-01,41,0,6,39,False
INV-0005029,2024-06-03,HOM-0029,CH-ON-01,42,0,6,39,False
INV-0005030,2024-06-03,HOM-0029,CH-WS-01,102,0,1,39,False
INV-0005031,2024-06-03,HOM-0031,CH-NE-01,39,0,8,25,False
INV-0005032,2024-06-03,HOM-0031,CH-MW-01,22,56,9,25,False
INV-0005033,2024-06-03,HOM-0031,CH-WE-01,60,0,2,25,False
INV-0005034,2024-06-03,HOM-0031,CH-ON-01,69,0,11,25,False
INV-0005035,2024-06-03,HOM-0031,CH-WS-01,69,0,2,25,False
INV-0005036,2024-06-03,HOM-0032,CH-NE-01,59,0,8,28,False
INV-0005037,2024-06-03,HOM-0032,CH-MW-01,58,0,5,28,False
INV-0005038,2024-06-03,HOM-0032,CH-WE-01,47,0,11,28,False
INV-0005039,2024-06-03,HOM-0032,CH-ON-01,42,0,6,28,False
INV-0005040,2024-06-03,HOM-0032,CH-WS-01,71,0,1,28,False
INV-0005041,2024-06-10,APP-0001,CH-NE-01,128,0,3,33,False
INV-0005042,2024-06-10,APP-0001,CH-MW-01,35,0,3,33,False
INV-0005043,2024-06-10,APP-0001,CH-WE-01,79,0,5,33,False
INV-0005044,2024-06-10,APP-0001,CH-ON-01,99,0,20,33,False
INV-0005045,2024-06-10,APP-0001,CH-WS-01,35,0,4,33,False
INV-0005046,2024-06-10,APP-0002,CH-NE-01,29,0,7,23,False
INV-0005047,2024-06-10,APP-0002,CH-MW-01,36,0,6,23,False
INV-0005048,2024-06-10,APP-0002,CH-WE-01,40,0,12,23,False
INV-0005049,2024-06-10,APP-0002,CH-ON-01,21,85,22,23,False
INV-0005050,2024-06-10,APP-0002,CH-WS-01,30,0,5,23,False
INV-0005051,2024-06-10,APP-0003,CH-NE-01,22,0,10,15,False
INV-0005052,2024-06-10,APP-0003,CH-MW-01,36,0,8,15,False
INV-0005053,2024-06-10,APP-0003,CH-WE-01,52,0,21,15,False
INV-0005054,2024-06-10,APP-0003,CH-ON-01,23,0,14,15,False
INV-0005055,2024-06-10,APP-0003,CH-WS-01,50,0,0,15,False
INV-0005056,2024-06-10,APP-0004,CH-NE-01,54,0,0,39,False
INV-0005057,2024-06-10,APP-0004,CH-MW-01,42,0,16,39,False
INV-0005058,2024-06-10,APP-0004,CH-WE-01,84,0,9,39,False
INV-0005059,2024-06-10,APP-0004,CH-ON-01,103,0,11,39,False
INV-0005060,2024-06-10,APP-0004,CH-WS-01,89,0,5,39,False
INV-0005061,2024-06-10,APP-0005,CH-NE-01,52,0,9,36,False
INV-0005062,2024-06-10,APP-0005,CH-MW-01,42,0,4,36,False
INV-0005063,2024-06-10,APP-0005,CH-WE-01,82,0,10,36,False
INV-0005064,2024-06-10,APP-0005,CH-ON-01,43,0,20,36,False
INV-0005065,2024-06-10,APP-0005,CH-WS-01,81,0,1,36,False
INV-0005066,2024-06-10,APP-0006,CH-NE-01,55,0,6,38,False
INV-0005067,2024-06-10,APP-0006,CH-MW-01,64,0,6,38,False
INV-0005068,2024-06-10,APP-0006,CH-WE-01,30,57,10,38,False
INV-0005069,2024-06-10,APP-0006,CH-ON-01,47,0,10,38,False
INV-0005070,2024-06-10,APP-0006,CH-WS-01,45,0,2,38,False
INV-0005071,2024-06-10,APP-0007,CH-NE-01,75,0,4,28,False
INV-0005072,2024-06-10,APP-0007,CH-MW-01,61,0,7,28,False
INV-0005073,2024-06-10,APP-0007,CH-WE-01,52,0,16,28,False
INV-0005074,2024-06-10,APP-0007,CH-ON-01,25,67,18,28,False
INV-0005075,2024-06-10,APP-0007,CH-WS-01,32,0,1,28,False
INV-0005076,2024-06-10,APP-0008,CH-NE-01,26,0,16,17,False
INV-0005077,2024-06-10,APP-0008,CH-MW-01,54,0,10,17,False
INV-0005078,2024-06-10,APP-0008,CH-WE-01,15,98,12,17,False
INV-0005079,2024-06-10,APP-0008,CH-ON-01,83,0,11,17,False
INV-0005080,2024-06-10,APP-0008,CH-WS-01,80,0,4,17,False
INV-0005081,2024-06-10,APP-0009,CH-NE-01,18,59,9,21,False
INV-0005082,2024-06-10,APP-0009,CH-MW-01,37,0,5,21,False
INV-0005083,2024-06-10,APP-0009,CH-WE-01,45,0,8,21,False
INV-0005084,2024-06-10,APP-0009,CH-ON-01,40,0,11,21,False
INV-0005085,2024-06-10,APP-0009,CH-WS-01,77,0,2,21,False
INV-0005086,2024-06-10,APP-0010,CH-NE-01,40,0,5,34,False
INV-0005087,2024-06-10,APP-0010,CH-MW-01,92,0,9,34,False
INV-0005088,2024-06-10,APP-0010,CH-WE-01,35,0,9,34,False
INV-0005089,2024-06-10,APP-0010,CH-ON-01,114,0,11,34,False
INV-0005090,2024-06-10,APP-0010,CH-WS-01,35,0,3,34,False
INV-0005091,2024-06-10,APP-0011,CH-NE-01,101,0,11,44,False
INV-0005092,2024-06-10,APP-0011,CH-MW-01,118,0,8,44,False
INV-0005093,2024-06-10,APP-0011,CH-WE-01,122,0,19,44,False
INV-0005094,2024-06-10,APP-0011,CH-ON-01,43,89,25,44,False
INV-0005095,2024-06-10,APP-0011,CH-WS-01,123,0,3,44,False
INV-0005096,2024-06-10,FTW-0012,CH-NE-01,71,0,5,42,False
INV-0005097,2024-06-10,FTW-0012,CH-MW-01,31,62,14,42,False
INV-0005098,2024-06-10,FTW-0012,CH-WE-01,36,54,10,42,False
INV-0005099,2024-06-10,FTW-0012,CH-ON-01,37,65,10,42,False
INV-0005100,2024-06-10,FTW-0012,CH-WS-01,62,0,2,42,False
INV-0005101,2024-06-10,FTW-0013,CH-NE-01,44,0,0,29,False
INV-0005102,2024-06-10,FTW-0013,CH-MW-01,38,0,9,29,False
INV-0005103,2024-06-10,FTW-0013,CH-WE-01,18,47,14,29,False
INV-0005104,2024-06-10,FTW-0013,CH-ON-01,47,0,14,29,False
INV-0005105,2024-06-10,FTW-0013,CH-WS-01,59,0,1,29,False
INV-0005106,2024-06-10,FTW-0014,CH-NE-01,21,109,9,27,False
INV-0005107,2024-06-10,FTW-0014,CH-MW-01,75,0,8,27,False
INV-0005108,2024-06-10,FTW-0014,CH-WE-01,39,0,4,27,False
INV-0005109,2024-06-10,FTW-0014,CH-ON-01,134,0,24,27,False
INV-0005110,2024-06-10,FTW-0014,CH-WS-01,76,0,2,27,False
INV-0005111,2024-06-10,FTW-0015,CH-NE-01,59,0,10,40,False
INV-0005112,2024-06-10,FTW-0015,CH-MW-01,62,0,11,40,False
INV-0005113,2024-06-10,FTW-0015,CH-WE-01,68,0,11,40,False
INV-0005114,2024-06-10,FTW-0015,CH-ON-01,75,0,12,40,False
INV-0005115,2024-06-10,FTW-0015,CH-WS-01,72,0,9,40,False
INV-0005116,2024-06-10,ACC-0017,CH-NE-01,53,0,7,31,False
INV-0005117,2024-06-10,ACC-0017,CH-MW-01,42,0,5,31,False
INV-0005118,2024-06-10,ACC-0017,CH-WE-01,106,0,5,31,False
INV-0005119,2024-06-10,ACC-0017,CH-ON-01,102,0,11,31,False
INV-0005120,2024-06-10,ACC-0017,CH-WS-01,55,0,1,31,False
INV-0005121,2024-06-10,ACC-0019,CH-NE-01,56,0,9,38,False
INV-0005122,2024-06-10,ACC-0019,CH-MW-01,63,0,8,38,False
INV-0005123,2024-06-10,ACC-0019,CH-WE-01,43,0,13,38,False
INV-0005124,2024-06-10,ACC-0019,CH-ON-01,33,104,8,38,False
INV-0005125,2024-06-10,ACC-0019,CH-WS-01,85,0,4,38,False
INV-0005126,2024-06-10,ACC-0020,CH-NE-01,51,0,6,23,False
INV-0005127,2024-06-10,ACC-0020,CH-MW-01,47,0,4,23,False
INV-0005128,2024-06-10,ACC-0020,CH-WE-01,59,0,6,23,False
INV-0005129,2024-06-10,ACC-0020,CH-ON-01,38,0,29,23,False
INV-0005130,2024-06-10,ACC-0020,CH-WS-01,68,0,0,23,False
INV-0005131,2024-06-10,ACC-0021,CH-NE-01,26,93,16,36,False
INV-0005132,2024-06-10,ACC-0021,CH-MW-01,118,0,4,36,False
INV-0005133,2024-06-10,ACC-0021,CH-WE-01,98,0,16,36,False
INV-0005134,2024-06-10,ACC-0021,CH-ON-01,26,86,24,36,False
INV-0005135,2024-06-10,ACC-0021,CH-WS-01,33,111,4,36,False
INV-0005136,2024-06-10,ACC-0023,CH-NE-01,64,0,5,37,False
INV-0005137,2024-06-10,ACC-0023,CH-MW-01,36,82,6,37,False
INV-0005138,2024-06-10,ACC-0023,CH-WE-01,86,0,9,37,False
INV-0005139,2024-06-10,ACC-0023,CH-ON-01,103,0,8,37,False
INV-0005140,2024-06-10,ACC-0023,CH-WS-01,76,0,5,37,False
INV-0005141,2024-06-10,ACC-0024,CH-NE-01,41,0,12,16,False
INV-0005142,2024-06-10,ACC-0024,CH-MW-01,84,0,8,16,False
INV-0005143,2024-06-10,ACC-0024,CH-WE-01,71,0,13,16,False
INV-0005144,2024-06-10,ACC-0024,CH-ON-01,71,0,14,16,False
INV-0005145,2024-06-10,ACC-0024,CH-WS-01,34,0,3,16,False
INV-0005146,2024-06-10,HOM-0025,CH-NE-01,91,0,3,40,False
INV-0005147,2024-06-10,HOM-0025,CH-MW-01,106,0,17,40,False
INV-0005148,2024-06-10,HOM-0025,CH-WE-01,59,0,6,40,False
INV-0005149,2024-06-10,HOM-0025,CH-ON-01,93,0,5,40,False
INV-0005150,2024-06-10,HOM-0025,CH-WS-01,54,0,2,40,False
INV-0005151,2024-06-10,HOM-0026,CH-NE-01,12,50,15,26,False
INV-0005152,2024-06-10,HOM-0026,CH-MW-01,45,0,0,26,False
INV-0005153,2024-06-10,HOM-0026,CH-WE-01,42,0,14,26,False
INV-0005154,2024-06-10,HOM-0026,CH-ON-01,64,0,9,26,False
INV-0005155,2024-06-10,HOM-0026,CH-WS-01,36,0,7,26,False
INV-0005156,2024-06-10,HOM-0027,CH-NE-01,107,0,19,43,False
INV-0005157,2024-06-10,HOM-0027,CH-MW-01,73,0,5,43,False
INV-0005158,2024-06-10,HOM-0027,CH-WE-01,63,0,7,43,False
INV-0005159,2024-06-10,HOM-0027,CH-ON-01,66,0,11,43,False
INV-0005160,2024-06-10,HOM-0027,CH-WS-01,114,0,0,43,False
INV-0005161,2024-06-10,HOM-0028,CH-NE-01,24,70,2,24,False
INV-0005162,2024-06-10,HOM-0028,CH-MW-01,30,0,10,24,False
INV-0005163,2024-06-10,HOM-0028,CH-WE-01,50,0,15,24,False
INV-0005164,2024-06-10,HOM-0028,CH-ON-01,60,0,11,24,False
INV-0005165,2024-06-10,HOM-0028,CH-WS-01,52,0,2,24,False
INV-0005166,2024-06-10,HOM-0029,CH-NE-01,34,64,7,39,False
INV-0005167,2024-06-10,HOM-0029,CH-MW-01,92,0,6,39,False
INV-0005168,2024-06-10,HOM-0029,CH-WE-01,23,89,18,39,False
INV-0005169,2024-06-10,HOM-0029,CH-ON-01,28,81,14,39,False
INV-0005170,2024-06-10,HOM-0029,CH-WS-01,101,0,1,39,False
INV-0005171,2024-06-10,HOM-0031,CH-NE-01,16,75,23,25,False
INV-0005172,2024-06-10,HOM-0031,CH-MW-01,77,0,1,25,False
INV-0005173,2024-06-10,HOM-0031,CH-WE-01,50,0,10,25,False
INV-0005174,2024-06-10,HOM-0031,CH-ON-01,44,0,25,25,False
INV-0005175,2024-06-10,HOM-0031,CH-WS-01,69,0,0,25,False
INV-0005176,2024-06-10,HOM-0032,CH-NE-01,47,0,12,28,False
INV-0005177,2024-06-10,HOM-0032,CH-MW-01,47,0,11,28,False
INV-0005178,2024-06-10,HOM-0032,CH-WE-01,30,0,17,28,False
INV-0005179,2024-06-10,HOM-0032,CH-ON-01,24,55,18,28,False
INV-0005180,2024-06-10,HOM-0032,CH-WS-01,68,0,3,28,False
INV-0005181,2024-06-17,APP-0001,CH-NE-01,122,0,6,33,False
INV-0005182,2024-06-17,APP-0001,CH-MW-01,22,89,13,33,False
INV-0005183,2024-06-17,APP-0001,CH-WE-01,67,0,12,33,False
INV-0005184,2024-06-17,APP-0001,CH-ON-01,75,0,24,33,False
INV-0005185,2024-06-17,APP-0001,CH-WS-01,32,117,3,33,False
INV-0005186,2024-06-17,APP-0002,CH-NE-01,17,77,12,23,False
INV-0005187,2024-06-17,APP-0002,CH-MW-01,25,0,11,23,False
INV-0005188,2024-06-17,APP-0002,CH-WE-01,38,0,2,23,False
INV-0005189,2024-06-17,APP-0002,CH-ON-01,97,0,9,23,False
INV-0005190,2024-06-17,APP-0002,CH-WS-01,22,142,8,23,False
INV-0005191,2024-06-17,APP-0003,CH-NE-01,8,51,14,15,False
INV-0005192,2024-06-17,APP-0003,CH-MW-01,27,0,9,15,False
INV-0005193,2024-06-17,APP-0003,CH-WE-01,37,0,15,15,False
INV-0005194,2024-06-17,APP-0003,CH-ON-01,19,0,4,15,False
INV-0005195,2024-06-17,APP-0003,CH-WS-01,47,0,3,15,False
INV-0005196,2024-06-17,APP-0004,CH-NE-01,36,104,18,39,False
INV-0005197,2024-06-17,APP-0004,CH-MW-01,42,0,0,39,False
INV-0005198,2024-06-17,APP-0004,CH-WE-01,79,0,5,39,False
INV-0005199,2024-06-17,APP-0004,CH-ON-01,90,0,13,39,False
INV-0005200,2024-06-17,APP-0004,CH-WS-01,82,0,7,39,False
INV-0005201,2024-06-17,APP-0005,CH-NE-01,35,83,17,36,False
INV-0005202,2024-06-17,APP-0005,CH-MW-01,31,136,11,36,False
INV-0005203,2024-06-17,APP-0005,CH-WE-01,75,0,7,36,False
INV-0005204,2024-06-17,APP-0005,CH-ON-01,24,101,19,36,False
INV-0005205,2024-06-17,APP-0005,CH-WS-01,79,0,2,36,False
INV-0005206,2024-06-17,APP-0006,CH-NE-01,40,0,15,38,False
INV-0005207,2024-06-17,APP-0006,CH-MW-01,56,0,8,38,False
INV-0005208,2024-06-17,APP-0006,CH-WE-01,68,0,19,38,False
INV-0005209,2024-06-17,APP-0006,CH-ON-01,34,68,13,38,False
INV-0005210,2024-06-17,APP-0006,CH-WS-01,42,0,3,38,False
INV-0005211,2024-06-17,APP-0007,CH-NE-01,62,0,13,28,False
INV-0005212,2024-06-17,APP-0007,CH-MW-01,54,0,7,28,False
INV-0005213,2024-06-17,APP-0007,CH-WE-01,39,0,13,28,False
INV-0005214,2024-06-17,APP-0007,CH-ON-01,73,0,19,28,False
INV-0005215,2024-06-17,APP-0007,CH-WS-01,29,0,3,28,False
INV-0005216,2024-06-17,APP-0008,CH-NE-01,21,0,5,17,False
INV-0005217,2024-06-17,APP-0008,CH-MW-01,44,0,10,17,False
INV-0005218,2024-06-17,APP-0008,CH-WE-01,111,0,2,17,False
INV-0005219,2024-06-17,APP-0008,CH-ON-01,76,0,7,17,False
INV-0005220,2024-06-17,APP-0008,CH-WS-01,75,0,5,17,False
INV-0005221,2024-06-17,APP-0009,CH-NE-01,75,0,2,21,False
INV-0005222,2024-06-17,APP-0009,CH-MW-01,29,0,8,21,False
INV-0005223,2024-06-17,APP-0009,CH-WE-01,37,0,8,21,False
INV-0005224,2024-06-17,APP-0009,CH-ON-01,32,0,8,21,False
INV-0005225,2024-06-17,APP-0009,CH-WS-01,75,0,2,21,False
INV-0005226,2024-06-17,APP-0010,CH-NE-01,30,74,10,34,False
INV-0005227,2024-06-17,APP-0010,CH-MW-01,89,0,3,34,False
INV-0005228,2024-06-17,APP-0010,CH-WE-01,25,100,10,34,False
INV-0005229,2024-06-17,APP-0010,CH-ON-01,101,0,13,34,False
INV-0005230,2024-06-17,APP-0010,CH-WS-01,31,84,4,34,False
INV-0005231,2024-06-17,APP-0011,CH-NE-01,93,0,8,44,False
INV-0005232,2024-06-17,APP-0011,CH-MW-01,114,0,4,44,False
INV-0005233,2024-06-17,APP-0011,CH-WE-01,111,0,11,44,False
INV-0005234,2024-06-17,APP-0011,CH-ON-01,129,0,3,44,False
INV-0005235,2024-06-17,APP-0011,CH-WS-01,119,0,4,44,False
INV-0005236,2024-06-17,FTW-0012,CH-NE-01,58,0,13,42,False
INV-0005237,2024-06-17,FTW-0012,CH-MW-01,83,0,10,42,False
INV-0005238,2024-06-17,FTW-0012,CH-WE-01,72,0,18,42,False
INV-0005239,2024-06-17,FTW-0012,CH-ON-01,99,0,3,42,False
INV-0005240,2024-06-17,FTW-0012,CH-WS-01,62,0,0,42,False
INV-0005241,2024-06-17,FTW-0013,CH-NE-01,36,0,8,29,False
INV-0005242,2024-06-17,FTW-0013,CH-MW-01,27,59,11,29,False
INV-0005243,2024-06-17,FTW-0013,CH-WE-01,58,0,7,29,False
INV-0005244,2024-06-17,FTW-0013,CH-ON-01,26,62,21,29,False
INV-0005245,2024-06-17,FTW-0013,CH-WS-01,59,0,0,29,False
INV-0005246,2024-06-17,FTW-0014,CH-NE-01,120,0,10,27,False
INV-0005247,2024-06-17,FTW-0014,CH-MW-01,69,0,6,27,False
INV-0005248,2024-06-17,FTW-0014,CH-WE-01,32,0,7,27,False
INV-0005249,2024-06-17,FTW-0014,CH-ON-01,117,0,17,27,False
INV-0005250,2024-06-17,FTW-0014,CH-WS-01,73,0,3,27,False
INV-0005251,2024-06-17,FTW-0015,CH-NE-01,37,54,22,40,False
INV-0005252,2024-06-17,FTW-0015,CH-MW-01,57,0,5,40,False
INV-0005253,2024-06-17,FTW-0015,CH-WE-01,57,0,11,40,False
INV-0005254,2024-06-17,FTW-0015,CH-ON-01,68,0,7,40,False
INV-0005255,2024-06-17,FTW-0015,CH-WS-01,72,0,0,40,False
INV-0005256,2024-06-17,ACC-0017,CH-NE-01,48,0,5,31,False
INV-0005257,2024-06-17,ACC-0017,CH-MW-01,33,0,9,31,False
INV-0005258,2024-06-17,ACC-0017,CH-WE-01,94,0,12,31,False
INV-0005259,2024-06-17,ACC-0017,CH-ON-01,95,0,7,31,False
INV-0005260,2024-06-17,ACC-0017,CH-WS-01,55,0,0,31,False
INV-0005261,2024-06-17,ACC-0019,CH-NE-01,49,0,7,38,False
INV-0005262,2024-06-17,ACC-0019,CH-MW-01,57,0,6,38,False
INV-0005263,2024-06-17,ACC-0019,CH-WE-01,30,53,13,38,False
INV-0005264,2024-06-17,ACC-0019,CH-ON-01,123,0,14,38,False
INV-0005265,2024-06-17,ACC-0019,CH-WS-01,84,0,1,38,False
INV-0005266,2024-06-17,ACC-0020,CH-NE-01,47,0,4,23,False
INV-0005267,2024-06-17,ACC-0020,CH-MW-01,40,0,7,23,False
INV-0005268,2024-06-17,ACC-0020,CH-WE-01,45,0,14,23,False
INV-0005269,2024-06-17,ACC-0020,CH-ON-01,31,0,7,23,False
INV-0005270,2024-06-17,ACC-0020,CH-WS-01,67,0,1,23,False
INV-0005271,2024-06-17,ACC-0021,CH-NE-01,104,0,15,36,False
INV-0005272,2024-06-17,ACC-0021,CH-MW-01,115,0,3,36,False
INV-0005273,2024-06-17,ACC-0021,CH-WE-01,94,0,4,36,False
INV-0005274,2024-06-17,ACC-0021,CH-ON-01,100,0,12,36,False
INV-0005275,2024-06-17,ACC-0021,CH-WS-01,139,0,5,36,False
INV-0005276,2024-06-17,ACC-0023,CH-NE-01,47,0,17,37,False
INV-0005277,2024-06-17,ACC-0023,CH-MW-01,106,0,12,37,False
INV-0005278,2024-06-17,ACC-0023,CH-WE-01,77,0,9,37,False
INV-0005279,2024-06-17,ACC-0023,CH-ON-01,93,0,10,37,False
INV-0005280,2024-06-17,ACC-0023,CH-WS-01,75,0,1,37,False
INV-0005281,2024-06-17,ACC-0024,CH-NE-01,29,0,12,16,False
INV-0005282,2024-06-17,ACC-0024,CH-MW-01,71,0,13,16,False
INV-0005283,2024-06-17,ACC-0024,CH-WE-01,65,0,6,16,False
INV-0005284,2024-06-17,ACC-0024,CH-ON-01,54,0,17,16,False
INV-0005285,2024-06-17,ACC-0024,CH-WS-01,33,0,1,16,False
INV-0005286,2024-06-17,HOM-0025,CH-NE-01,77,0,14,40,False
INV-0005287,2024-06-17,HOM-0025,CH-MW-01,99,0,7,40,False
INV-0005288,2024-06-17,HOM-0025,CH-WE-01,47,0,12,40,False
INV-0005289,2024-06-17,HOM-0025,CH-ON-01,80,0,13,40,False
INV-0005290,2024-06-17,HOM-0025,CH-WS-01,53,0,1,40,False
INV-0005291,2024-06-17,HOM-0026,CH-NE-01,47,0,15,26,False
INV-0005292,2024-06-17,HOM-0026,CH-MW-01,45,0,0,26,False
INV-0005293,2024-06-17,HOM-0026,CH-WE-01,33,0,9,26,False
INV-0005294,2024-06-17,HOM-0026,CH-ON-01,53,0,11,26,False
INV-0005295,2024-06-17,HOM-0026,CH-WS-01,34,0,2,26,False
INV-0005296,2024-06-17,HOM-0027,CH-NE-01,104,0,3,43,False
INV-0005297,2024-06-17,HOM-0027,CH-MW-01,70,0,3,43,False
INV-0005298,2024-06-17,HOM-0027,CH-WE-01,55,0,8,43,False
INV-0005299,2024-06-17,HOM-0027,CH-ON-01,56,0,10,43,False
INV-0005300,2024-06-17,HOM-0027,CH-WS-01,114,0,0,43,False
INV-0005301,2024-06-17,HOM-0028,CH-NE-01,86,0,8,24,False
INV-0005302,2024-06-17,HOM-0028,CH-MW-01,26,0,4,24,False
INV-0005303,2024-06-17,HOM-0028,CH-WE-01,45,0,5,24,False
INV-0005304,2024-06-17,HOM-0028,CH-ON-01,52,0,8,24,False
INV-0005305,2024-06-17,HOM-0028,CH-WS-01,50,0,2,24,False
INV-0005306,2024-06-17,HOM-0029,CH-NE-01,86,0,12,39,False
INV-0005307,2024-06-17,HOM-0029,CH-MW-01,84,0,8,39,False
INV-0005308,2024-06-17,HOM-0029,CH-WE-01,94,0,18,39,False
INV-0005309,2024-06-17,HOM-0029,CH-ON-01,98,0,11,39,False
INV-0005310,2024-06-17,HOM-0029,CH-WS-01,101,0,0,39,False
INV-0005311,2024-06-17,HOM-0031,CH-NE-01,82,0,9,25,False
INV-0005312,2024-06-17,HOM-0031,CH-MW-01,71,0,6,25,False
INV-0005313,2024-06-17,HOM-0031,CH-WE-01,44,0,6,25,False
INV-0005314,2024-06-17,HOM-0031,CH-ON-01,29,0,15,25,False
INV-0005315,2024-06-17,HOM-0031,CH-WS-01,67,0,2,25,False
INV-0005316,2024-06-17,HOM-0032,CH-NE-01,33,0,14,28,False
INV-0005317,2024-06-17,HOM-0032,CH-MW-01,34,0,13,28,False
INV-0005318,2024-06-17,HOM-0032,CH-WE-01,25,62,5,28,False
INV-0005319,2024-06-17,HOM-0032,CH-ON-01,63,0,16,28,False
INV-0005320,2024-06-17,HOM-0032,CH-WS-01,68,0,0,28,False
INV-0005321,2024-06-24,APP-0001,CH-NE-01,111,0,11,33,False
INV-0005322,2024-06-24,APP-0001,CH-MW-01,108,0,3,33,False
INV-0005323,2024-06-24,APP-0001,CH-WE-01,51,0,16,33,False
INV-0005324,2024-06-24,APP-0001,CH-ON-01,60,0,15,33,False
INV-0005325,2024-06-24,APP-0001,CH-WS-01,141,0,8,33,False
INV-0005326,2024-06-24,APP-0002,CH-NE-01,90,0,4,23,False
INV-0005327,2024-06-24,APP-0002,CH-MW-01,21,90,4,23,False
INV-0005328,2024-06-24,APP-0002,CH-WE-01,29,0,9,23,False
INV-0005329,2024-06-24,APP-0002,CH-ON-01,89,0,8,23,False
INV-0005330,2024-06-24,APP-0002,CH-WS-01,160,0,4,23,False
INV-0005331,2024-06-24,APP-0003,CH-NE-01,58,0,1,15,False
INV-0005332,2024-06-24,APP-0003,CH-MW-01,23,0,4,15,False
INV-0005333,2024-06-24,APP-0003,CH-WE-01,24,0,13,15,False
INV-0005334,2024-06-24,APP-0003,CH-ON-01,2,40,17,15,False
INV-0005335,2024-06-24,APP-0003,CH-WS-01,45,0,2,15,False
INV-0005336,2024-06-24,APP-0004,CH-NE-01,125,0,15,39,False
INV-0005337,2024-06-24,APP-0004,CH-MW-01,37,109,5,39,False
INV-0005338,2024-06-24,APP-0004,CH-WE-01,63,0,16,39,False
INV-0005339,2024-06-24,APP-0004,CH-ON-01,72,0,18,39,False
INV-0005340,2024-06-24,APP-0004,CH-WS-01,81,0,1,39,False
INV-0005341,2024-06-24,APP-0005,CH-NE-01,115,0,3,36,False
INV-0005342,2024-06-24,APP-0005,CH-MW-01,156,0,11,36,False
INV-0005343,2024-06-24,APP-0005,CH-WE-01,61,0,14,36,False
INV-0005344,2024-06-24,APP-0005,CH-ON-01,114,0,11,36,False
INV-0005345,2024-06-24,APP-0005,CH-WS-01,75,0,4,36,False
INV-0005346,2024-06-24,APP-0006,CH-NE-01,31,59,9,38,False
INV-0005347,2024-06-24,APP-0006,CH-MW-01,38,54,18,38,False
INV-0005348,2024-06-24,APP-0006,CH-WE-01,65,0,3,38,False
INV-0005349,2024-06-24,APP-0006,CH-ON-01,86,0,16,38,False
INV-0005350,2024-06-24,APP-0006,CH-WS-01,39,0,3,38,False
INV-0005351,2024-06-24,APP-0007,CH-NE-01,57,0,5,28,False
INV-0005352,2024-06-24,APP-0007,CH-MW-01,38,0,16,28,False
INV-0005353,2024-06-24,APP-0007,CH-WE-01,27,71,12,28,False
INV-0005354,2024-06-24,APP-0007,CH-ON-01,59,0,14,28,False
INV-0005355,2024-06-24,APP-0007,CH-WS-01,27,64,2,28,False
INV-0005356,2024-06-24,APP-0008,CH-NE-01,5,100,16,17,False
INV-0005357,2024-06-24,APP-0008,CH-MW-01,29,0,15,17,False
INV-0005358,2024-06-24,APP-0008,CH-WE-01,106,0,5,17,False
INV-0005359,2024-06-24,APP-0008,CH-ON-01,57,0,19,17,False
INV-0005360,2024-06-24,APP-0008,CH-WS-01,70,0,5,17,False
INV-0005361,2024-06-24,APP-0009,CH-NE-01,74,0,1,21,False
INV-0005362,2024-06-24,APP-0009,CH-MW-01,24,0,5,21,False
INV-0005363,2024-06-24,APP-0009,CH-WE-01,21,48,16,21,False
INV-0005364,2024-06-24,APP-0009,CH-ON-01,16,54,16,21,False
INV-0005365,2024-06-24,APP-0009,CH-WS-01,74,0,1,21,False
INV-0005366,2024-06-24,APP-0010,CH-NE-01,102,0,2,34,False
INV-0005367,2024-06-24,APP-0010,CH-MW-01,74,0,15,34,False
INV-0005368,2024-06-24,APP-0010,CH-WE-01,119,0,6,34,False
INV-0005369,2024-06-24,APP-0010,CH-ON-01,85,0,16,34,False
INV-0005370,2024-06-24,APP-0010,CH-WS-01,106,0,9,34,False
INV-0005371,2024-06-24,APP-0011,CH-NE-01,88,0,5,44,False
INV-0005372,2024-06-24,APP-0011,CH-MW-01,106,0,8,44,False
INV-0005373,2024-06-24,APP-0011,CH-WE-01,109,0,2,44,False
INV-0005374,2024-06-24,APP-0011,CH-ON-01,118,0,11,44,False
INV-0005375,2024-06-24,APP-0011,CH-WS-01,116,0,3,44,False
INV-0005376,2024-06-24,FTW-0012,CH-NE-01,48,0,10,42,False
INV-0005377,2024-06-24,FTW-0012,CH-MW-01,74,0,9,42,False
INV-0005378,2024-06-24,FTW-0012,CH-WE-01,64,0,8,42,False
INV-0005379,2024-06-24,FTW-0012,CH-ON-01,92,0,7,42,False
INV-0005380,2024-06-24,FTW-0012,CH-WS-01,62,0,0,42,False
INV-0005381,2024-06-24,FTW-0013,CH-NE-01,32,0,4,29,False
INV-0005382,2024-06-24,FTW-0013,CH-MW-01,83,0,3,29,False
INV-0005383,2024-06-24,FTW-0013,CH-WE-01,42,0,16,29,False
INV-0005384,2024-06-24,FTW-0013,CH-ON-01,71,0,17,29,False
INV-0005385,2024-06-24,FTW-0013,CH-WS-01,59,0,0,29,False
INV-0005386,2024-06-24,FTW-0014,CH-NE-01,100,0,20,27,False
INV-0005387,2024-06-24,FTW-0014,CH-MW-01,60,0,9,27,False
INV-0005388,2024-06-24,FTW-0014,CH-WE-01,27,104,5,27,False
INV-0005389,2024-06-24,FTW-0014,CH-ON-01,108,0,9,27,False
INV-0005390,2024-06-24,FTW-0014,CH-WS-01,73,0,0,27,False
INV-0005391,2024-06-24,FTW-0015,CH-NE-01,82,0,9,40,False
INV-0005392,2024-06-24,FTW-0015,CH-MW-01,41,0,16,40,False
INV-0005393,2024-06-24,FTW-0015,CH-WE-01,51,0,6,40,False
INV-0005394,2024-06-24,FTW-0015,CH-ON-01,53,0,15,40,False
INV-0005395,2024-06-24,FTW-0015,CH-WS-01,71,0,1,40,False
INV-0005396,2024-06-24,ACC-0017,CH-NE-01,46,0,2,31,False
INV-0005397,2024-06-24,ACC-0017,CH-MW-01,19,115,14,31,False
INV-0005398,2024-06-24,ACC-0017,CH-WE-01,84,0,10,31,False
INV-0005399,2024-06-24,ACC-0017,CH-ON-01,88,0,7,31,False
INV-0005400,2024-06-24,ACC-0017,CH-WS-01,55,0,0,31,False
INV-0005401,2024-06-24,ACC-0019,CH-NE-01,39,0,10,38,False
INV-0005402,2024-06-24,ACC-0019,CH-MW-01,51,0,6,38,False
INV-0005403,2024-06-24,ACC-0019,CH-WE-01,70,0,13,38,False
INV-0005404,2024-06-24,ACC-0019,CH-ON-01,116,0,7,38,False
INV-0005405,2024-06-24,ACC-0019,CH-WS-01,81,0,3,38,False
INV-0005406,2024-06-24,ACC-0020,CH-NE-01,33,0,14,23,False
INV-0005407,2024-06-24,ACC-0020,CH-MW-01,37,0,3,23,False
INV-0005408,2024-06-24,ACC-0020,CH-WE-01,25,0,20,23,False
INV-0005409,2024-06-24,ACC-0020,CH-ON-01,21,45,10,23,False
INV-0005410,2024-06-24,ACC-0020,CH-WS-01,61,0,6,23,False
INV-0005411,2024-06-24,ACC-0021,CH-NE-01,93,0,11,36,False
INV-0005412,2024-06-24,ACC-0021,CH-MW-01,111,0,4,36,False
INV-0005413,2024-06-24,ACC-0021,CH-WE-01,78,0,16,36,False
INV-0005414,2024-06-24,ACC-0021,CH-ON-01,86,0,14,36,False
INV-0005415,2024-06-24,ACC-0021,CH-WS-01,137,0,2,36,False
INV-0005416,2024-06-24,ACC-0023,CH-NE-01,40,0,7,37,False
INV-0005417,2024-06-24,ACC-0023,CH-MW-01,99,0,7,37,False
INV-0005418,2024-06-24,ACC-0023,CH-WE-01,76,0,1,37,False
INV-0005419,2024-06-24,ACC-0023,CH-ON-01,80,0,13,37,False
INV-0005420,2024-06-24,ACC-0023,CH-WS-01,75,0,0,37,False
INV-0005421,2024-06-24,ACC-0024,CH-NE-01,23,0,6,16,False
INV-0005422,2024-06-24,ACC-0024,CH-MW-01,71,0,0,16,False
INV-0005423,2024-06-24,ACC-0024,CH-WE-01,54,0,11,16,False
INV-0005424,2024-06-24,ACC-0024,CH-ON-01,43,0,11,16,False
INV-0005425,2024-06-24,ACC-0024,CH-WS-01,32,0,1,16,False
INV-0005426,2024-06-24,HOM-0025,CH-NE-01,70,0,7,40,False
INV-0005427,2024-06-24,HOM-0025,CH-MW-01,97,0,2,40,False
INV-0005428,2024-06-24,HOM-0025,CH-WE-01,31,81,16,40,False
INV-0005429,2024-06-24,HOM-0025,CH-ON-01,63,0,17,40,False
INV-0005430,2024-06-24,HOM-0025,CH-WS-01,53,0,0,40,False
INV-0005431,2024-06-24,HOM-0026,CH-NE-01,35,0,12,26,False
INV-0005432,2024-06-24,HOM-0026,CH-MW-01,42,0,3,26,False
INV-0005433,2024-06-24,HOM-0026,CH-WE-01,18,38,15,26,False
INV-0005434,2024-06-24,HOM-0026,CH-ON-01,42,0,11,26,False
INV-0005435,2024-06-24,HOM-0026,CH-WS-01,34,0,0,26,False
INV-0005436,2024-06-24,HOM-0027,CH-NE-01,94,0,10,43,False
INV-0005437,2024-06-24,HOM-0027,CH-MW-01,68,0,2,43,False
INV-0005438,2024-06-24,HOM-0027,CH-WE-01,54,0,1,43,False
INV-0005439,2024-06-24,HOM-0027,CH-ON-01,47,0,9,43,False
INV-0005440,2024-06-24,HOM-0027,CH-WS-01,113,0,1,43,False
INV-0005441,2024-06-24,HOM-0028,CH-NE-01,74,0,12,24,False
INV-0005442,2024-06-24,HOM-0028,CH-MW-01,13,53,13,24,False
INV-0005443,2024-06-24,HOM-0028,CH-WE-01,35,0,10,24,False
INV-0005444,2024-06-24,HOM-0028,CH-ON-01,37,0,15,24,False
INV-0005445,2024-06-24,HOM-0028,CH-WS-01,48,0,2,24,False
INV-0005446,2024-06-24,HOM-0029,CH-NE-01,65,0,21,39,False
INV-0005447,2024-06-24,HOM-0029,CH-MW-01,77,0,7,39,False
INV-0005448,2024-06-24,HOM-0029,CH-WE-01,87,0,7,39,False
INV-0005449,2024-06-24,HOM-0029,CH-ON-01,84,0,14,39,False
INV-0005450,2024-06-24,HOM-0029,CH-WS-01,97,0,4,39,False
INV-0005451,2024-06-24,HOM-0031,CH-NE-01,72,0,10,25,False
INV-0005452,2024-06-24,HOM-0031,CH-MW-01,62,0,9,25,False
INV-0005453,2024-06-24,HOM-0031,CH-WE-01,34,0,10,25,False
INV-0005454,2024-06-24,HOM-0031,CH-ON-01,20,88,9,25,False
INV-0005455,2024-06-24,HOM-0031,CH-WS-01,61,0,6,25,False
INV-0005456,2024-06-24,HOM-0032,CH-NE-01,26,64,7,28,False
INV-0005457,2024-06-24,HOM-0032,CH-MW-01,32,0,2,28,False
INV-0005458,2024-06-24,HOM-0032,CH-WE-01,71,0,16,28,False
INV-0005459,2024-06-24,HOM-0032,CH-ON-01,52,0,11,28,False
INV-0005460,2024-06-24,HOM-0032,CH-WS-01,65,0,3,28,False
INV-0005461,2024-07-01,APP-0001,CH-NE-01,103,0,8,33,False
INV-0005462,2024-07-01,APP-0001,CH-MW-01,104,0,4,33,False
INV-0005463,2024-07-01,APP-0001,CH-WE-01,41,0,10,33,False
INV-0005464,2024-07-01,APP-0001,CH-ON-01,47,0,13,33,False
INV-0005465,2024-07-01,APP-0001,CH-WS-01,140,0,1,33,False
INV-0005466,2024-07-01,APP-0002,CH-NE-01,82,0,8,23,False
INV-0005467,2024-07-01,APP-0002,CH-MW-01,104,0,7,23,False
INV-0005468,2024-07-01,APP-0002,CH-WE-01,17,71,12,23,False
INV-0005469,2024-07-01,APP-0002,CH-ON-01,75,0,14,23,False
INV-0005470,2024-07-01,APP-0002,CH-WS-01,156,0,4,23,False
INV-0005471,2024-07-01,APP-0003,CH-NE-01,55,0,3,15,False
INV-0005472,2024-07-01,APP-0003,CH-MW-01,14,71,9,15,False
INV-0005473,2024-07-01,APP-0003,CH-WE-01,15,43,9,15,False
INV-0005474,2024-07-01,APP-0003,CH-ON-01,31,0,11,15,False
INV-0005475,2024-07-01,APP-0003,CH-WS-01,45,0,0,15,False
INV-0005476,2024-07-01,APP-0004,CH-NE-01,113,0,12,39,False
INV-0005477,2024-07-01,APP-0004,CH-MW-01,142,0,4,39,False
INV-0005478,2024-07-01,APP-0004,CH-WE-01,60,0,3,39,False
INV-0005479,2024-07-01,APP-0004,CH-ON-01,50,0,22,39,False
INV-0005480,2024-07-01,APP-0004,CH-WS-01,79,0,2,39,False
INV-0005481,2024-07-01,APP-0005,CH-NE-01,106,0,9,36,False
INV-0005482,2024-07-01,APP-0005,CH-MW-01,155,0,1,36,False
INV-0005483,2024-07-01,APP-0005,CH-WE-01,58,0,3,36,False
INV-0005484,2024-07-01,APP-0005,CH-ON-01,100,0,14,36,False
INV-0005485,2024-07-01,APP-0005,CH-WS-01,73,0,2,36,False
INV-0005486,2024-07-01,APP-0006,CH-NE-01,75,0,15,38,False
INV-0005487,2024-07-01,APP-0006,CH-MW-01,90,0,2,38,False
INV-0005488,2024-07-01,APP-0006,CH-WE-01,56,0,9,38,False
INV-0005489,2024-07-01,APP-0006,CH-ON-01,69,0,17,38,False
INV-0005490,2024-07-01,APP-0006,CH-WS-01,31,52,8,38,False
INV-0005491,2024-07-01,APP-0007,CH-NE-01,44,0,13,28,False
INV-0005492,2024-07-01,APP-0007,CH-MW-01,30,0,8,28,False
INV-0005493,2024-07-01,APP-0007,CH-WE-01,79,0,19,28,False
INV-0005494,2024-07-01,APP-0007,CH-ON-01,48,0,11,28,False
INV-0005495,2024-07-01,APP-0007,CH-WS-01,91,0,0,28,False
INV-0005496,2024-07-01,APP-0008,CH-NE-01,99,0,6,17,False
INV-0005497,2024-07-01,APP-0008,CH-MW-01,26,0,3,17,False
INV-0005498,2024-07-01,APP-0008,CH-WE-01,101,0,5,17,False
INV-0005499,2024-07-01,APP-0008,CH-ON-01,30,0,27,17,False
INV-0005500,2024-07-01,APP-0008,CH-WS-01,65,0,5,17,False
INV-0005501,2024-07-01,APP-0009,CH-NE-01,71,0,3,21,False
INV-0005502,2024-07-01,APP-0009,CH-MW-01,13,64,11,21,False
INV-0005503,2024-07-01,APP-0009,CH-WE-01,64,0,5,21,False
INV-0005504,2024-07-01,APP-0009,CH-ON-01,61,0,9,21,False
INV-0005505,2024-07-01,APP-0009,CH-WS-01,74,0,0,21,False
INV-0005506,2024-07-01,APP-0010,CH-NE-01,102,0,0,34,False
INV-0005507,2024-07-01,APP-0010,CH-MW-01,64,0,10,34,False
INV-0005508,2024-07-01,APP-0010,CH-WE-01,111,0,8,34,False
INV-0005509,2024-07-01,APP-0010,CH-ON-01,79,0,6,34,False
INV-0005510,2024-07-01,APP-0010,CH-WS-01,102,0,4,34,False
INV-0005511,2024-07-01,APP-0011,CH-NE-01,79,0,9,44,False
INV-0005512,2024-07-01,APP-0011,CH-MW-01,98,0,8,44,False
INV-0005513,2024-07-01,APP-0011,CH-WE-01,91,0,18,44,False
INV-0005514,2024-07-01,APP-0011,CH-ON-01,106,0,12,44,False
INV-0005515,2024-07-01,APP-0011,CH-WS-01,114,0,2,44,False
INV-0005516,2024-07-01,FTW-0012,CH-NE-01,42,82,6,42,False
INV-0005517,2024-07-01,FTW-0012,CH-MW-01,68,0,6,42,False
INV-0005518,2024-07-01,FTW-0012,CH-WE-01,52,0,12,42,False
INV-0005519,2024-07-01,FTW-0012,CH-ON-01,78,0,14,42,False
INV-0005520,2024-07-01,FTW-0012,CH-WS-01,60,0,2,42,False
INV-0005521,2024-07-01,FTW-0013,CH-NE-01,22,55,10,29,False
INV-0005522,2024-07-01,FTW-0013,CH-MW-01,75,0,8,29,False
INV-0005523,2024-07-01,FTW-0013,CH-WE-01,39,0,3,29,False
INV-0005524,2024-07-01,FTW-0013,CH-ON-01,64,0,7,29,False
INV-0005525,2024-07-01,FTW-0013,CH-WS-01,58,0,1,29,False
INV-0005526,2024-07-01,FTW-0014,CH-NE-01,90,0,10,27,False
INV-0005527,2024-07-01,FTW-0014,CH-MW-01,59,0,1,27,False
INV-0005528,2024-07-01,FTW-0014,CH-WE-01,119,0,12,27,False
INV-0005529,2024-07-01,FTW-0014,CH-ON-01,101,0,7,27,False
INV-0005530,2024-07-01,FTW-0014,CH-WS-01,71,0,2,27,False
INV-0005531,2024-07-01,FTW-0015,CH-NE-01,75,0,7,40,False
INV-0005532,2024-07-01,FTW-0015,CH-MW-01,30,81,11,40,False
INV-0005533,2024-07-01,FTW-0015,CH-WE-01,40,50,11,40,False
INV-0005534,2024-07-01,FTW-0015,CH-ON-01,48,0,5,40,False
INV-0005535,2024-07-01,FTW-0015,CH-WS-01,71,0,0,40,False
INV-0005536,2024-07-01,ACC-0017,CH-NE-01,35,0,11,31,False
INV-0005537,2024-07-01,ACC-0017,CH-MW-01,132,0,2,31,False
INV-0005538,2024-07-01,ACC-0017,CH-WE-01,76,0,8,31,False
INV-0005539,2024-07-01,ACC-0017,CH-ON-01,83,0,5,31,False
INV-0005540,2024-07-01,ACC-0017,CH-WS-01,55,0,0,31,False
INV-0005541,2024-07-01,ACC-0019,CH-NE-01,35,54,4,38,False
INV-0005542,2024-07-01,ACC-0019,CH-MW-01,45,0,6,38,False
INV-0005543,2024-07-01,ACC-0019,CH-WE-01,67,0,3,38,False
INV-0005544,2024-07-01,ACC-0019,CH-ON-01,102,0,14,38,False
INV-0005545,2024-07-01,ACC-0019,CH-WS-01,75,0,6,38,False
INV-0005546,2024-07-01,ACC-0020,CH-NE-01,27,0,6,23,False
INV-0005547,2024-07-01,ACC-0020,CH-MW-01,34,0,3,23,False
INV-0005548,2024-07-01,ACC-0020,CH-WE-01,10,44,15,23,False
INV-0005549,2024-07-01,ACC-0020,CH-ON-01,50,0,16,23,False
INV-0005550,2024-07-01,ACC-0020,CH-WS-01,58,0,3,23,False
INV-0005551,2024-07-01,ACC-0021,CH-NE-01,87,0,6,36,False
INV-0005552,2024-07-01,ACC-0021,CH-MW-01,106,0,5,36,False
INV-0005553,2024-07-01,ACC-0021,CH-WE-01,62,0,16,36,False
INV-0005554,2024-07-01,ACC-0021,CH-ON-01,81,0,5,36,False
INV-0005555,2024-07-01,ACC-0021,CH-WS-01,130,0,7,36,False
INV-0005556,2024-07-01,ACC-0023,CH-NE-01,32,68,8,37,False
INV-0005557,2024-07-01,ACC-0023,CH-MW-01,96,0,3,37,False
INV-0005558,2024-07-01,ACC-0023,CH-WE-01,65,0,11,37,False
INV-0005559,2024-07-01,ACC-0023,CH-ON-01,70,0,10,37,False
INV-0005560,2024-07-01,ACC-0023,CH-WS-01,72,0,3,37,False
INV-0005561,2024-07-01,ACC-0024,CH-NE-01,13,91,10,16,False
INV-0005562,2024-07-01,ACC-0024,CH-MW-01,70,0,1,16,False
INV-0005563,2024-07-01,ACC-0024,CH-WE-01,51,0,3,16,False
INV-0005564,2024-07-01,ACC-0024,CH-ON-01,33,0,10,16,False
INV-0005565,2024-07-01,ACC-0024,CH-WS-01,27,0,5,16,False
INV-0005566,2024-07-01,HOM-0025,CH-NE-01,56,0,14,40,False
INV-0005567,2024-07-01,HOM-0025,CH-MW-01,96,0,1,40,False
INV-0005568,2024-07-01,HOM-0025,CH-WE-01,105,0,7,40,False
INV-0005569,2024-07-01,HOM-0025,CH-ON-01,59,0,4,40,False
INV-0005570,2024-07-01,HOM-0025,CH-WS-01,51,0,2,40,False
INV-0005571,2024-07-01,HOM-0026,CH-NE-01,31,0,4,26,False
INV-0005572,2024-07-01,HOM-0026,CH-MW-01,34,0,8,26,False
INV-0005573,2024-07-01,HOM-0026,CH-WE-01,51,0,5,26,False
INV-0005574,2024-07-01,HOM-0026,CH-ON-01,22,41,20,26,False
INV-0005575,2024-07-01,HOM-0026,CH-WS-01,34,0,0,26,False
INV-0005576,2024-07-01,HOM-0027,CH-NE-01,79,0,15,43,False
INV-0005577,2024-07-01,HOM-0027,CH-MW-01,55,0,13,43,False
INV-0005578,2024-07-01,HOM-0027,CH-WE-01,42,60,12,43,False
INV-0005579,2024-07-01,HOM-0027,CH-ON-01,28,67,19,43,False
INV-0005580,2024-07-01,HOM-0027,CH-WS-01,113,0,0,43,False
INV-0005581,2024-07-01,HOM-0028,CH-NE-01,72,0,2,24,False
INV-0005582,2024-07-01,HOM-0028,CH-MW-01,62,0,4,24,False
INV-0005583,2024-07-01,HOM-0028,CH-WE-01,28,0,7,24,False
INV-0005584,2024-07-01,HOM-0028,CH-ON-01,22,47,15,24,False
INV-0005585,2024-07-01,HOM-0028,CH-WS-01,44,0,4,24,False
INV-0005586,2024-07-01,HOM-0029,CH-NE-01,62,0,3,39,False
INV-0005587,2024-07-01,HOM-0029,CH-MW-01,71,0,6,39,False
INV-0005588,2024-07-01,HOM-0029,CH-WE-01,83,0,4,39,False
INV-0005589,2024-07-01,HOM-0029,CH-ON-01,64,0,20,39,False
INV-0005590,2024-07-01,HOM-0029,CH-WS-01,93,0,4,39,False
INV-0005591,2024-07-01,HOM-0031,CH-NE-01,66,0,6,25,False
INV-0005592,2024-07-01,HOM-0031,CH-MW-01,56,0,6,25,False
INV-0005593,2024-07-01,HOM-0031,CH-WE-01,31,0,3,25,False
INV-0005594,2024-07-01,HOM-0031,CH-ON-01,101,0,7,25,False
INV-0005595,2024-07-01,HOM-0031,CH-WS-01,59,0,2,25,False
INV-0005596,2024-07-01,HOM-0032,CH-NE-01,80,0,10,28,False
INV-0005597,2024-07-01,HOM-0032,CH-MW-01,22,66,10,28,False
INV-0005598,2024-07-01,HOM-0032,CH-WE-01,62,0,9,28,False
INV-0005599,2024-07-01,HOM-0032,CH-ON-01,41,0,11,28,False
INV-0005600,2024-07-01,HOM-0032,CH-WS-01,60,0,5,28,False
INV-0005601,2024-07-08,APP-0001,CH-NE-01,90,0,13,33,False
INV-0005602,2024-07-08,APP-0001,CH-MW-01,102,0,2,33,False
INV-0005603,2024-07-08,APP-0001,CH-WE-01,37,0,4,33,False
INV-0005604,2024-07-08,APP-0001,CH-ON-01,26,93,21,33,False
INV-0005605,2024-07-08,APP-0001,CH-WS-01,137,0,3,33,False
INV-0005606,2024-07-08,APP-0002,CH-NE-01,75,0,7,23,False
INV-0005607,2024-07-08,APP-0002,CH-MW-01,100,0,4,23,False
INV-0005608,2024-07-08,APP-0002,CH-WE-01,78,0,10,23,False
INV-0005609,2024-07-08,APP-0002,CH-ON-01,69,0,6,23,False
INV-0005610,2024-07-08,APP-0002,CH-WS-01,155,0,1,23,False
INV-0005611,2024-07-08,APP-0003,CH-NE-01,48,0,7,15,False
INV-0005612,2024-07-08,APP-0003,CH-MW-01,75,0,10,15,False
INV-0005613,2024-07-08,APP-0003,CH-WE-01,55,0,3,15,False
INV-0005614,2024-07-08,APP-0003,CH-ON-01,10,55,21,15,False
INV-0005615,2024-07-08,APP-0003,CH-WS-01,44,0,1,15,False
INV-0005616,2024-07-08,APP-0004,CH-NE-01,99,0,14,39,False
INV-0005617,2024-07-08,APP-0004,CH-MW-01,132,0,10,39,False
INV-0005618,2024-07-08,APP-0004,CH-WE-01,55,0,5,39,False
INV-0005619,2024-07-08,APP-0004,CH-ON-01,42,0,8,39,False
INV-0005620,2024-07-08,APP-0004,CH-WS-01,75,0,4,39,False
INV-0005621,2024-07-08,APP-0005,CH-NE-01,101,0,5,36,False
INV-0005622,2024-07-08,APP-0005,CH-MW-01,150,0,5,36,False
INV-0005623,2024-07-08,APP-0005,CH-WE-01,46,0,12,36,False
INV-0005624,2024-07-08,APP-0005,CH-ON-01,93,0,7,36,False
INV-0005625,2024-07-08,APP-0005,CH-WS-01,73,0,0,36,False
INV-0005626,2024-07-08,APP-0006,CH-NE-01,66,0,9,38,False
INV-0005627,2024-07-08,APP-0006,CH-MW-01,75,0,15,38,False
INV-0005628,2024-07-08,APP-0006,CH-WE-01,41,0,15,38,False
INV-0005629,2024-07-08,APP-0006,CH-ON-01,52,0,17,38,False
INV-0005630,2024-07-08,APP-0006,CH-WS-01,81,0,2,38,False
INV-0005631,2024-07-08,APP-0007,CH-NE-01,32,0,12,28,False
INV-0005632,2024-07-08,APP-0007,CH-MW-01,22,67,8,28,False
INV-0005633,2024-07-08,APP-0007,CH-WE-01,64,0,15,28,False
INV-0005634,2024-07-08,APP-0007,CH-ON-01,32,0,16,28,False
INV-0005635,2024-07-08,APP-0007,CH-WS-01,89,0,2,28,False
INV-0005636,2024-07-08,APP-0008,CH-NE-01,93,0,6,17,False
INV-0005637,2024-07-08,APP-0008,CH-MW-01,14,98,12,17,False
INV-0005638,2024-07-08,APP-0008,CH-WE-01,94,0,7,17,False
INV-0005639,2024-07-08,APP-0008,CH-ON-01,11,126,19,17,False
INV-0005640,2024-07-08,APP-0008,CH-WS-01,63,0,2,17,False
INV-0005641,2024-07-08,APP-0009,CH-NE-01,67,0,4,21,False
INV-0005642,2024-07-08,APP-0009,CH-MW-01,72,0,5,21,False
INV-0005643,2024-07-08,APP-0009,CH-WE-01,49,0,15,21,False
INV-0005644,2024-07-08,APP-0009,CH-ON-01,56,0,5,21,False
INV-0005645,2024-07-08,APP-0009,CH-WS-01,69,0,5,21,False
INV-0005646,2024-07-08,APP-0010,CH-NE-01,91,0,11,34,False
INV-0005647,2024-07-08,APP-0010,CH-MW-01,55,0,9,34,False
INV-0005648,2024-07-08,APP-0010,CH-WE-01,95,0,16,34,False
INV-0005649,2024-07-08,APP-0010,CH-ON-01,75,0,4,34,False
INV-0005650,2024-07-08,APP-0010,CH-WS-01,100,0,2,34,False
INV-0005651,2024-07-08,APP-0011,CH-NE-01,71,0,8,44,False
INV-0005652,2024-07-08,APP-0011,CH-MW-01,92,0,6,44,False
INV-0005653,2024-07-08,APP-0011,CH-WE-01,90,0,1,44,False
INV-0005654,2024-07-08,APP-0011,CH-ON-01,99,0,7,44,False
INV-0005655,2024-07-08,APP-0011,CH-WS-01,112,0,2,44,False
INV-0005656,2024-07-08,FTW-0012,CH-NE-01,109,0,15,42,False
INV-0005657,2024-07-08,FTW-0012,CH-MW-01,61,0,7,42,False
INV-0005658,2024-07-08,FTW-0012,CH-WE-01,47,0,5,42,False
INV-0005659,2024-07-08,FTW-0012,CH-ON-01,60,0,18,42,False
INV-0005660,2024-07-08,FTW-0012,CH-WS-01,60,0,0,42,False
INV-0005661,2024-07-08,FTW-0013,CH-NE-01,63,0,14,29,False
INV-0005662,2024-07-08,FTW-0013,CH-MW-01,73,0,2,29,False
INV-0005663,2024-07-08,FTW-0013,CH-WE-01,32,0,7,29,False
INV-0005664,2024-07-08,FTW-0013,CH-ON-01,58,0,6,29,False
INV-0005665,2024-07-08,FTW-0013,CH-WS-01,58,0,0,29,False
INV-0005666,2024-07-08,FTW-0014,CH-NE-01,82,0,8,27,False
INV-0005667,2024-07-08,FTW-0014,CH-MW-01,53,0,6,27,False
INV-0005668,2024-07-08,FTW-0014,CH-WE-01,107,0,12,27,False
INV-0005669,2024-07-08,FTW-0014,CH-ON-01,74,0,27,27,False
INV-0005670,2024-07-08,FTW-0014,CH-WS-01,71,0,0,27,False
INV-0005671,2024-07-08,FTW-0015,CH-NE-01,73,0,2,40,False
INV-0005672,2024-07-08,FTW-0015,CH-MW-01,103,0,8,40,False
INV-0005673,2024-07-08,FTW-0015,CH-WE-01,82,0,8,40,False
INV-0005674,2024-07-08,FTW-0015,CH-ON-01,38,66,10,40,False
INV-0005675,2024-07-08,FTW-0015,CH-WS-01,70,0,1,40,False
INV-0005676,2024-07-08,ACC-0017,CH-NE-01,28,65,7,31,False
INV-0005677,2024-07-08,ACC-0017,CH-MW-01,132,0,0,31,False
INV-0005678,2024-07-08,ACC-0017,CH-WE-01,59,0,17,31,False
INV-0005679,2024-07-08,ACC-0017,CH-ON-01,72,0,11,31,False
INV-0005680,2024-07-08,ACC-0017,CH-WS-01,52,0,3,31,False
INV-0005681,2024-07-08,ACC-0019,CH-NE-01,79,0,10,38,False
INV-0005682,2024-07-08,ACC-0019,CH-MW-01,42,0,3,38,False
INV-0005683,2024-07-08,ACC-0019,CH-WE-01,62,0,5,38,False
INV-0005684,2024-07-08,ACC-0019,CH-ON-01,84,0,18,38,False
INV-0005685,2024-07-08,ACC-0019,CH-WS-01,75,0,0,38,False
INV-0005686,2024-07-08,ACC-0020,CH-NE-01,23,53,4,23,False
INV-0005687,2024-07-08,ACC-0020,CH-MW-01,28,0,6,23,False
INV-0005688,2024-07-08,ACC-0020,CH-WE-01,42,0,12,23,False
INV-0005689,2024-07-08,ACC-0020,CH-ON-01,37,0,13,23,False
INV-0005690,2024-07-08,ACC-0020,CH-WS-01,57,0,1,23,False
INV-0005691,2024-07-08,ACC-0021,CH-NE-01,74,0,13,36,False
INV-0005692,2024-07-08,ACC-0021,CH-MW-01,97,0,9,36,False
INV-0005693,2024-07-08,ACC-0021,CH-WE-01,62,0,0,36,False
INV-0005694,2024-07-08,ACC-0021,CH-ON-01,60,0,21,36,False
INV-0005695,2024-07-08,ACC-0021,CH-WS-01,130,0,0,36,False
INV-0005696,2024-07-08,ACC-0022,CH-NE-01,146,0,3,24,False
INV-0005697,2024-07-08,ACC-0022,CH-MW-01,143,0,6,24,False
INV-0005698,2024-07-08,ACC-0022,CH-WE-01,137,0,12,24,False
INV-0005699,2024-07-08,ACC-0022,CH-ON-01,130,0,19,24,False
INV-0005700,2024-07-08,ACC-0022,CH-WS-01,149,0,0,24,False
INV-0005701,2024-07-08,ACC-0023,CH-NE-01,80,0,20,37,False
INV-0005702,2024-07-08,ACC-0023,CH-MW-01,89,0,7,37,False
INV-0005703,2024-07-08,ACC-0023,CH-WE-01,49,0,16,37,False
INV-0005704,2024-07-08,ACC-0023,CH-ON-01,58,0,12,37,False
INV-0005705,2024-07-08,ACC-0023,CH-WS-01,62,0,10,37,False
INV-0005706,2024-07-08,ACC-0024,CH-NE-01,97,0,7,16,False
INV-0005707,2024-07-08,ACC-0024,CH-MW-01,69,0,1,16,False
INV-0005708,2024-07-08,ACC-0024,CH-WE-01,42,0,9,16,False
INV-0005709,2024-07-08,ACC-0024,CH-ON-01,10,75,23,16,False
INV-0005710,2024-07-08,ACC-0024,CH-WS-01,26,0,1,16,False
INV-0005711,2024-07-08,HOM-0025,CH-NE-01,49,0,7,40,False
INV-0005712,2024-07-08,HOM-0025,CH-MW-01,96,0,0,40,False
INV-0005713,2024-07-08,HOM-0025,CH-WE-01,93,0,12,40,False
INV-0005714,2024-07-08,HOM-0025,CH-ON-01,40,103,19,40,False
INV-0005715,2024-07-08,HOM-0025,CH-WS-01,50,0,1,40,False
INV-0005716,2024-07-08,HOM-0026,CH-NE-01,11,45,20,26,False
INV-0005717,2024-07-08,HOM-0026,CH-MW-01,30,0,4,26,False
INV-0005718,2024-07-08,HOM-0026,CH-WE-01,44,0,7,26,False
INV-0005719,2024-07-08,HOM-0026,CH-ON-01,46,0,17,26,False
INV-0005720,2024-07-08,HOM-0026,CH-WS-01,27,0,7,26,False
INV-0005721,2024-07-08,HOM-0027,CH-NE-01,75,0,4,43,False
INV-0005722,2024-07-08,HOM-0027,CH-MW-01,42,69,13,43,False
INV-0005723,2024-07-08,HOM-0027,CH-WE-01,88,0,14,43,False
INV-0005724,2024-07-08,HOM-0027,CH-ON-01,72,0,23,43,False
INV-0005725,2024-07-08,HOM-0027,CH-WS-01,110,0,3,43,False
INV-0005726,2024-07-08,HOM-0028,CH-NE-01,57,0,15,24,False
INV-0005727,2024-07-08,HOM-0028,CH-MW-01,58,0,4,24,False
INV-0005728,2024-07-08,HOM-0028,CH-WE-01,19,51,9,24,False
INV-0005729,2024-07-08,HOM-0028,CH-ON-01,63,0,6,24,False
INV-0005730,2024-07-08,HOM-0028,CH-WS-01,44,0,0,24,False
INV-0005731,2024-07-08,HOM-0029,CH-NE-01,60,0,2,39,False
INV-0005732,2024-07-08,HOM-0029,CH-MW-01,68,0,3,39,False
INV-0005733,2024-07-08,HOM-0029,CH-WE-01,75,0,8,39,False
INV-0005734,2024-07-08,HOM-0029,CH-ON-01,39,128,25,39,False
INV-0005735,2024-07-08,HOM-0029,CH-WS-01,93,0,0,39,False
INV-0005736,2024-07-08,HOM-0031,CH-NE-01,61,0,5,25,False
INV-0005737,2024-07-08,HOM-0031,CH-MW-01,47,0,9,25,False
INV-0005738,2024-07-08,HOM-0031,CH-WE-01,22,85,9,25,False
INV-0005739,2024-07-08,HOM-0031,CH-ON-01,87,0,14,25,False
INV-0005740,2024-07-08,HOM-0031,CH-WS-01,57,0,2,25,False
INV-0005741,2024-07-08,HOM-0032,CH-NE-01,75,0,5,28,False
INV-0005742,2024-07-08,HOM-0032,CH-MW-01,85,0,3,28,False
INV-0005743,2024-07-08,HOM-0032,CH-WE-01,45,0,17,28,False
INV-0005744,2024-07-08,HOM-0032,CH-ON-01,34,0,7,28,False
INV-0005745,2024-07-08,HOM-0032,CH-WS-01,58,0,2,28,False
INV-0005746,2024-07-15,APP-0001,CH-NE-01,84,0,6,33,False
INV-0005747,2024-07-15,APP-0001,CH-MW-01,95,0,7,33,False
INV-0005748,2024-07-15,APP-0001,CH-WE-01,27,71,10,33,False
INV-0005749,2024-07-15,APP-0001,CH-ON-01,104,0,15,33,False
INV-0005750,2024-07-15,APP-0001,CH-WS-01,135,0,2,33,False
INV-0005751,2024-07-15,APP-0002,CH-NE-01,58,0,17,23,False
INV-0005752,2024-07-15,APP-0002,CH-MW-01,89,0,11,23,False
INV-0005753,2024-07-15,APP-0002,CH-WE-01,71,0,7,23,False
INV-0005754,2024-07-15,APP-0002,CH-ON-01,39,0,30,23,False
INV-0005755,2024-07-15,APP-0002,CH-WS-01,152,0,3,23,False
INV-0005756,2024-07-15,APP-0003,CH-NE-01,33,0,15,15,False
INV-0005757,2024-07-15,APP-0003,CH-MW-01,65,0,10,15,False
INV-0005758,2024-07-15,APP-0003,CH-WE-01,45,0,10,15,False
INV-0005759,2024-07-15,APP-0003,CH-ON-01,51,0,14,15,False
INV-0005760,2024-07-15,APP-0003,CH-WS-01,41,0,3,15,False
INV-0005761,2024-07-15,APP-0004,CH-NE-01,80,0,19,39,False
INV-0005762,2024-07-15,APP-0004,CH-MW-01,129,0,3,39,False
INV-0005763,2024-07-15,APP-0004,CH-WE-01,46,0,9,39,False
INV-0005764,2024-07-15,APP-0004,CH-ON-01,31,86,11,39,False
INV-0005765,2024-07-15,APP-0004,CH-WS-01,63,0,12,39,False
INV-0005766,2024-07-15,APP-0005,CH-NE-01,96,0,5,36,False
INV-0005767,2024-07-15,APP-0005,CH-MW-01,147,0,3,36,False
INV-0005768,2024-07-15,APP-0005,CH-WE-01,30,75,16,36,False
INV-0005769,2024-07-15,APP-0005,CH-ON-01,90,0,3,36,False
INV-0005770,2024-07-15,APP-0005,CH-WS-01,73,0,0,36,False
INV-0005771,2024-07-15,APP-0006,CH-NE-01,58,0,8,38,False
INV-0005772,2024-07-15,APP-0006,CH-MW-01,66,0,9,38,False
INV-0005773,2024-07-15,APP-0006,CH-WE-01,33,36,8,38,False
INV-0005774,2024-07-15,APP-0006,CH-ON-01,44,0,8,38,False
INV-0005775,2024-07-15,APP-0006,CH-WS-01,80,0,1,38,False
INV-0005776,2024-07-15,APP-0007,CH-NE-01,27,92,5,28,False
INV-0005777,2024-07-15,APP-0007,CH-MW-01,84,0,5,28,False
INV-0005778,2024-07-15,APP-0007,CH-WE-01,51,0,13,28,False
INV-0005779,2024-07-15,APP-0007,CH-ON-01,15,89,17,28,False
INV-0005780,2024-07-15,APP-0007,CH-WS-01,81,0,8,28,False
INV-0005781,2024-07-15,APP-0008,CH-NE-01,84,0,9,17,False
INV-0005782,2024-07-15,APP-0008,CH-MW-01,94,0,18,17,False
INV-0005783,2024-07-15,APP-0008,CH-WE-01,78,0,16,17,False
INV-0005784,2024-07-15,APP-0008,CH-ON-01,129,0,8,17,False
INV-0005785,2024-07-15,APP-0008,CH-WS-01,62,0,1,17,False
INV-0005786,2024-07-15,APP-0009,CH-NE-01,50,0,17,21,False
INV-0005787,2024-07-15,APP-0009,CH-MW-01,66,0,6,21,False
INV-0005788,2024-07-15,APP-0009,CH-WE-01,38,0,11,21,False
INV-0005789,2024-07-15,APP-0009,CH-ON-01,47,0,9,21,False
INV-0005790,2024-07-15,APP-0009,CH-WS-01,69,0,0,21,False
INV-0005791,2024-07-15,APP-0010,CH-NE-01,77,0,14,34,False
INV-0005792,2024-07-15,APP-0010,CH-MW-01,48,0,7,34,False
INV-0005793,2024-07-15,APP-0010,CH-WE-01,77,0,18,34,False
INV-0005794,2024-07-15,APP-0010,CH-ON-01,66,0,9,34,False
INV-0005795,2024-07-15,APP-0010,CH-WS-01,100,0,0,34,False
INV-0005796,2024-07-15,APP-0011,CH-NE-01,58,0,13,44,False
INV-0005797,2024-07-15,APP-0011,CH-MW-01,88,0,4,44,False
INV-0005798,2024-07-15,APP-0011,CH-WE-01,76,0,14,44,False
INV-0005799,2024-07-15,APP-0011,CH-ON-01,79,0,20,44,False
INV-0005800,2024-07-15,APP-0011,CH-WS-01,104,0,8,44,False
INV-0005801,2024-07-15,FTW-0012,CH-NE-01,105,0,4,42,False
INV-0005802,2024-07-15,FTW-0012,CH-MW-01,55,0,6,42,False
INV-0005803,2024-07-15,FTW-0012,CH-WE-01,45,0,2,42,False
INV-0005804,2024-07-15,FTW-0012,CH-ON-01,49,0,11,42,False
INV-0005805,2024-07-15,FTW-0012,CH-WS-01,60,0,0,42,False
INV-0005806,2024-07-15,FTW-0013,CH-NE-01,57,0,6,29,False
INV-0005807,2024-07-15,FTW-0013,CH-MW-01,63,0,10,29,False
INV-0005808,2024-07-15,FTW-0013,CH-WE-01,22,45,10,29,False
INV-0005809,2024-07-15,FTW-0013,CH-ON-01,44,0,14,29,False
INV-0005810,2024-07-15,FTW-0013,CH-WS-01,54,0,4,29,False
INV-0005811,2024-07-15,FTW-0014,CH-NE-01,78,0,4,27,False
INV-0005812,2024-07-15,FTW-0014,CH-MW-01,44,0,9,27,False
INV-0005813,2024-07-15,FTW-0014,CH-WE-01,101,0,6,27,False
INV-0005814,2024-07-15,FTW-0014,CH-ON-01,64,0,10,27,False
INV-0005815,2024-07-15,FTW-0014,CH-WS-01,71,0,0,27,False
INV-0005816,2024-07-15,FTW-0015,CH-NE-01,69,0,4,40,False
INV-0005817,2024-07-15,FTW-0015,CH-MW-01,88,0,15,40,False
INV-0005818,2024-07-15,FTW-0015,CH-WE-01,70,0,12,40,False
INV-0005819,2024-07-15,FTW-0015,CH-ON-01,92,0,12,40,False
INV-0005820,2024-07-15,FTW-0015,CH-WS-01,69,0,1,40,False
INV-0005821,2024-07-15,ACC-0017,CH-NE-01,81,0,12,31,False
INV-0005822,2024-07-15,ACC-0017,CH-MW-01,131,0,1,31,False
INV-0005823,2024-07-15,ACC-0017,CH-WE-01,45,0,14,31,False
INV-0005824,2024-07-15,ACC-0017,CH-ON-01,55,0,17,31,False
INV-0005825,2024-07-15,ACC-0017,CH-WS-01,52,0,0,31,False
INV-0005826,2024-07-15,ACC-0018,CH-NE-01,61,0,12,24,False
INV-0005827,2024-07-15,ACC-0018,CH-MW-01,66,0,7,24,False
INV-0005828,2024-07-15,ACC-0018,CH-WE-01,64,0,9,24,False
INV-0005829,2024-07-15,ACC-0018,CH-ON-01,52,0,21,24,False
INV-0005830,2024-07-15,ACC-0018,CH-WS-01,65,0,8,24,False
INV-0005831,2024-07-15,ACC-0019,CH-NE-01,62,0,17,38,False
INV-0005832,2024-07-15,ACC-0019,CH-MW-01,37,106,5,38,False
INV-0005833,2024-07-15,ACC-0019,CH-WE-01,49,0,13,38,False
INV-0005834,2024-07-15,ACC-0019,CH-ON-01,71,0,13,38,False
INV-0005835,2024-07-15,ACC-0019,CH-WS-01,74,0,1,38,False
INV-0005836,2024-07-15,ACC-0020,CH-NE-01,67,0,9,23,False
INV-0005837,2024-07-15,ACC-0020,CH-MW-01,17,66,11,23,False
INV-0005838,2024-07-15,ACC-0020,CH-WE-01,28,0,14,23,False
INV-0005839,2024-07-15,ACC-0020,CH-ON-01,20,64,17,23,False
INV-0005840,2024-07-15,ACC-0020,CH-WS-01,56,0,1,23,False
INV-0005841,2024-07-15,ACC-0021,CH-NE-01,69,0,5,36,False
INV-0005842,2024-07-15,ACC-0021,CH-MW-01,97,0,0,36,False
INV-0005843,2024-07-15,ACC-0021,CH-WE-01,53,0,9,36,False
INV-0005844,2024-07-15,ACC-0021,CH-ON-01,50,0,10,36,False
INV-0005845,2024-07-15,ACC-0021,CH-WS-01,129,0,1,36,False
INV-0005846,2024-07-15,ACC-0022,CH-NE-01,140,0,6,24,False
INV-0005847,2024-07-15,ACC-0022,CH-MW-01,141,0,2,24,False
INV-0005848,2024-07-15,ACC-0022,CH-WE-01,130,0,7,24,False
INV-0005849,2024-07-15,ACC-0022,CH-ON-01,114,0,16,24,False
INV-0005850,2024-07-15,ACC-0022,CH-WS-01,146,0,3,24,False
INV-0005851,2024-07-15,ACC-0023,CH-NE-01,79,0,1,37,False
INV-0005852,2024-07-15,ACC-0023,CH-MW-01,75,0,14,37,False
INV-0005853,2024-07-15,ACC-0023,CH-WE-01,32,67,17,37,False
INV-0005854,2024-07-15,ACC-0023,CH-ON-01,40,0,18,37,False
INV-0005855,2024-07-15,ACC-0023,CH-WS-01,62,0,0,37,False
INV-0005856,2024-07-15,ACC-0024,CH-NE-01,91,0,6,16,False
INV-0005857,2024-07-15,ACC-0024,CH-MW-01,64,0,5,16,False
INV-0005858,2024-07-15,ACC-0024,CH-WE-01,32,0,10,16,False
INV-0005859,2024-07-15,ACC-0024,CH-ON-01,77,0,8,16,False
INV-0005860,2024-07-15,ACC-0024,CH-WS-01,24,0,2,16,False
INV-0005861,2024-07-15,HOM-0025,CH-NE-01,48,0,1,40,False
INV-0005862,2024-07-15,HOM-0025,CH-MW-01,96,0,0,40,False
INV-0005863,2024-07-15,HOM-0025,CH-WE-01,84,0,9,40,False
INV-0005864,2024-07-15,HOM-0025,CH-ON-01,120,0,23,40,False
INV-0005865,2024-07-15,HOM-0025,CH-WS-01,50,0,0,40,False
INV-0005866,2024-07-15,HOM-0026,CH-NE-01,46,0,10,26,False
INV-0005867,2024-07-15,HOM-0026,CH-MW-01,26,34,4,26,False
INV-0005868,2024-07-15,HOM-0026,CH-WE-01,23,45,21,26,False
INV-0005869,2024-07-15,HOM-0026,CH-ON-01,37,0,9,26,False
INV-0005870,2024-07-15,HOM-0026,CH-WS-01,26,53,1,26,False
INV-0005871,2024-07-15,HOM-0027,CH-NE-01,67,0,8,43,False
INV-0005872,2024-07-15,HOM-0027,CH-MW-01,103,0,8,43,False
INV-0005873,2024-07-15,HOM-0027,CH-WE-01,77,0,11,43,False
INV-0005874,2024-07-15,HOM-0027,CH-ON-01,64,0,8,43,False
INV-0005875,2024-07-15,HOM-0027,CH-WS-01,110,0,0,43,False
INV-0005876,2024-07-15,HOM-0028,CH-NE-01,50,0,7,24,False
INV-0005877,2024-07-15,HOM-0028,CH-MW-01,43,0,15,24,False
INV-0005878,2024-07-15,HOM-0028,CH-WE-01,66,0,4,24,False
INV-0005879,2024-07-15,HOM-0028,CH-ON-01,53,0,10,24,False
INV-0005880,2024-07-15,HOM-0028,CH-WS-01,37,0,7,24,False
INV-0005881,2024-07-15,HOM-0029,CH-NE-01,50,0,10,39,False
INV-0005882,2024-07-15,HOM-0029,CH-MW-01,59,0,9,39,False
INV-0005883,2024-07-15,HOM-0029,CH-WE-01,71,0,4,39,False
INV-0005884,2024-07-15,HOM-0029,CH-ON-01,155,0,12,39,False
INV-0005885,2024-07-15,HOM-0029,CH-WS-01,91,0,2,39,False
INV-0005886,2024-07-15,HOM-0031,CH-NE-01,58,0,3,25,False
INV-0005887,2024-07-15,HOM-0031,CH-MW-01,43,0,4,25,False
INV-0005888,2024-07-15,HOM-0031,CH-WE-01,95,0,12,25,False
INV-0005889,2024-07-15,HOM-0031,CH-ON-01,75,0,12,25,False
INV-0005890,2024-07-15,HOM-0031,CH-WS-01,50,0,7,25,False
INV-0005891,2024-07-15,HOM-0032,CH-NE-01,62,0,13,28,False
INV-0005892,2024-07-15,HOM-0032,CH-MW-01,76,0,9,28,False
INV-0005893,2024-07-15,HOM-0032,CH-WE-01,38,0,7,28,False
INV-0005894,2024-07-15,HOM-0032,CH-ON-01,15,52,19,28,False
INV-0005895,2024-07-15,HOM-0032,CH-WS-01,50,0,8,28,False
INV-0005896,2024-07-22,APP-0001,CH-NE-01,76,0,8,33,False
INV-0005897,2024-07-22,APP-0001,CH-MW-01,85,0,10,33,False
INV-0005898,2024-07-22,APP-0001,CH-WE-01,88,0,10,33,False
INV-0005899,2024-07-22,APP-0001,CH-ON-01,85,0,19,33,False
INV-0005900,2024-07-22,APP-0001,CH-WS-01,135,0,0,33,False
INV-0005901,2024-07-22,APP-0002,CH-NE-01,49,0,9,23,False
INV-0005902,2024-07-22,APP-0002,CH-MW-01,80,0,9,23,False
INV-0005903,2024-07-22,APP-0002,CH-WE-01,62,0,9,23,False
INV-0005904,2024-07-22,APP-0002,CH-ON-01,36,0,3,23,False
INV-0005905,2024-07-22,APP-0002,CH-WS-01,149,0,3,23,False
INV-0005906,2024-07-22,APP-0003,CH-NE-01,24,0,9,15,False
INV-0005907,2024-07-22,APP-0003,CH-MW-01,58,0,7,15,False
INV-0005908,2024-07-22,APP-0003,CH-WE-01,33,0,12,15,False
INV-0005909,2024-07-22,APP-0003,CH-ON-01,34,0,17,15,False
INV-0005910,2024-07-22,APP-0003,CH-WS-01,36,0,5,15,False
INV-0005911,2024-07-22,APP-0004,CH-NE-01,73,0,7,39,False
INV-0005912,2024-07-22,APP-0004,CH-MW-01,127,0,2,39,False
INV-0005913,2024-07-22,APP-0004,CH-WE-01,39,104,7,39,False
INV-0005914,2024-07-22,APP-0004,CH-ON-01,98,0,19,39,False
INV-0005915,2024-07-22,APP-0004,CH-WS-01,63,0,0,39,False
INV-0005916,2024-07-22,APP-0005,CH-NE-01,91,0,5,36,False
INV-0005917,2024-07-22,APP-0005,CH-MW-01,140,0,7,36,False
INV-0005918,2024-07-22,APP-0005,CH-WE-01,96,0,9,36,False
INV-0005919,2024-07-22,APP-0005,CH-ON-01,84,0,6,36,False
INV-0005920,2024-07-22,APP-0005,CH-WS-01,71,0,2,36,False
INV-0005921,2024-07-22,APP-0006,CH-NE-01,55,0,3,38,False
INV-0005922,2024-07-22,APP-0006,CH-MW-01,53,0,13,38,False
INV-0005923,2024-07-22,APP-0006,CH-WE-01,54,0,15,38,False
INV-0005924,2024-07-22,APP-0006,CH-ON-01,36,59,8,38,False
INV-0005925,2024-07-22,APP-0006,CH-WS-01,80,0,0,38,False
INV-0005926,2024-07-22,APP-0007,CH-NE-01,119,0,0,28,False
INV-0005927,2024-07-22,APP-0007,CH-MW-01,80,0,4,28,False
INV-0005928,2024-07-22,APP-0007,CH-WE-01,37,0,14,28,False
INV-0005929,2024-07-22,APP-0007,CH-ON-01,92,0,12,28,False
INV-0005930,2024-07-22,APP-0007,CH-WS-01,78,0,3,28,False
INV-0005931,2024-07-22,APP-0008,CH-NE-01,76,0,8,17,False
INV-0005932,2024-07-22,APP-0008,CH-MW-01,91,0,3,17,False
INV-0005933,2024-07-22,APP-0008,CH-WE-01,68,0,10,17,False
INV-0005934,2024-07-22,APP-0008,CH-ON-01,110,0,19,17,False
INV-0005935,2024-07-22,APP-0008,CH-WS-01,60,0,2,17,False
INV-0005936,2024-07-22,APP-0009,CH-NE-01,45,0,5,21,False
INV-0005937,2024-07-22,APP-0009,CH-MW-01,64,0,2,21,False
INV-0005938,2024-07-22,APP-0009,CH-WE-01,27,0,11,21,False
INV-0005939,2024-07-22,APP-0009,CH-ON-01,30,0,17,21,False
INV-0005940,2024-07-22,APP-0009,CH-WS-01,66,0,3,21,False
INV-0005941,2024-07-22,APP-0010,CH-NE-01,61,0,16,34,False
INV-0005942,2024-07-22,APP-0010,CH-MW-01,44,0,4,34,False
INV-0005943,2024-07-22,APP-0010,CH-WE-01,63,0,14,34,False
INV-0005944,2024-07-22,APP-0010,CH-ON-01,45,0,21,34,False
INV-0005945,2024-07-22,APP-0010,CH-WS-01,99,0,1,34,False
INV-0005946,2024-07-22,APP-0011,CH-NE-01,42,99,16,44,False
INV-0005947,2024-07-22,APP-0011,CH-MW-01,78,0,10,44,False
INV-0005948,2024-07-22,APP-0011,CH-WE-01,64,0,12,44,False
INV-0005949,2024-07-22,APP-0011,CH-ON-01,66,0,13,44,False
INV-0005950,2024-07-22,APP-0011,CH-WS-01,103,0,1,44,False
INV-0005951,2024-07-22,FTW-0012,CH-NE-01,97,0,8,42,False
INV-0005952,2024-07-22,FTW-0012,CH-MW-01,52,0,3,42,False
INV-0005953,2024-07-22,FTW-0012,CH-WE-01,43,0,2,42,False
INV-0005954,2024-07-22,FTW-0012,CH-ON-01,37,84,12,42,False
INV-0005955,2024-07-22,FTW-0012,CH-WS-01,60,0,0,42,False
INV-0005956,2024-07-22,FTW-0013,CH-NE-01,48,0,9,29,False
INV-0005957,2024-07-22,FTW-0013,CH-MW-01,55,0,8,29,False
INV-0005958,2024-07-22,FTW-0013,CH-WE-01,54,0,13,29,False
INV-0005959,2024-07-22,FTW-0013,CH-ON-01,36,0,8,29,False
INV-0005960,2024-07-22,FTW-0013,CH-WS-01,48,0,6,29,False
INV-0005961,2024-07-22,FTW-0014,CH-NE-01,72,0,6,27,False
INV-0005962,2024-07-22,FTW-0014,CH-MW-01,29,0,15,27,False
INV-0005963,2024-07-22,FTW-0014,CH-WE-01,87,0,14,27,False
INV-0005964,2024-07-22,FTW-0014,CH-ON-01,45,0,19,27,False
INV-0005965,2024-07-22,FTW-0014,CH-WS-01,69,0,2,27,False
INV-0005966,2024-07-22,FTW-0015,CH-NE-01,60,0,9,40,False
INV-0005967,2024-07-22,FTW-0015,CH-MW-01,78,0,10,40,False
INV-0005968,2024-07-22,FTW-0015,CH-WE-01,59,0,11,40,False
INV-0005969,2024-07-22,FTW-0015,CH-ON-01,89,0,3,40,False
INV-0005970,2024-07-22,FTW-0015,CH-WS-01,68,0,1,40,False
INV-0005971,2024-07-22,ACC-0017,CH-NE-01,76,0,5,31,False
INV-0005972,2024-07-22,ACC-0017,CH-MW-01,116,0,15,31,False
INV-0005973,2024-07-22,ACC-0017,CH-WE-01,43,0,2,31,False
INV-0005974,2024-07-22,ACC-0017,CH-ON-01,42,0,13,31,False
INV-0005975,2024-07-22,ACC-0017,CH-WS-01,51,0,1,31,False
INV-0005976,2024-07-22,ACC-0018,CH-NE-01,49,0,12,24,False
INV-0005977,2024-07-22,ACC-0018,CH-MW-01,57,0,9,24,False
INV-0005978,2024-07-22,ACC-0018,CH-WE-01,57,0,7,24,False
INV-0005979,2024-07-22,ACC-0018,CH-ON-01,45,0,7,24,False
INV-0005980,2024-07-22,ACC-0018,CH-WS-01,63,0,2,24,False
INV-0005981,2024-07-22,ACC-0019,CH-NE-01,53,0,9,38,False
INV-0005982,2024-07-22,ACC-0019,CH-MW-01,140,0,3,38,False
INV-0005983,2024-07-22,ACC-0019,CH-WE-01,32,68,17,38,False
INV-0005984,2024-07-22,ACC-0019,CH-ON-01,53,0,18,38,False
INV-0005985,2024-07-22,ACC-0019,CH-WS-01,73,0,1,38,False
INV-0005986,2024-07-22,ACC-0020,CH-NE-01,56,0,11,23,False
INV-0005987,2024-07-22,ACC-0020,CH-MW-01,79,0,4,23,False
INV-0005988,2024-07-22,ACC-0020,CH-WE-01,16,69,12,23,False
INV-0005989,2024-07-22,ACC-0020,CH-ON-01,65,0,19,23,False
INV-0005990,2024-07-22,ACC-0020,CH-WS-01,56,0,0,23,False
INV-0005991,2024-07-22,ACC-0021,CH-NE-01,58,0,11,36,False
INV-0005992,2024-07-22,ACC-0021,CH-MW-01,87,0,10,36,False
INV-0005993,2024-07-22,ACC-0021,CH-WE-01,41,0,12,36,False
INV-0005994,2024-07-22,ACC-0021,CH-ON-01,39,0,11,36,False
INV-0005995,2024-07-22,ACC-0021,CH-WS-01,124,0,5,36,False
INV-0005996,2024-07-22,ACC-0022,CH-NE-01,133,0,7,24,False
INV-0005997,2024-07-22,ACC-0022,CH-MW-01,136,0,5,24,False
INV-0005998,2024-07-22,ACC-0022,CH-WE-01,119,0,11,24,False
INV-0005999,2024-07-22,ACC-0022,CH-ON-01,105,0,9,24,False
INV-0006000,2024-07-22,ACC-0022,CH-WS-01,143,0,3,24,False
INV-0006001,2024-07-22,ACC-0023,CH-NE-01,74,0,5,37,False
INV-0006002,2024-07-22,ACC-0023,CH-MW-01,71,0,4,37,False
INV-0006003,2024-07-22,ACC-0023,CH-WE-01,89,0,10,37,False
INV-0006004,2024-07-22,ACC-0023,CH-ON-01,31,91,9,37,False
INV-0006005,2024-07-22,ACC-0023,CH-WS-01,60,0,2,37,False
INV-0006006,2024-07-22,ACC-0024,CH-NE-01,82,0,9,16,False
INV-0006007,2024-07-22,ACC-0024,CH-MW-01,64,0,0,16,False
INV-0006008,2024-07-22,ACC-0024,CH-WE-01,29,0,3,16,False
INV-0006009,2024-07-22,ACC-0024,CH-ON-01,67,0,10,16,False
INV-0006010,2024-07-22,ACC-0024,CH-WS-01,19,0,5,16,False
INV-0006011,2024-07-22,HOM-0025,CH-NE-01,42,0,6,40,False
INV-0006012,2024-07-22,HOM-0025,CH-MW-01,91,0,5,40,False
INV-0006013,2024-07-22,HOM-0025,CH-WE-01,74,0,10,40,False
INV-0006014,2024-07-22,HOM-0025,CH-ON-01,112,0,8,40,False
INV-0006015,2024-07-22,HOM-0025,CH-WS-01,49,0,1,40,False
INV-0006016,2024-07-22,HOM-0026,CH-NE-01,39,0,7,26,False
INV-0006017,2024-07-22,HOM-0026,CH-MW-01,43,0,17,26,False
INV-0006018,2024-07-22,HOM-0026,CH-WE-01,54,0,14,26,False
INV-0006019,2024-07-22,HOM-0026,CH-ON-01,27,0,10,26,False
INV-0006020,2024-07-22,HOM-0026,CH-WS-01,77,0,2,26,False
INV-0006021,2024-07-22,HOM-0027,CH-NE-01,51,0,16,43,False
INV-0006022,2024-07-22,HOM-0027,CH-MW-01,91,0,12,43,False
INV-0006023,2024-07-22,HOM-0027,CH-WE-01,65,0,12,43,False
INV-0006024,2024-07-22,HOM-0027,CH-ON-01,60,0,4,43,False
INV-0006025,2024-07-22,HOM-0027,CH-WS-01,106,0,4,43,False
INV-0006026,2024-07-22,HOM-0028,CH-NE-01,38,0,12,24,False
INV-0006027,2024-07-22,HOM-0028,CH-MW-01,39,0,4,24,False
INV-0006028,2024-07-22,HOM-0028,CH-WE-01,54,0,12,24,False
INV-0006029,2024-07-22,HOM-0028,CH-ON-01,37,0,16,24,False
INV-0006030,2024-07-22,HOM-0028,CH-WS-01,33,0,4,24,False
INV-0006031,2024-07-22,HOM-0029,CH-NE-01,38,89,12,39,False
INV-0006032,2024-07-22,HOM-0029,CH-MW-01,50,0,9,39,False
INV-0006033,2024-07-22,HOM-0029,CH-WE-01,63,0,8,39,False
INV-0006034,2024-07-22,HOM-0029,CH-ON-01,139,0,16,39,False
INV-0006035,2024-07-22,HOM-0029,CH-WS-01,90,0,1,39,False
INV-0006036,2024-07-22,HOM-0031,CH-NE-01,46,0,12,25,False
INV-0006037,2024-07-22,HOM-0031,CH-MW-01,34,0,9,25,False
INV-0006038,2024-07-22,HOM-0031,CH-WE-01,88,0,7,25,False
INV-0006039,2024-07-22,HOM-0031,CH-ON-01,57,0,18,25,False
INV-0006040,2024-07-22,HOM-0031,CH-WS-01,50,0,0,25,False
INV-0006041,2024-07-22,HOM-0032,CH-NE-01,57,0,5,28,False
INV-0006042,2024-07-22,HOM-0032,CH-MW-01,65,0,11,28,False
INV-0006043,2024-07-22,HOM-0032,CH-WE-01,10,58,28,28,False
INV-0006044,2024-07-22,HOM-0032,CH-ON-01,56,0,11,28,False
INV-0006045,2024-07-22,HOM-0032,CH-WS-01,50,0,0,28,False
INV-0006046,2024-07-29,APP-0001,CH-NE-01,59,0,17,33,False
INV-0006047,2024-07-29,APP-0001,CH-MW-01,71,0,14,33,False
INV-0006048,2024-07-29,APP-0001,CH-WE-01,80,0,8,33,False
INV-0006049,2024-07-29,APP-0001,CH-ON-01,72,0,13,33,False
INV-0006050,2024-07-29,APP-0001,CH-WS-01,130,0,5,33,False
INV-0006051,2024-07-29,APP-0002,CH-NE-01,35,0,14,23,False
INV-0006052,2024-07-29,APP-0002,CH-MW-01,72,0,8,23,False
INV-0006053,2024-07-29,APP-0002,CH-WE-01,54,0,8,23,False
INV-0006054,2024-07-29,APP-0002,CH-ON-01,18,137,18,23,False
INV-0006055,2024-07-29,APP-0002,CH-WS-01,149,0,0,23,False
INV-0006056,2024-07-29,APP-0003,CH-NE-01,1,38,23,15,False
INV-0006057,2024-07-29,APP-0003,CH-MW-01,52,0,6,15,False
INV-0006058,2024-07-29,APP-0003,CH-WE-01,19,0,14,15,False
INV-0006059,2024-07-29,APP-0003,CH-ON-01,16,0,18,15,False
INV-0006060,2024-07-29,APP-0003,CH-WS-01,32,0,4,15,False
INV-0006061,2024-07-29,APP-0004,CH-NE-01,59,0,14,39,False
INV-0006062,2024-07-29,APP-0004,CH-MW-01,118,0,9,39,False
INV-0006063,2024-07-29,APP-0004,CH-WE-01,142,0,1,39,False
INV-0006064,2024-07-29,APP-0004,CH-ON-01,94,0,4,39,False
INV-0006065,2024-07-29,APP-0004,CH-WS-01,59,0,4,39,False
INV-0006066,2024-07-29,APP-0005,CH-NE-01,79,0,12,36,False
INV-0006067,2024-07-29,APP-0005,CH-MW-01,129,0,11,36,False
INV-0006068,2024-07-29,APP-0005,CH-WE-01,85,0,11,36,False
INV-0006069,2024-07-29,APP-0005,CH-ON-01,74,0,10,36,False
INV-0006070,2024-07-29,APP-0005,CH-WS-01,69,0,2,36,False
INV-0006071,2024-07-29,APP-0006,CH-NE-01,45,0,10,38,False
INV-0006072,2024-07-29,APP-0006,CH-MW-01,46,0,7,38,False
INV-0006073,2024-07-29,APP-0006,CH-WE-01,45,0,9,38,False
INV-0006074,2024-07-29,APP-0006,CH-ON-01,89,0,6,38,False
INV-0006075,2024-07-29,APP-0006,CH-WS-01,79,0,1,38,False
INV-0006076,2024-07-29,APP-0007,CH-NE-01,109,0,10,28,False
INV-0006077,2024-07-29,APP-0007,CH-MW-01,78,0,2,28,False
INV-0006078,2024-07-29,APP-0007,CH-WE-01,33,0,4,28,False
INV-0006079,2024-07-29,APP-0007,CH-ON-01,85,0,7,28,False
INV-0006080,2024-07-29,APP-0007,CH-WS-01,74,0,4,28,False
INV-0006081,2024-07-29,APP-0008,CH-NE-01,68,0,8,17,False
INV-0006082,2024-07-29,APP-0008,CH-MW-01,85,0,6,17,False
INV-0006083,2024-07-29,APP-0008,CH-WE-01,52,0,16,17,False
INV-0006084,2024-07-29,APP-0008,CH-ON-01,93,0,17,17,False
INV-0006085,2024-07-29,APP-0008,CH-WS-01,55,0,5,17,False
INV-0006086,2024-07-29,APP-0009,CH-NE-01,34,0,11,21,False
INV-0006087,2024-07-29,APP-0009,CH-MW-01,41,0,23,21,False
INV-0006088,2024-07-29,APP-0009,CH-WE-01,20,52,7,21,False
INV-0006089,2024-07-29,APP-0009,CH-ON-01,4,49,26,21,False
INV-0006090,2024-07-29,APP-0009,CH-WS-01,66,0,0,21,False
INV-0006091,2024-07-29,APP-0010,CH-NE-01,51,0,10,34,False
INV-0006092,2024-07-29,APP-0010,CH-MW-01,36,0,8,34,False
INV-0006093,2024-07-29,APP-0010,CH-WE-01,62,0,1,34,False
INV-0006094,2024-07-29,APP-0010,CH-ON-01,32,60,13,34,False
INV-0006095,2024-07-29,APP-0010,CH-WS-01,95,0,4,34,False
INV-0006096,2024-07-29,APP-0011,CH-NE-01,125,0,16,44,False
INV-0006097,2024-07-29,APP-0011,CH-MW-01,74,0,4,44,False
INV-0006098,2024-07-29,APP-0011,CH-WE-01,59,0,5,44,False
INV-0006099,2024-07-29,APP-0011,CH-ON-01,54,0,12,44,False
INV-0006100,2024-07-29,APP-0011,CH-WS-01,100,0,3,44,False
INV-0006101,2024-07-29,FTW-0012,CH-NE-01,88,0,9,42,False
INV-0006102,2024-07-29,FTW-0012,CH-MW-01,49,0,3,42,False
INV-0006103,2024-07-29,FTW-0012,CH-WE-01,39,75,4,42,False
INV-0006104,2024-07-29,FTW-0012,CH-ON-01,101,0,20,42,False
INV-0006105,2024-07-29,FTW-0012,CH-WS-01,60,0,0,42,False
INV-0006106,2024-07-29,FTW-0013,CH-NE-01,33,0,15,29,False
INV-0006107,2024-07-29,FTW-0013,CH-MW-01,49,0,6,29,False
INV-0006108,2024-07-29,FTW-0013,CH-WE-01,33,0,21,29,False
INV-0006109,2024-07-29,FTW-0013,CH-ON-01,23,53,13,29,False
INV-0006110,2024-07-29,FTW-0013,CH-WS-01,46,0,2,29,False
INV-0006111,2024-07-29,FTW-0014,CH-NE-01,62,0,10,27,False
INV-0006112,2024-07-29,FTW-0014,CH-MW-01,28,0,1,27,False
INV-0006113,2024-07-29,FTW-0014,CH-WE-01,64,0,23,27,False
INV-0006114,2024-07-29,FTW-0014,CH-ON-01,36,0,9,27,False
INV-0006115,2024-07-29,FTW-0014,CH-WS-01,69,0,0,27,False
INV-0006116,2024-07-29,FTW-0015,CH-NE-01,53,0,7,40,False
INV-0006117,2024-07-29,FTW-0015,CH-MW-01,70,0,8,40,False
INV-0006118,2024-07-29,FTW-0015,CH-WE-01,51,0,8,40,False
INV-0006119,2024-07-29,FTW-0015,CH-ON-01,81,0,8,40,False
INV-0006120,2024-07-29,FTW-0015,CH-WS-01,64,0,4,40,False
INV-0006121,2024-07-29,ACC-0017,CH-NE-01,74,0,2,31,False
INV-0006122,2024-07-29,ACC-0017,CH-MW-01,112,0,4,31,False
INV-0006123,2024-07-29,ACC-0017,CH-WE-01,31,96,12,31,False
INV-0006124,2024-07-29,ACC-0017,CH-ON-01,21,96,21,31,False
INV-0006125,2024-07-29,ACC-0017,CH-WS-01,50,0,1,31,False
INV-0006126,2024-07-29,ACC-0018,CH-NE-01,41,0,8,24,False
INV-0006127,2024-07-29,ACC-0018,CH-MW-01,49,0,8,24,False
INV-0006128,2024-07-29,ACC-0018,CH-WE-01,47,0,10,24,False
INV-0006129,2024-07-29,ACC-0018,CH-ON-01,37,0,8,24,False
INV-0006130,2024-07-29,ACC-0018,CH-WS-01,63,0,0,24,False
INV-0006131,2024-07-29,ACC-0019,CH-NE-01,49,0,4,38,False
INV-0006132,2024-07-29,ACC-0019,CH-MW-01,130,0,10,38,False
INV-0006133,2024-07-29,ACC-0019,CH-WE-01,84,0,16,38,False
INV-0006134,2024-07-29,ACC-0019,CH-ON-01,43,0,10,38,False
INV-0006135,2024-07-29,ACC-0019,CH-WS-01,73,0,0,38,False
INV-0006136,2024-07-29,ACC-0020,CH-NE-01,43,0,13,23,False
INV-0006137,2024-07-29,ACC-0020,CH-MW-01,70,0,9,23,False
INV-0006138,2024-07-29,ACC-0020,CH-WE-01,81,0,4,23,False
INV-0006139,2024-07-29,ACC-0020,CH-ON-01,55,0,10,23,False
INV-0006140,2024-07-29,ACC-0020,CH-WS-01,56,0,0,23,False
INV-0006141,2024-07-29,ACC-0021,CH-NE-01,55,0,3,36,False
INV-0006142,2024-07-29,ACC-0021,CH-MW-01,83,0,4,36,False
INV-0006143,2024-07-29,ACC-0021,CH-WE-01,36,79,5,36,False
INV-0006144,2024-07-29,ACC-0021,CH-ON-01,28,74,11,36,False
INV-0006145,2024-07-29,ACC-0021,CH-WS-01,119,0,5,36,False
INV-0006146,2024-07-29,ACC-0022,CH-NE-01,123,0,10,24,False
INV-0006147,2024-07-29,ACC-0022,CH-MW-01,129,0,7,24,False
INV-0006148,2024-07-29,ACC-0022,CH-WE-01,105,0,14,24,False
INV-0006149,2024-07-29,ACC-0022,CH-ON-01,94,0,11,24,False
INV-0006150,2024-07-29,ACC-0022,CH-WS-01,143,0,0,24,False
INV-0006151,2024-07-29,ACC-0023,CH-NE-01,59,0,15,37,False
INV-0006152,2024-07-29,ACC-0023,CH-MW-01,67,0,4,37,False
INV-0006153,2024-07-29,ACC-0023,CH-WE-01,79,0,10,37,False
INV-0006154,2024-07-29,ACC-0023,CH-ON-01,111,0,11,37,False
INV-0006155,2024-07-29,ACC-0023,CH-WS-01,59,0,1,37,False
INV-0006156,2024-07-29,ACC-0024,CH-NE-01,71,0,11,16,False
INV-0006157,2024-07-29,ACC-0024,CH-MW-01,60,0,4,16,False
INV-0006158,2024-07-29,ACC-0024,CH-WE-01,9,123,20,16,False
INV-0006159,2024-07-29,ACC-0024,CH-ON-01,54,0,13,16,False
INV-0006160,2024-07-29,ACC-0024,CH-WS-01,15,125,4,16,False
INV-0006161,2024-07-29,HOM-0025,CH-NE-01,33,68,9,40,False
INV-0006162,2024-07-29,HOM-0025,CH-MW-01,87,0,4,40,False
INV-0006163,2024-07-29,HOM-0025,CH-WE-01,63,0,11,40,False
INV-0006164,2024-07-29,HOM-0025,CH-ON-01,91,0,21,40,False
INV-0006165,2024-07-29,HOM-0025,CH-WS-01,48,0,1,40,False
INV-0006166,2024-07-29,HOM-0026,CH-NE-01,32,0,7,26,False
INV-0006167,2024-07-29,HOM-0026,CH-MW-01,35,0,8,26,False
INV-0006168,2024-07-29,HOM-0026,CH-WE-01,47,0,7,26,False
INV-0006169,2024-07-29,HOM-0026,CH-ON-01,7,57,20,26,False
INV-0006170,2024-07-29,HOM-0026,CH-WS-01,72,0,5,26,False
INV-0006171,2024-07-29,HOM-0027,CH-NE-01,44,0,7,43,False
INV-0006172,2024-07-29,HOM-0027,CH-MW-01,87,0,4,43,False
INV-0006173,2024-07-29,HOM-0027,CH-WE-01,58,0,7,43,False
INV-0006174,2024-07-29,HOM-0027,CH-ON-01,47,0,13,43,False
INV-0006175,2024-07-29,HOM-0027,CH-WS-01,103,0,3,43,False
INV-0006176,2024-07-29,HOM-0028,CH-NE-01,33,0,5,24,False
INV-0006177,2024-07-29,HOM-0028,CH-MW-01,27,0,12,24,False
INV-0006178,2024-07-29,HOM-0028,CH-WE-01,43,0,11,24,False
INV-0006179,2024-07-29,HOM-0028,CH-ON-01,30,0,7,24,False
INV-0006180,2024-07-29,HOM-0028,CH-WS-01,23,44,10,24,False
INV-0006181,2024-07-29,HOM-0029,CH-NE-01,122,0,5,39,False
INV-0006182,2024-07-29,HOM-0029,CH-MW-01,46,0,4,39,False
INV-0006183,2024-07-29,HOM-0029,CH-WE-01,57,0,6,39,False
INV-0006184,2024-07-29,HOM-0029,CH-ON-01,120,0,19,39,False
INV-0006185,2024-07-29,HOM-0029,CH-WS-01,88,0,2,39,False
INV-0006186,2024-07-29,HOM-0031,CH-NE-01,39,0,7,25,False
INV-0006187,2024-07-29,HOM-0031,CH-MW-01,32,0,2,25,False
INV-0006188,2024-07-29,HOM-0031,CH-WE-01,75,0,13,25,False
INV-0006189,2024-07-29,HOM-0031,CH-ON-01,46,0,11,25,False
INV-0006190,2024-07-29,HOM-0031,CH-WS-01,46,0,4,25,False
INV-0006191,2024-07-29,HOM-0032,CH-NE-01,41,0,16,28,False
INV-0006192,2024-07-29,HOM-0032,CH-MW-01,60,0,5,28,False
INV-0006193,2024-07-29,HOM-0032,CH-WE-01,61,0,7,28,False
INV-0006194,2024-07-29,HOM-0032,CH-ON-01,47,0,9,28,False
INV-0006195,2024-07-29,HOM-0032,CH-WS-01,49,0,1,28,False
INV-0006196,2024-08-05,APP-0001,CH-NE-01,36,0,23,33,False
INV-0006197,2024-08-05,APP-0001,CH-MW-01,57,0,14,33,False
INV-0006198,2024-08-05,APP-0001,CH-WE-01,75,0,5,33,False
INV-0006199,2024-08-05,APP-0001,CH-ON-01,59,0,13,33,False
INV-0006200,2024-08-05,APP-0001,CH-WS-01,129,0,1,33,False
INV-0006201,2024-08-05,APP-0002,CH-NE-01,28,0,7,23,False
INV-0006202,2024-08-05,APP-0002,CH-MW-01,71,0,1,23,False
INV-0006203,2024-08-05,APP-0002,CH-WE-01,45,0,9,23,False
INV-0006204,2024-08-05,APP-0002,CH-ON-01,130,0,25,23,False
INV-0006205,2024-08-05,APP-0002,CH-WS-01,149,0,0,23,False
INV-0006206,2024-08-05,APP-0003,CH-NE-01,25,0,14,15,False
INV-0006207,2024-08-05,APP-0003,CH-MW-01,35,0,17,15,False
INV-0006208,2024-08-05,APP-0003,CH-WE-01,6,46,13,15,False
INV-0006209,2024-08-05,APP-0003,CH-ON-01,3,75,13,15,False
INV-0006210,2024-08-05,APP-0003,CH-WS-01,28,0,4,15,False
INV-0006211,2024-08-05,APP-0004,CH-NE-01,39,83,20,39,False
INV-0006212,2024-08-05,APP-0004,CH-MW-01,110,0,8,39,False
INV-0006213,2024-08-05,APP-0004,CH-WE-01,121,0,21,39,False
INV-0006214,2024-08-05,APP-0004,CH-ON-01,85,0,9,39,False
INV-0006215,2024-08-05,APP-0004,CH-WS-01,59,0,0,39,False
INV-0006216,2024-08-05,APP-0005,CH-NE-01,64,0,15,36,False
INV-0006217,2024-08-05,APP-0005,CH-MW-01,115,0,14,36,False
INV-0006218,2024-08-05,APP-0005,CH-WE-01,84,0,1,36,False
INV-0006219,2024-08-05,APP-0005,CH-ON-01,49,0,25,36,False
INV-0006220,2024-08-05,APP-0005,CH-WS-01,65,0,4,36,False
INV-0006221,2024-08-05,APP-0006,CH-NE-01,35,64,10,38,False
INV-0006222,2024-08-05,APP-0006,CH-MW-01,39,0,7,38,False
INV-0006223,2024-08-05,APP-0006,CH-WE-01,29,43,16,38,False
INV-0006224,2024-08-05,APP-0006,CH-ON-01,72,0,17,38,False
INV-0006225,2024-08-05,APP-0006,CH-WS-01,79,0,0,38,False
INV-0006226,2024-08-05,APP-0007,CH-NE-01,103,0,6,28,False
INV-0006227,2024-08-05,APP-0007,CH-MW-01,76,0,2,28,False
INV-0006228,2024-08-05,APP-0007,CH-WE-01,24,85,9,28,False
INV-0006229,2024-08-05,APP-0007,CH-ON-01,63,0,22,28,False
INV-0006230,2024-08-05,APP-0007,CH-WS-01,73,0,1,28,False
INV-0006231,2024-08-05,APP-0008,CH-NE-01,54,0,14,17,False
INV-0006232,2024-08-05,APP-0008,CH-MW-01,81,0,4,17,False
INV-0006233,2024-08-05,APP-0008,CH-WE-01,46,0,6,17,False
INV-0006234,2024-08-05,APP-0008,CH-ON-01,80,0,13,17,False
INV-0006235,2024-08-05,APP-0008,CH-WS-01,46,0,9,17,False
INV-0006236,2024-08-05,APP-0009,CH-NE-01,21,39,13,21,False
INV-0006237,2024-08-05,APP-0009,CH-MW-01,40,0,1,21,False
INV-0006238,2024-08-05,APP-0009,CH-WE-01,63,0,9,21,False
INV-0006239,2024-08-05,APP-0009,CH-ON-01,24,0,29,21,False
INV-0006240,2024-08-05,APP-0009,CH-WS-01,66,0,0,21,False
INV-0006241,2024-08-05,APP-0010,CH-NE-01,44,0,7,34,False
INV-0006242,2024-08-05,APP-0010,CH-MW-01,32,81,4,34,False
INV-0006243,2024-08-05,APP-0010,CH-WE-01,42,0,20,34,False
INV-0006244,2024-08-05,APP-0010,CH-ON-01,73,0,19,34,False
INV-0006245,2024-08-05,APP-0010,CH-WS-01,93,0,2,34,False
INV-0006246,2024-08-05,APP-0011,CH-NE-01,122,0,3,44,False
INV-0006247,2024-08-05,APP-0011,CH-MW-01,65,0,9,44,False
INV-0006248,2024-08-05,APP-0011,CH-WE-01,47,0,12,44,False
INV-0006249,2024-08-05,APP-0011,CH-ON-01,44,104,10,44,False
INV-0006250,2024-08-05,APP-0011,CH-WS-01,98,0,2,44,False
INV-0006251,2024-08-05,FTW-0012,CH-NE-01,73,0,15,42,False
INV-0006252,2024-08-05,FTW-0012,CH-MW-01,40,47,9,42,False
INV-0006253,2024-08-05,FTW-0012,CH-WE-01,105,0,9,42,False
INV-0006254,2024-08-05,FTW-0012,CH-ON-01,87,0,14,42,False
INV-0006255,2024-08-05,FTW-0012,CH-WS-01,60,0,0,42,False
INV-0006256,2024-08-05,FTW-0013,CH-NE-01,21,59,12,29,False
INV-0006257,2024-08-05,FTW-0013,CH-MW-01,36,0,13,29,False
INV-0006258,2024-08-05,FTW-0013,CH-WE-01,11,55,22,29,False
INV-0006259,2024-08-05,FTW-0013,CH-ON-01,54,0,22,29,False
INV-0006260,2024-08-05,FTW-0013,CH-WS-01,46,0,0,29,False
INV-0006261,2024-08-05,FTW-0014,CH-NE-01,43,0,19,27,False
INV-0006262,2024-08-05,FTW-0014,CH-MW-01,21,74,7,27,False
INV-0006263,2024-08-05,FTW-0014,CH-WE-01,49,0,15,27,False
INV-0006264,2024-08-05,FTW-0014,CH-ON-01,23,113,13,27,False
INV-0006265,2024-08-05,FTW-0014,CH-WS-01,69,0,0,27,False
INV-0006266,2024-08-05,FTW-0015,CH-NE-01,46,0,7,40,False
INV-0006267,2024-08-05,FTW-0015,CH-MW-01,59,0,11,40,False
INV-0006268,2024-08-05,FTW-0015,CH-WE-01,37,53,14,40,False
INV-0006269,2024-08-05,FTW-0015,CH-ON-01,55,0,26,40,False
INV-0006270,2024-08-05,FTW-0015,CH-WS-01,58,0,6,40,False
INV-0006271,2024-08-05,ACC-0017,CH-NE-01,71,0,3,31,False
INV-0006272,2024-08-05,ACC-0017,CH-MW-01,108,0,4,31,False
INV-0006273,2024-08-05,ACC-0017,CH-WE-01,115,0,12,31,False
INV-0006274,2024-08-05,ACC-0017,CH-ON-01,115,0,2,31,False
INV-0006275,2024-08-05,ACC-0017,CH-WS-01,43,0,7,31,False
INV-0006276,2024-08-05,ACC-0018,CH-NE-01,30,0,11,24,False
INV-0006277,2024-08-05,ACC-0018,CH-MW-01,44,0,5,24,False
INV-0006278,2024-08-05,ACC-0018,CH-WE-01,33,0,14,24,False
INV-0006279,2024-08-05,ACC-0018,CH-ON-01,17,63,20,24,False
INV-0006280,2024-08-05,ACC-0018,CH-WS-01,60,0,3,24,False
INV-0006281,2024-08-05,ACC-0019,CH-NE-01,41,0,8,38,False
INV-0006282,2024-08-05,ACC-0019,CH-MW-01,111,0,19,38,False
INV-0006283,2024-08-05,ACC-0019,CH-WE-01,67,0,17,38,False
INV-0006284,2024-08-05,ACC-0019,CH-ON-01,31,61,12,38,False
INV-0006285,2024-08-05,ACC-0019,CH-WS-01,66,0,7,38,False
INV-0006286,2024-08-05,ACC-0020,CH-NE-01,41,0,2,23,False
INV-0006287,2024-08-05,ACC-0020,CH-MW-01,64,0,6,23,False
INV-0006288,2024-08-05,ACC-0020,CH-WE-01,70,0,11,23,False
INV-0006289,2024-08-05,ACC-0020,CH-ON-01,44,0,11,23,False
INV-0006290,2024-08-05,ACC-0020,CH-WS-01,53,0,3,23,False
INV-0006291,2024-08-05,ACC-0022,CH-NE-01,116,0,7,24,False
INV-0006292,2024-08-05,ACC-0022,CH-MW-01,116,0,13,24,False
INV-0006293,2024-08-05,ACC-0022,CH-WE-01,91,0,14,24,False
INV-0006294,2024-08-05,ACC-0022,CH-ON-01,81,0,13,24,False
INV-0006295,2024-08-05,ACC-0022,CH-WS-01,141,0,2,24,False
INV-0006296,2024-08-05,ACC-0023,CH-NE-01,43,0,16,37,False
INV-0006297,2024-08-05,ACC-0023,CH-MW-01,65,0,2,37,False
INV-0006298,2024-08-05,ACC-0023,CH-WE-01,75,0,4,37,False
INV-0006299,2024-08-05,ACC-0023,CH-ON-01,94,0,17,37,False
INV-0006300,2024-08-05,ACC-0023,CH-WS-01,58,0,1,37,False
INV-0006301,2024-08-05,ACC-0024,CH-NE-01,65,0,6,16,False
INV-0006302,2024-08-05,ACC-0024,CH-MW-01,42,0,18,16,False
INV-0006303,2024-08-05,ACC-0024,CH-WE-01,116,0,16,16,False
INV-0006304,2024-08-05,ACC-0024,CH-ON-01,40,0,14,16,False
INV-0006305,2024-08-05,ACC-0024,CH-WS-01,139,0,1,16,False
INV-0006306,2024-08-05,HOM-0025,CH-NE-01,96,0,5,40,False
INV-0006307,2024-08-05,HOM-0025,CH-MW-01,84,0,3,40,False
INV-0006308,2024-08-05,HOM-0025,CH-WE-01,49,0,14,40,False
INV-0006309,2024-08-05,HOM-0025,CH-ON-01,85,0,6,40,False
INV-0006310,2024-08-05,HOM-0025,CH-WS-01,48,0,0,40,False
INV-0006311,2024-08-05,HOM-0026,CH-NE-01,21,57,11,26,False
INV-0006312,2024-08-05,HOM-0026,CH-MW-01,29,0,6,26,False
INV-0006313,2024-08-05,HOM-0026,CH-WE-01,44,0,3,26,False
INV-0006314,2024-08-05,HOM-0026,CH-ON-01,38,0,26,26,False
INV-0006315,2024-08-05,HOM-0026,CH-WS-01,67,0,5,26,False
INV-0006316,2024-08-05,HOM-0027,CH-NE-01,41,70,3,43,False
INV-0006317,2024-08-05,HOM-0027,CH-MW-01,84,0,3,43,False
INV-0006318,2024-08-05,HOM-0027,CH-WE-01,49,0,9,43,False
INV-0006319,2024-08-05,HOM-0027,CH-ON-01,34,51,13,43,False
INV-0006320,2024-08-05,HOM-0027,CH-WS-01,103,0,0,43,False
INV-0006321,2024-08-05,HOM-0028,CH-NE-01,23,61,10,24,False
INV-0006322,2024-08-05,HOM-0028,CH-MW-01,19,52,8,24,False
INV-0006323,2024-08-05,HOM-0028,CH-WE-01,41,0,2,24,False
INV-0006324,2024-08-05,HOM-0028,CH-ON-01,12,39,18,24,False
INV-0006325,2024-08-05,HOM-0028,CH-WS-01,52,0,15,24,False
INV-0006326,2024-08-05,HOM-0029,CH-NE-01,109,0,13,39,False
INV-0006327,2024-08-05,HOM-0029,CH-MW-01,37,103,9,39,False
INV-0006328,2024-08-05,HOM-0029,CH-WE-01,42,0,15,39,False
INV-0006329,2024-08-05,HOM-0029,CH-ON-01,100,0,20,39,False
INV-0006330,2024-08-05,HOM-0029,CH-WS-01,84,0,4,39,False
INV-0006331,2024-08-05,HOM-0031,CH-NE-01,32,0,7,25,False
INV-0006332,2024-08-05,HOM-0031,CH-MW-01,29,0,3,25,False
INV-0006333,2024-08-05,HOM-0031,CH-WE-01,60,0,15,25,False
INV-0006334,2024-08-05,HOM-0031,CH-ON-01,25,96,21,25,False
INV-0006335,2024-08-05,HOM-0031,CH-WS-01,46,0,0,25,False
INV-0006336,2024-08-05,HOM-0032,CH-NE-01,29,0,12,28,False
INV-0006337,2024-08-05,HOM-0032,CH-MW-01,58,0,2,28,False
INV-0006338,2024-08-05,HOM-0032,CH-WE-01,49,0,12,28,False
INV-0006339,2024-08-05,HOM-0032,CH-ON-01,31,0,16,28,False
INV-0006340,2024-08-05,HOM-0032,CH-WS-01,49,0,0,28,False
INV-0006341,2024-08-12,APP-0001,CH-NE-01,29,124,7,33,False
INV-0006342,2024-08-12,APP-0001,CH-MW-01,43,0,14,33,False
INV-0006343,2024-08-12,APP-0001,CH-WE-01,56,0,19,33,False
INV-0006344,2024-08-12,APP-0001,CH-ON-01,34,0,25,33,False
INV-0006345,2024-08-12,APP-0001,CH-WS-01,129,0,0,33,False
INV-0006346,2024-08-12,APP-0002,CH-NE-01,18,110,10,23,False
INV-0006347,2024-08-12,APP-0002,CH-MW-01,63,0,8,23,False
INV-0006348,2024-08-12,APP-0002,CH-WE-01,30,0,15,23,False
INV-0006349,2024-08-12,APP-0002,CH-ON-01,121,0,9,23,False
INV-0006350,2024-08-12,APP-0002,CH-WS-01,149,0,0,23,False
INV-0006351,2024-08-12,APP-0003,CH-NE-01,22,0,3,15,False
INV-0006352,2024-08-12,APP-0003,CH-MW-01,27,0,8,15,False
INV-0006353,2024-08-12,APP-0003,CH-WE-01,47,0,5,15,False
INV-0006354,2024-08-12,APP-0003,CH-ON-01,59,0,19,15,False
INV-0006355,2024-08-12,APP-0003,CH-WS-01,28,0,0,15,False
INV-0006356,2024-08-12,APP-0004,CH-NE-01,117,0,5,39,False
INV-0006357,2024-08-12,APP-0004,CH-MW-01,103,0,7,39,False
INV-0006358,2024-08-12,APP-0004,CH-WE-01,112,0,9,39,False
INV-0006359,2024-08-12,APP-0004,CH-ON-01,67,0,18,39,False
INV-0006360,2024-08-12,APP-0004,CH-WS-01,59,0,0,39,False
INV-0006361,2024-08-12,APP-0005,CH-NE-01,50,0,14,36,False
INV-0006362,2024-08-12,APP-0005,CH-MW-01,108,0,7,36,False
INV-0006363,2024-08-12,APP-0005,CH-WE-01,70,0,14,36,False
INV-0006364,2024-08-12,APP-0005,CH-ON-01,40,0,9,36,False
INV-0006365,2024-08-12,APP-0005,CH-WS-01,64,0,1,36,False
INV-0006366,2024-08-12,APP-0006,CH-NE-01,85,0,14,38,False
INV-0006367,2024-08-12,APP-0006,CH-MW-01,36,57,3,38,False
INV-0006368,2024-08-12,APP-0006,CH-WE-01,53,0,19,38,False
INV-0006369,2024-08-12,APP-0006,CH-ON-01,58,0,14,38,False
INV-0006370,2024-08-12,APP-0006,CH-WS-01,79,0,0,38,False
INV-0006371,2024-08-12,APP-0007,CH-NE-01,93,0,10,28,False
INV-0006372,2024-08-12,APP-0007,CH-MW-01,74,0,2,28,False
INV-0006373,2024-08-12,APP-0007,CH-WE-01,91,0,18,28,False
INV-0006374,2024-08-12,APP-0007,CH-ON-01,38,0,25,28,False
INV-0006375,2024-08-12,APP-0007,CH-WS-01,64,0,9,28,False
INV-0006376,2024-08-12,APP-0008,CH-NE-01,41,0,13,17,False
INV-0006377,2024-08-12,APP-0008,CH-MW-01,77,0,4,17,False
INV-0006378,2024-08-12,APP-0008,CH-WE-01,37,0,9,17,False
INV-0006379,2024-08-12,APP-0008,CH-ON-01,57,0,23,17,False
INV-0006380,2024-08-12,APP-0008,CH-WS-01,41,0,5,17,False
INV-0006381,2024-08-12,APP-0009,CH-NE-01,54,0,6,21,False
INV-0006382,2024-08-12,APP-0009,CH-MW-01,29,0,11,21,False
INV-0006383,2024-08-12,APP-0009,CH-WE-01,52,0,11,21,False
INV-0006384,2024-08-12,APP-0009,CH-ON-01,12,45,12,21,False
INV-0006385,2024-08-12,APP-0009,CH-WS-01,57,0,9,21,False
INV-0006386,2024-08-12,APP-0010,CH-NE-01,37,0,7,34,False
INV-0006387,2024-08-12,APP-0010,CH-MW-01,95,0,18,34,False
INV-0006388,2024-08-12,APP-0010,CH-WE-01,30,74,12,34,False
INV-0006389,2024-08-12,APP-0010,CH-ON-01,61,0,12,34,False
INV-0006390,2024-08-12,APP-0010,CH-WS-01,92,0,1,34,False
INV-0006391,2024-08-12,APP-0011,CH-NE-01,116,0,6,44,False
INV-0006392,2024-08-12,APP-0011,CH-MW-01,59,0,6,44,False
INV-0006393,2024-08-12,APP-0011,CH-WE-01,44,107,3,44,False
INV-0006394,2024-08-12,APP-0011,CH-ON-01,143,0,5,44,False
INV-0006395,2024-08-12,APP-0011,CH-WS-01,95,0,3,44,False
INV-0006396,2024-08-12,FTW-0012,CH-NE-01,70,0,3,42,False
INV-0006397,2024-08-12,FTW-0012,CH-MW-01,85,0,2,42,False
INV-0006398,2024-08-12,FTW-0012,CH-WE-01,93,0,12,42,False
INV-0006399,2024-08-12,FTW-0012,CH-ON-01,68,0,19,42,False
INV-0006400,2024-08-12,FTW-0012,CH-WS-01,54,0,6,42,False
INV-0006401,2024-08-12,FTW-0013,CH-NE-01,77,0,3,29,False
INV-0006402,2024-08-12,FTW-0013,CH-MW-01,30,0,6,29,False
INV-0006403,2024-08-12,FTW-0013,CH-WE-01,49,0,17,29,False
INV-0006404,2024-08-12,FTW-0013,CH-ON-01,38,0,16,29,False
INV-0006405,2024-08-12,FTW-0013,CH-WS-01,46,0,0,29,False
INV-0006406,2024-08-12,FTW-0014,CH-NE-01,35,0,8,27,False
INV-0006407,2024-08-12,FTW-0014,CH-MW-01,91,0,4,27,False
INV-0006408,2024-08-12,FTW-0014,CH-WE-01,41,0,8,27,False
INV-0006409,2024-08-12,FTW-0014,CH-ON-01,109,0,27,27,False
INV-0006410,2024-08-12,FTW-0014,CH-WS-01,69,0,0,27,False
INV-0006411,2024-08-12,FTW-0015,CH-NE-01,39,61,7,40,False
INV-0006412,2024-08-12,FTW-0015,CH-MW-01,48,0,11,40,False
INV-0006413,2024-08-12,FTW-0015,CH-WE-01,74,0,16,40,False
INV-0006414,2024-08-12,FTW-0015,CH-ON-01,50,0,5,40,False
INV-0006415,2024-08-12,FTW-0015,CH-WS-01,51,0,7,40,False
INV-0006416,2024-08-12,ACC-0017,CH-NE-01,62,0,9,31,False
INV-0006417,2024-08-12,ACC-0017,CH-MW-01,95,0,13,31,False
INV-0006418,2024-08-12,ACC-0017,CH-WE-01,104,0,11,31,False
INV-0006419,2024-08-12,ACC-0017,CH-ON-01,104,0,11,31,False
INV-0006420,2024-08-12,ACC-0017,CH-WS-01,37,0,6,31,False
INV-0006421,2024-08-12,ACC-0018,CH-NE-01,22,38,8,24,False
INV-0006422,2024-08-12,ACC-0018,CH-MW-01,42,0,2,24,False
INV-0006423,2024-08-12,ACC-0018,CH-WE-01,18,38,15,24,False
INV-0006424,2024-08-12,ACC-0018,CH-ON-01,57,0,23,24,False
INV-0006425,2024-08-12,ACC-0018,CH-WS-01,60,0,0,24,False
INV-0006426,2024-08-12,ACC-0019,CH-NE-01,35,91,6,38,False
INV-0006427,2024-08-12,ACC-0019,CH-MW-01,103,0,8,38,False
INV-0006428,2024-08-12,ACC-0019,CH-WE-01,60,0,7,38,False
INV-0006429,2024-08-12,ACC-0019,CH-ON-01,69,0,23,38,False
INV-0006430,2024-08-12,ACC-0019,CH-WS-01,61,0,5,38,False
INV-0006431,2024-08-12,ACC-0020,CH-NE-01,24,0,17,23,False
INV-0006432,2024-08-12,ACC-0020,CH-MW-01,59,0,5,23,False
INV-0006433,2024-08-12,ACC-0020,CH-WE-01,65,0,5,23,False
INV-0006434,2024-08-12,ACC-0020,CH-ON-01,34,0,10,23,False
INV-0006435,2024-08-12,ACC-0020,CH-WS-01,53,0,0,23,False
INV-0006436,2024-08-12,ACC-0022,CH-NE-01,104,0,12,24,False
INV-0006437,2024-08-12,ACC-0022,CH-MW-01,113,0,3,24,False
INV-0006438,2024-08-12,ACC-0022,CH-WE-01,82,0,9,24,False
INV-0006439,2024-08-12,ACC-0022,CH-ON-01,70,0,11,24,False
INV-0006440,2024-08-12,ACC-0022,CH-WS-01,140,0,1,24,False
INV-0006441,2024-08-12,ACC-0023,CH-NE-01,29,87,14,37,False
INV-0006442,2024-08-12,ACC-0023,CH-MW-01,59,0,6,37,False
INV-0006443,2024-08-12,ACC-0023,CH-WE-01,65,0,10,37,False
INV-0006444,2024-08-12,ACC-0023,CH-ON-01,70,0,24,37,False
INV-0006445,2024-08-12,ACC-0023,CH-WS-01,56,0,2,37,False
INV-0006446,2024-08-12,ACC-0024,CH-NE-01,52,0,13,16,False
INV-0006447,2024-08-12,ACC-0024,CH-MW-01,33,0,9,16,False
INV-0006448,2024-08-12,ACC-0024,CH-WE-01,107,0,9,16,False
INV-0006449,2024-08-12,ACC-0024,CH-ON-01,17,0,23,16,False
INV-0006450,2024-08-12,ACC-0024,CH-WS-01,134,0,5,16,False
INV-0006451,2024-08-12,HOM-0025,CH-NE-01,89,0,7,40,False
INV-0006452,2024-08-12,HOM-0025,CH-MW-01,78,0,6,40,False
INV-0006453,2024-08-12,HOM-0025,CH-WE-01,33,78,16,40,False
INV-0006454,2024-08-12,HOM-0025,CH-ON-01,71,0,14,40,False
INV-0006455,2024-08-12,HOM-0025,CH-WS-01,48,0,0,40,False
INV-0006456,2024-08-12,HOM-0026,CH-NE-01,72,0,6,26,False
INV-0006457,2024-08-12,HOM-0026,CH-MW-01,21,47,8,26,False
INV-0006458,2024-08-12,HOM-0026,CH-WE-01,36,0,8,26,False
INV-0006459,2024-08-12,HOM-0026,CH-ON-01,14,61,24,26,False
INV-0006460,2024-08-12,HOM-0026,CH-WS-01,59,0,8,26,False
INV-0006461,2024-08-12,HOM-0027,CH-NE-01,111,0,0,43,False
INV-0006462,2024-08-12,HOM-0027,CH-MW-01,79,0,5,43,False
INV-0006463,2024-08-12,HOM-0027,CH-WE-01,49,0,0,43,False
INV-0006464,2024-08-12,HOM-0027,CH-ON-01,82,0,3,43,False
INV-0006465,2024-08-12,HOM-0027,CH-WS-01,87,0,16,43,False
INV-0006466,2024-08-12,HOM-0028,CH-NE-01,76,0,8,24,False
INV-0006467,2024-08-12,HOM-0028,CH-MW-01,61,0,10,24,False
INV-0006468,2024-08-12,HOM-0028,CH-WE-01,26,0,15,24,False
INV-0006469,2024-08-12,HOM-0028,CH-ON-01,32,0,19,24,False
INV-0006470,2024-08-12,HOM-0028,CH-WS-01,41,0,11,24,False
INV-0006471,2024-08-12,HOM-0029,CH-NE-01,102,0,7,39,False
INV-0006472,2024-08-12,HOM-0029,CH-MW-01,129,0,11,39,False
INV-0006473,2024-08-12,HOM-0029,CH-WE-01,37,75,5,39,False
INV-0006474,2024-08-12,HOM-0029,CH-ON-01,74,0,26,39,False
INV-0006475,2024-08-12,HOM-0029,CH-WS-01,83,0,1,39,False
INV-0006476,2024-08-12,HOM-0031,CH-NE-01,22,82,10,25,False
INV-0006477,2024-08-12,HOM-0031,CH-MW-01,25,72,4,25,False
INV-0006478,2024-08-12,HOM-0031,CH-WE-01,45,0,15,25,False
INV-0006479,2024-08-12,HOM-0031,CH-ON-01,113,0,8,25,False
INV-0006480,2024-08-12,HOM-0031,CH-WS-01,46,0,0,25,False
INV-0006481,2024-08-12,HOM-0032,CH-NE-01,28,58,1,28,False
INV-0006482,2024-08-12,HOM-0032,CH-MW-01,55,0,3,28,False
INV-0006483,2024-08-12,HOM-0032,CH-WE-01,32,0,17,28,False
INV-0006484,2024-08-12,HOM-0032,CH-ON-01,16,41,15,28,False
INV-0006485,2024-08-12,HOM-0032,CH-WS-01,49,0,0,28,False
INV-0006486,2024-08-19,APP-0001,CH-NE-01,146,0,7,33,False
INV-0006487,2024-08-19,APP-0001,CH-MW-01,34,0,9,33,False
INV-0006488,2024-08-19,APP-0001,CH-WE-01,52,0,4,33,False
INV-0006489,2024-08-19,APP-0001,CH-ON-01,17,109,17,33,False
INV-0006490,2024-08-19,APP-0001,CH-WS-01,128,0,1,33,False
INV-0006491,2024-08-19,APP-0002,CH-NE-01,123,0,5,23,False
INV-0006492,2024-08-19,APP-0002,CH-MW-01,52,0,11,23,False
INV-0006493,2024-08-19,APP-0002,CH-WE-01,27,0,3,23,False
INV-0006494,2024-08-19,APP-0002,CH-ON-01,104,0,17,23,False
INV-0006495,2024-08-19,APP-0002,CH-WS-01,146,0,3,23,False
INV-0006496,2024-08-19,APP-0003,CH-NE-01,12,52,10,15,False
INV-0006497,2024-08-19,APP-0003,CH-MW-01,18,0,9,15,False
INV-0006498,2024-08-19,APP-0003,CH-WE-01,42,0,5,15,False
INV-0006499,2024-08-19,APP-0003,CH-ON-01,54,0,5,15,False
INV-0006500,2024-08-19,APP-0003,CH-WS-01,23,0,5,15,False
INV-0006501,2024-08-19,APP-0004,CH-NE-01,99,0,18,39,False
INV-0006502,2024-08-19,APP-0004,CH-MW-01,97,0,6,39,False
INV-0006503,2024-08-19,APP-0004,CH-WE-01,109,0,3,39,False
INV-0006504,2024-08-19,APP-0004,CH-ON-01,47,0,20,39,False
INV-0006505,2024-08-19,APP-0004,CH-WS-01,57,0,2,39,False
INV-0006506,2024-08-19,APP-0005,CH-NE-01,41,0,9,36,False
INV-0006507,2024-08-19,APP-0005,CH-MW-01,103,0,5,36,False
INV-0006508,2024-08-19,APP-0005,CH-WE-01,53,0,17,36,False
INV-0006509,2024-08-19,APP-0005,CH-ON-01,36,77,4,36,False
INV-0006510,2024-08-19,APP-0005,CH-WS-01,62,0,2,36,False
INV-0006511,2024-08-19,APP-0006,CH-NE-01,68,0,17,38,False
INV-0006512,2024-08-19,APP-0006,CH-MW-01,83,0,10,38,False
INV-0006513,2024-08-19,APP-0006,CH-WE-01,39,0,14,38,False
INV-0006514,2024-08-19,APP-0006,CH-ON-01,44,0,14,38,False
INV-0006515,2024-08-19,APP-0006,CH-WS-01,79,0,0,38,False
INV-0006516,2024-08-19,APP-0007,CH-NE-01,79,0,14,28,False
INV-0006517,2024-08-19,APP-0007,CH-MW-01,69,0,5,28,False
INV-0006518,2024-08-19,APP-0007,CH-WE-01,85,0,6,28,False
INV-0006519,2024-08-19,APP-0007,CH-ON-01,15,52,23,28,False
INV-0006520,2024-08-19,APP-0007,CH-WS-01,58,0,6,28,False
INV-0006521,2024-08-19,APP-0008,CH-NE-01,30,0,11,17,False
INV-0006522,2024-08-19,APP-0008,CH-MW-01,67,0,10,17,False
INV-0006523,2024-08-19,APP-0008,CH-WE-01,19,0,18,17,False
INV-0006524,2024-08-19,APP-0008,CH-ON-01,36,0,21,17,False
INV-0006525,2024-08-19,APP-0008,CH-WS-01,41,0,0,17,False
INV-0006526,2024-08-19,APP-0009,CH-NE-01,43,0,11,21,False
INV-0006527,2024-08-19,APP-0009,CH-MW-01,21,53,8,21,False
INV-0006528,2024-08-19,APP-0009,CH-WE-01,37,0,15,21,False
INV-0006529,2024-08-19,APP-0009,CH-ON-01,44,0,13,21,False
INV-0006530,2024-08-19,APP-0009,CH-WS-01,57,0,0,21,False
INV-0006531,2024-08-19,APP-0010,CH-NE-01,33,79,4,34,False
INV-0006532,2024-08-19,APP-0010,CH-MW-01,79,0,16,34,False
INV-0006533,2024-08-19,APP-0010,CH-WE-01,86,0,18,34,False
INV-0006534,2024-08-19,APP-0010,CH-ON-01,40,0,21,34,False
INV-0006535,2024-08-19,APP-0010,CH-WS-01,92,0,0,34,False
INV-0006536,2024-08-19,APP-0011,CH-NE-01,111,0,5,44,False
INV-0006537,2024-08-19,APP-0011,CH-MW-01,55,0,4,44,False
INV-0006538,2024-08-19,APP-0011,CH-WE-01,127,0,24,44,False
INV-0006539,2024-08-19,APP-0011,CH-ON-01,136,0,7,44,False
INV-0006540,2024-08-19,APP-0011,CH-WS-01,95,0,0,44,False
INV-0006541,2024-08-19,FTW-0012,CH-NE-01,57,0,13,42,False
INV-0006542,2024-08-19,FTW-0012,CH-MW-01,80,0,5,42,False
INV-0006543,2024-08-19,FTW-0012,CH-WE-01,83,0,10,42,False
INV-0006544,2024-08-19,FTW-0012,CH-ON-01,45,0,23,42,False
INV-0006545,2024-08-19,FTW-0012,CH-WS-01,53,0,1,42,False
INV-0006546,2024-08-19,FTW-0013,CH-NE-01,72,0,5,29,False
INV-0006547,2024-08-19,FTW-0013,CH-MW-01,18,33,12,29,False
INV-0006548,2024-08-19,FTW-0013,CH-WE-01,41,0,8,29,False
INV-0006549,2024-08-19,FTW-0013,CH-ON-01,19,45,19,29,False
INV-0006550,2024-08-19,FTW-0013,CH-WS-01,39,0,7,29,False
INV-0006551,2024-08-19,FTW-0014,CH-NE-01,21,75,14,27,False
INV-0006552,2024-08-19,FTW-0014,CH-MW-01,82,0,9,27,False
INV-0006553,2024-08-19,FTW-0014,CH-WE-01,34,0,7,27,False
INV-0006554,2024-08-19,FTW-0014,CH-ON-01,95,0,14,27,False
INV-0006555,2024-08-19,FTW-0014,CH-WS-01,60,0,9,27,False
INV-0006556,2024-08-19,FTW-0015,CH-NE-01,83,0,17,40,False
INV-0006557,2024-08-19,FTW-0015,CH-MW-01,39,81,9,40,False
INV-0006558,2024-08-19,FTW-0015,CH-WE-01,55,0,19,40,False
INV-0006559,2024-08-19,FTW-0015,CH-ON-01,30,59,20,40,False
INV-0006560,2024-08-19,FTW-0015,CH-WS-01,49,0,2,40,False
INV-0006561,2024-08-19,ACC-0017,CH-NE-01,51,0,11,31,False
INV-0006562,2024-08-19,ACC-0017,CH-MW-01,87,0,8,31,False
INV-0006563,2024-08-19,ACC-0017,CH-WE-01,90,0,14,31,False
INV-0006564,2024-08-19,ACC-0017,CH-ON-01,90,0,14,31,False
INV-0006565,2024-08-19,ACC-0017,CH-WS-01,34,0,3,31,False
INV-0006566,2024-08-19,ACC-0018,CH-NE-01,57,0,3,24,False
INV-0006567,2024-08-19,ACC-0018,CH-MW-01,38,0,4,24,False
INV-0006568,2024-08-19,ACC-0018,CH-WE-01,40,0,16,24,False
INV-0006569,2024-08-19,ACC-0018,CH-ON-01,39,0,18,24,False
INV-0006570,2024-08-19,ACC-0018,CH-WS-01,55,0,5,24,False
INV-0006571,2024-08-19,ACC-0019,CH-NE-01,116,0,10,38,False
INV-0006572,2024-08-19,ACC-0019,CH-MW-01,96,0,7,38,False
INV-0006573,2024-08-19,ACC-0019,CH-WE-01,45,0,15,38,False
INV-0006574,2024-08-19,ACC-0019,CH-ON-01,64,0,5,38,False
INV-0006575,2024-08-19,ACC-0019,CH-WS-01,56,0,5,38,False
INV-0006576,2024-08-19,ACC-0020,CH-NE-01,14,40,10,23,False
INV-0006577,2024-08-19,ACC-0020,CH-MW-01,51,0,8,23,False
INV-0006578,2024-08-19,ACC-0020,CH-WE-01,51,0,14,23,False
INV-0006579,2024-08-19,ACC-0020,CH-ON-01,9,54,25,23,False
INV-0006580,2024-08-19,ACC-0020,CH-WS-01,49,0,4,23,False
INV-0006581,2024-08-19,ACC-0022,CH-NE-01,96,0,8,24,False
INV-0006582,2024-08-19,ACC-0022,CH-MW-01,110,0,3,24,False
INV-0006583,2024-08-19,ACC-0022,CH-WE-01,65,0,17,24,False
INV-0006584,2024-08-19,ACC-0022,CH-ON-01,59,0,11,24,False
INV-0006585,2024-08-19,ACC-0022,CH-WS-01,136,0,4,24,False
INV-0006586,2024-08-19,ACC-0023,CH-NE-01,106,0,10,37,False
INV-0006587,2024-08-19,ACC-0023,CH-MW-01,50,0,9,37,False
INV-0006588,2024-08-19,ACC-0023,CH-WE-01,50,0,15,37,False
INV-0006589,2024-08-19,ACC-0023,CH-ON-01,56,0,14,37,False
INV-0006590,2024-08-19,ACC-0023,CH-WS-01,54,0,2,37,False
INV-0006591,2024-08-19,ACC-0024,CH-NE-01,38,0,14,16,False
INV-0006592,2024-08-19,ACC-0024,CH-MW-01,25,0,8,16,False
INV-0006593,2024-08-19,ACC-0024,CH-WE-01,96,0,11,16,False
INV-0006594,2024-08-19,ACC-0024,CH-ON-01,5,111,12,16,False
INV-0006595,2024-08-19,ACC-0024,CH-WS-01,134,0,0,16,False
INV-0006596,2024-08-19,HOM-0025,CH-NE-01,67,0,22,40,False
INV-0006597,2024-08-19,HOM-0025,CH-MW-01,66,0,12,40,False
INV-0006598,2024-08-19,HOM-0025,CH-WE-01,101,0,10,40,False
INV-0006599,2024-08-19,HOM-0025,CH-ON-01,52,0,19,40,False
INV-0006600,2024-08-19,HOM-0025,CH-WS-01,32,79,16,40,False
INV-0006601,2024-08-19,HOM-0026,CH-NE-01,59,0,13,26,False
INV-0006602,2024-08-19,HOM-0026,CH-MW-01,55,0,13,26,False
INV-0006603,2024-08-19,HOM-0026,CH-WE-01,27,0,9,26,False
INV-0006604,2024-08-19,HOM-0026,CH-ON-01,60,0,15,26,False
INV-0006605,2024-08-19,HOM-0026,CH-WS-01,56,0,3,26,False
INV-0006606,2024-08-19,HOM-0027,CH-NE-01,106,0,5,43,False
INV-0006607,2024-08-19,HOM-0027,CH-MW-01,72,0,7,43,False
INV-0006608,2024-08-19,HOM-0027,CH-WE-01,35,65,14,43,False
INV-0006609,2024-08-19,HOM-0027,CH-ON-01,69,0,13,43,False
INV-0006610,2024-08-19,HOM-0027,CH-WS-01,87,0,0,43,False
INV-0006611,2024-08-19,HOM-0028,CH-NE-01,67,0,9,24,False
INV-0006612,2024-08-19,HOM-0028,CH-MW-01,56,0,5,24,False
INV-0006613,2024-08-19,HOM-0028,CH-WE-01,22,50,4,24,False
INV-0006614,2024-08-19,HOM-0028,CH-ON-01,14,36,18,24,False
INV-0006615,2024-08-19,HOM-0028,CH-WS-01,41,0,0,24,False
INV-0006616,2024-08-19,HOM-0029,CH-NE-01,95,0,7,39,False
INV-0006617,2024-08-19,HOM-0029,CH-MW-01,116,0,13,39,False
INV-0006618,2024-08-19,HOM-0029,CH-WE-01,96,0,16,39,False
INV-0006619,2024-08-19,HOM-0029,CH-ON-01,52,0,22,39,False
INV-0006620,2024-08-19,HOM-0029,CH-WS-01,69,0,14,39,False
INV-0006621,2024-08-19,HOM-0031,CH-NE-01,97,0,7,25,False
INV-0006622,2024-08-19,HOM-0031,CH-MW-01,87,0,10,25,False
INV-0006623,2024-08-19,HOM-0031,CH-WE-01,41,0,4,25,False
INV-0006624,2024-08-19,HOM-0031,CH-ON-01,100,0,13,25,False
INV-0006625,2024-08-19,HOM-0031,CH-WS-01,46,0,0,25,False
INV-0006626,2024-08-19,HOM-0032,CH-NE-01,74,0,12,28,False
INV-0006627,2024-08-19,HOM-0032,CH-MW-01,41,0,14,28,False
INV-0006628,2024-08-19,HOM-0032,CH-WE-01,15,60,17,28,False
INV-0006629,2024-08-19,HOM-0032,CH-ON-01,39,0,18,28,False
INV-0006630,2024-08-19,HOM-0032,CH-WS-01,46,0,3,28,False
INV-0006631,2024-08-26,APP-0001,CH-NE-01,138,0,8,33,False
INV-0006632,2024-08-26,APP-0001,CH-MW-01,33,106,1,33,False
INV-0006633,2024-08-26,APP-0001,CH-WE-01,41,0,11,33,False
INV-0006634,2024-08-26,APP-0001,CH-ON-01,98,0,28,33,False
INV-0006635,2024-08-26,APP-0001,CH-WS-01,121,0,7,33,False
INV-0006636,2024-08-26,APP-0002,CH-NE-01,107,0,16,23,False
INV-0006637,2024-08-26,APP-0002,CH-MW-01,44,0,8,23,False
INV-0006638,2024-08-26,APP-0002,CH-WE-01,15,139,12,23,False
INV-0006639,2024-08-26,APP-0002,CH-ON-01,98,0,6,23,False
INV-0006640,2024-08-26,APP-0002,CH-WS-01,145,0,1,23,False
INV-0006641,2024-08-26,APP-0003,CH-NE-01,40,0,24,15,False
INV-0006642,2024-08-26,APP-0003,CH-MW-01,6,62,12,15,False
INV-0006643,2024-08-26,APP-0003,CH-WE-01,33,0,9,15,False
INV-0006644,2024-08-26,APP-0003,CH-ON-01,29,0,25,15,False
INV-0006645,2024-08-26,APP-0003,CH-WS-01,18,0,5,15,False
INV-0006646,2024-08-26,APP-0004,CH-NE-01,83,0,16,39,False
INV-0006647,2024-08-26,APP-0004,CH-MW-01,89,0,8,39,False
INV-0006648,2024-08-26,APP-0004,CH-WE-01,100,0,9,39,False
INV-0006649,2024-08-26,APP-0004,CH-ON-01,33,79,14,39,False
INV-0006650,2024-08-26,APP-0004,CH-WS-01,53,0,4,39,False
INV-0006651,2024-08-26,APP-0005,CH-NE-01,38,0,3,36,False
INV-0006652,2024-08-26,APP-0005,CH-MW-01,100,0,3,36,False
INV-0006653,2024-08-26,APP-0005,CH-WE-01,43,0,10,36,False
INV-0006654,2024-08-26,APP-0005,CH-ON-01,105,0,8,36,False
INV-0006655,2024-08-26,APP-0005,CH-WS-01,62,0,0,36,False
INV-0006656,2024-08-26,APP-0006,CH-NE-01,53,0,15,38,False
INV-0006657,2024-08-26,APP-0006,CH-MW-01,76,0,7,38,False
INV-0006658,2024-08-26,APP-0006,CH-WE-01,28,41,11,38,False
INV-0006659,2024-08-26,APP-0006,CH-ON-01,35,44,9,38,False
INV-0006660,2024-08-26,APP-0006,CH-WS-01,77,0,2,38,False
INV-0006661,2024-08-26,APP-0007,CH-NE-01,69,0,10,28,False
INV-0006662,2024-08-26,APP-0007,CH-MW-01,52,0,17,28,False
INV-0006663,2024-08-26,APP-0007,CH-WE-01,79,0,6,28,False
INV-0006664,2024-08-26,APP-0007,CH-ON-01,56,0,11,28,False
INV-0006665,2024-08-26,APP-0007,CH-WS-01,58,0,0,28,False
INV-0006666,2024-08-26,APP-0008,CH-NE-01,28,0,2,17,False
INV-0006667,2024-08-26,APP-0008,CH-MW-01,60,0,7,17,False
INV-0006668,2024-08-26,APP-0008,CH-WE-01,2,76,17,17,False
INV-0006669,2024-08-26,APP-0008,CH-ON-01,24,0,12,17,False
INV-0006670,2024-08-26,APP-0008,CH-WS-01,35,0,6,17,False
INV-0006671,2024-08-26,APP-0009,CH-NE-01,35,0,8,21,False
INV-0006672,2024-08-26,APP-0009,CH-MW-01,71,0,3,21,False
INV-0006673,2024-08-26,APP-0009,CH-WE-01,21,56,16,21,False
INV-0006674,2024-08-26,APP-0009,CH-ON-01,31,0,13,21,False
INV-0006675,2024-08-26,APP-0009,CH-WS-01,51,0,6,21,False
INV-0006676,2024-08-26,APP-0010,CH-NE-01,112,0,0,34,False
INV-0006677,2024-08-26,APP-0010,CH-MW-01,76,0,3,34,False
INV-0006678,2024-08-26,APP-0010,CH-WE-01,72,0,14,34,False
INV-0006679,2024-08-26,APP-0010,CH-ON-01,36,0,4,34,False
INV-0006680,2024-08-26,APP-0010,CH-WS-01,92,0,0,34,False
INV-0006681,2024-08-26,APP-0011,CH-NE-01,106,0,5,44,False
INV-0006682,2024-08-26,APP-0011,CH-MW-01,49,0,6,44,False
INV-0006683,2024-08-26,APP-0011,CH-WE-01,118,0,9,44,False
INV-0006684,2024-08-26,APP-0011,CH-ON-01,120,0,16,44,False
INV-0006685,2024-08-26,APP-0011,CH-WS-01,85,0,10,44,False
INV-0006686,2024-08-26,FTW-0012,CH-NE-01,50,0,7,42,False
INV-0006687,2024-08-26,FTW-0012,CH-MW-01,76,0,4,42,False
INV-0006688,2024-08-26,FTW-0012,CH-WE-01,70,0,13,42,False
INV-0006689,2024-08-26,FTW-0012,CH-ON-01,39,70,6,42,False
INV-0006690,2024-08-26,FTW-0012,CH-WS-01,51,0,2,42,False
INV-0006691,2024-08-26,FTW-0013,CH-NE-01,68,0,4,29,False
INV-0006692,2024-08-26,FTW-0013,CH-MW-01,47,0,4,29,False
INV-0006693,2024-08-26,FTW-0013,CH-WE-01,37,0,4,29,False
INV-0006694,2024-08-26,FTW-0013,CH-ON-01,51,0,13,29,False
INV-0006695,2024-08-26,FTW-0013,CH-WS-01,37,0,2,29,False
INV-0006696,2024-08-26,FTW-0014,CH-NE-01,88,0,8,27,False
INV-0006697,2024-08-26,FTW-0014,CH-MW-01,80,0,2,27,False
INV-0006698,2024-08-26,FTW-0014,CH-WE-01,32,0,2,27,False
INV-0006699,2024-08-26,FTW-0014,CH-ON-01,84,0,11,27,False
INV-0006700,2024-08-26,FTW-0014,CH-WS-01,55,0,5,27,False
INV-0006701,2024-08-26,FTW-0015,CH-NE-01,66,0,17,40,False
INV-0006702,2024-08-26,FTW-0015,CH-MW-01,117,0,3,40,False
INV-0006703,2024-08-26,FTW-0015,CH-WE-01,40,69,15,40,False
INV-0006704,2024-08-26,FTW-0015,CH-ON-01,73,0,16,40,False
INV-0006705,2024-08-26,FTW-0015,CH-WS-01,45,0,4,40,False
INV-0006706,2024-08-26,ACC-0017,CH-NE-01,44,0,7,31,False
INV-0006707,2024-08-26,ACC-0017,CH-MW-01,65,0,22,31,False
INV-0006708,2024-08-26,ACC-0017,CH-WE-01,78,0,12,31,False
INV-0006709,2024-08-26,ACC-0017,CH-ON-01,81,0,9,31,False
INV-0006710,2024-08-26,ACC-0017,CH-WS-01,30,70,4,31,False
INV-0006711,2024-08-26,ACC-0018,CH-NE-01,48,0,9,24,False
INV-0006712,2024-08-26,ACC-0018,CH-MW-01,32,0,6,24,False
INV-0006713,2024-08-26,ACC-0018,CH-WE-01,31,0,9,24,False
INV-0006714,2024-08-26,ACC-0018,CH-ON-01,14,64,25,24,False
INV-0006715,2024-08-26,ACC-0018,CH-WS-01,47,0,8,24,False
INV-0006716,2024-08-26,ACC-0019,CH-NE-01,108,0,8,38,False
INV-0006717,2024-08-26,ACC-0019,CH-MW-01,86,0,10,38,False
INV-0006718,2024-08-26,ACC-0019,CH-WE-01,29,98,16,38,False
INV-0006719,2024-08-26,ACC-0019,CH-ON-01,59,0,5,38,False
INV-0006720,2024-08-26,ACC-0019,CH-WS-01,51,0,5,38,False
INV-0006721,2024-08-26,ACC-0020,CH-NE-01,40,0,14,23,False
INV-0006722,2024-08-26,ACC-0020,CH-MW-01,44,0,7,23,False
INV-0006723,2024-08-26,ACC-0020,CH-WE-01,42,0,9,23,False
INV-0006724,2024-08-26,ACC-0020,CH-ON-01,46,0,17,23,False
INV-0006725,2024-08-26,ACC-0020,CH-WS-01,45,0,4,23,False
INV-0006726,2024-08-26,ACC-0022,CH-NE-01,86,0,10,24,False
INV-0006727,2024-08-26,ACC-0022,CH-MW-01,97,0,13,24,False
INV-0006728,2024-08-26,ACC-0022,CH-WE-01,41,0,24,24,False
INV-0006729,2024-08-26,ACC-0022,CH-ON-01,46,0,13,24,False
INV-0006730,2024-08-26,ACC-0022,CH-WS-01,133,0,3,24,False
INV-0006731,2024-08-26,ACC-0023,CH-NE-01,91,0,15,37,False
INV-0006732,2024-08-26,ACC-0023,CH-MW-01,40,0,10,37,False
INV-0006733,2024-08-26,ACC-0023,CH-WE-01,35,80,15,37,False
INV-0006734,2024-08-26,ACC-0023,CH-ON-01,33,88,23,37,False
INV-0006735,2024-08-26,ACC-0023,CH-WS-01,52,0,2,37,False
INV-0006736,2024-08-26,ACC-0024,CH-NE-01,24,0,14,16,False
INV-0006737,2024-08-26,ACC-0024,CH-MW-01,24,0,1,16,False
INV-0006738,2024-08-26,ACC-0024,CH-WE-01,84,0,12,16,False
INV-0006739,2024-08-26,ACC-0024,CH-ON-01,104,0,12,16,False
INV-0006740,2024-08-26,ACC-0024,CH-WS-01,133,0,1,16,False
INV-0006741,2024-08-26,HOM-0025,CH-NE-01,55,0,12,40,False
INV-0006742,2024-08-26,HOM-0025,CH-MW-01,58,0,8,40,False
INV-0006743,2024-08-26,HOM-0025,CH-WE-01,97,0,4,40,False
INV-0006744,2024-08-26,HOM-0025,CH-ON-01,32,52,20,40,False
INV-0006745,2024-08-26,HOM-0025,CH-WS-01,111,0,0,40,False
INV-0006746,2024-08-26,HOM-0026,CH-NE-01,49,0,10,26,False
INV-0006747,2024-08-26,HOM-0026,CH-MW-01,50,0,5,26,False
INV-0006748,2024-08-26,HOM-0026,CH-WE-01,20,54,7,26,False
INV-0006749,2024-08-26,HOM-0026,CH-ON-01,36,0,24,26,False
INV-0006750,2024-08-26,HOM-0026,CH-WS-01,56,0,0,26,False
INV-0006751,2024-08-26,HOM-0027,CH-NE-01,97,0,9,43,False
INV-0006752,2024-08-26,HOM-0027,CH-MW-01,69,0,3,43,False
INV-0006753,2024-08-26,HOM-0027,CH-WE-01,98,0,2,43,False
INV-0006754,2024-08-26,HOM-0027,CH-ON-01,50,0,19,43,False
INV-0006755,2024-08-26,HOM-0027,CH-WS-01,87,0,0,43,False
INV-0006756,2024-08-26,HOM-0028,CH-NE-01,61,0,6,24,False
INV-0006757,2024-08-26,HOM-0028,CH-MW-01,48,0,8,24,False
INV-0006758,2024-08-26,HOM-0028,CH-WE-01,62,0,10,24,False
INV-0006759,2024-08-26,HOM-0028,CH-ON-01,45,0,5,24,False
INV-0006760,2024-08-26,HOM-0028,CH-WS-01,39,0,2,24,False
INV-0006761,2024-08-26,HOM-0029,CH-NE-01,82,0,13,39,False
INV-0006762,2024-08-26,HOM-0029,CH-MW-01,110,0,6,39,False
INV-0006763,2024-08-26,HOM-0029,CH-WE-01,93,0,3,39,False
INV-0006764,2024-08-26,HOM-0029,CH-ON-01,40,0,12,39,False
INV-0006765,2024-08-26,HOM-0029,CH-WS-01,65,0,4,39,False
INV-0006766,2024-08-26,HOM-0031,CH-NE-01,93,0,4,25,False
INV-0006767,2024-08-26,HOM-0031,CH-MW-01,77,0,10,25,False
INV-0006768,2024-08-26,HOM-0031,CH-WE-01,34,0,7,25,False
INV-0006769,2024-08-26,HOM-0031,CH-ON-01,95,0,5,25,False
INV-0006770,2024-08-26,HOM-0031,CH-WS-01,44,0,2,25,False
INV-0006771,2024-08-26,HOM-0032,CH-NE-01,67,0,7,28,False
INV-0006772,2024-08-26,HOM-0032,CH-MW-01,34,0,7,28,False
INV-0006773,2024-08-26,HOM-0032,CH-WE-01,70,0,5,28,False
INV-0006774,2024-08-26,HOM-0032,CH-ON-01,26,64,13,28,False
INV-0006775,2024-08-26,HOM-0032,CH-WS-01,38,0,8,28,False
INV-0006776,2024-09-02,APP-0001,CH-NE-01,129,0,9,33,False
INV-0006777,2024-09-02,APP-0001,CH-MW-01,135,0,4,33,False
INV-0006778,2024-09-02,APP-0001,CH-WE-01,28,127,13,33,False
INV-0006779,2024-09-02,APP-0001,CH-ON-01,86,0,12,33,False
INV-0006780,2024-09-02,APP-0001,CH-WS-01,116,0,5,33,False
INV-0006781,2024-09-02,APP-0002,CH-NE-01,93,0,14,23,False
INV-0006782,2024-09-02,APP-0002,CH-MW-01,36,0,8,23,False
INV-0006783,2024-09-02,APP-0002,CH-WE-01,142,0,12,23,False
INV-0006784,2024-09-02,APP-0002,CH-ON-01,85,0,13,23,False
INV-0006785,2024-09-02,APP-0002,CH-WS-01,145,0,0,23,False
INV-0006786,2024-09-02,APP-0003,CH-NE-01,31,0,9,15,False
INV-0006787,2024-09-02,APP-0003,CH-MW-01,57,0,11,15,False
INV-0006788,2024-09-02,APP-0003,CH-WE-01,21,0,12,15,False
INV-0006789,2024-09-02,APP-0003,CH-ON-01,12,68,17,15,False
INV-0006790,2024-09-02,APP-0003,CH-WS-01,16,0,2,15,False
INV-0006791,2024-09-02,APP-0004,CH-NE-01,73,0,10,39,False
INV-0006792,2024-09-02,APP-0004,CH-MW-01,86,0,3,39,False
INV-0006793,2024-09-02,APP-0004,CH-WE-01,84,0,16,39,False
INV-0006794,2024-09-02,APP-0004,CH-ON-01,111,0,1,39,False
INV-0006795,2024-09-02,APP-0004,CH-WS-01,49,0,4,39,False
INV-0006796,2024-09-02,APP-0005,CH-NE-01,26,86,12,36,False
INV-0006797,2024-09-02,APP-0005,CH-MW-01,97,0,3,36,False
INV-0006798,2024-09-02,APP-0005,CH-WE-01,34,125,9,36,False
INV-0006799,2024-09-02,APP-0005,CH-ON-01,92,0,13,36,False
INV-0006800,2024-09-02,APP-0005,CH-WS-01,56,0,6,36,False
INV-0006801,2024-09-02,APP-0006,CH-NE-01,48,0,5,38,False
INV-0006802,2024-09-02,APP-0006,CH-MW-01,74,0,2,38,False
INV-0006803,2024-09-02,APP-0006,CH-WE-01,60,0,9,38,False
INV-0006804,2024-09-02,APP-0006,CH-ON-01,59,0,20,38,False
INV-0006805,2024-09-02,APP-0006,CH-WS-01,77,0,0,38,False
INV-0006806,2024-09-02,APP-0007,CH-NE-01,54,0,15,28,False
INV-0006807,2024-09-02,APP-0007,CH-MW-01,46,0,6,28,False
INV-0006808,2024-09-02,APP-0007,CH-WE-01,70,0,9,28,False
INV-0006809,2024-09-02,APP-0007,CH-ON-01,44,0,12,28,False
INV-0006810,2024-09-02,APP-0007,CH-WS-01,56,0,2,28,False
INV-0006811,2024-09-02,APP-0008,CH-NE-01,17,123,11,17,False
INV-0006812,2024-09-02,APP-0008,CH-MW-01,44,0,16,17,False
INV-0006813,2024-09-02,APP-0008,CH-WE-01,72,0,6,17,False
INV-0006814,2024-09-02,APP-0008,CH-ON-01,0,73,24,17,True
INV-0006815,2024-09-02,APP-0008,CH-WS-01,29,0,6,17,False
INV-0006816,2024-09-02,APP-0009,CH-NE-01,26,0,9,21,False
INV-0006817,2024-09-02,APP-0009,CH-MW-01,63,0,8,21,False
INV-0006818,2024-09-02,APP-0009,CH-WE-01,65,0,12,21,False
INV-0006819,2024-09-02,APP-0009,CH-ON-01,24,0,7,21,False
INV-0006820,2024-09-02,APP-0009,CH-WS-01,51,0,0,21,False
INV-0006821,2024-09-02,APP-0010,CH-NE-01,95,0,17,34,False
INV-0006822,2024-09-02,APP-0010,CH-MW-01,72,0,4,34,False
INV-0006823,2024-09-02,APP-0010,CH-WE-01,57,0,15,34,False
INV-0006824,2024-09-02,APP-0010,CH-ON-01,29,72,7,34,False
INV-0006825,2024-09-02,APP-0010,CH-WS-01,88,0,4,34,False
INV-0006826,2024-09-02,APP-0011,CH-NE-01,99,0,7,44,False
INV-0006827,2024-09-02,APP-0011,CH-MW-01,42,116,7,44,False
INV-0006828,2024-09-02,APP-0011,CH-WE-01,108,0,10,44,False
INV-0006829,2024-09-02,APP-0011,CH-ON-01,105,0,15,44,False
INV-0006830,2024-09-02,APP-0011,CH-WS-01,85,0,0,44,False
INV-0006831,2024-09-02,FTW-0012,CH-NE-01,47,0,3,42,False
INV-0006832,2024-09-02,FTW-0012,CH-MW-01,64,0,12,42,False
INV-0006833,2024-09-02,FTW-0012,CH-WE-01,53,0,17,42,False
INV-0006834,2024-09-02,FTW-0012,CH-ON-01,97,0,12,42,False
INV-0006835,2024-09-02,FTW-0012,CH-WS-01,50,0,1,42,False
INV-0006836,2024-09-02,FTW-0013,CH-NE-01,59,0,9,29,False
INV-0006837,2024-09-02,FTW-0013,CH-MW-01,43,0,4,29,False
INV-0006838,2024-09-02,FTW-0013,CH-WE-01,24,38,13,29,False
INV-0006839,2024-09-02,FTW-0013,CH-ON-01,37,0,14,29,False
INV-0006840,2024-09-02,FTW-0013,CH-WS-01,37,0,0,29,False
INV-0006841,2024-09-02,FTW-0014,CH-NE-01,80,0,8,27,False
INV-0006842,2024-09-02,FTW-0014,CH-MW-01,76,0,4,27,False
INV-0006843,2024-09-02,FTW-0014,CH-WE-01,29,0,3,27,False
INV-0006844,2024-09-02,FTW-0014,CH-ON-01,68,0,16,27,False
INV-0006845,2024-09-02,FTW-0014,CH-WS-01,53,0,2,27,False
INV-0006846,2024-09-02,FTW-0015,CH-NE-01,52,0,14,40,False
INV-0006847,2024-09-02,FTW-0015,CH-MW-01,114,0,3,40,False
INV-0006848,2024-09-02,FTW-0015,CH-WE-01,99,0,10,40,False
INV-0006849,2024-09-02,FTW-0015,CH-ON-01,63,0,10,40,False
INV-0006850,2024-09-02,FTW-0015,CH-WS-01,43,0,2,40,False
INV-0006851,2024-09-02,ACC-0017,CH-NE-01,37,0,7,31,False
INV-0006852,2024-09-02,ACC-0017,CH-MW-01,51,0,14,31,False
INV-0006853,2024-09-02,ACC-0017,CH-WE-01,62,0,16,31,False
INV-0006854,2024-09-02,ACC-0017,CH-ON-01,69,0,12,31,False
INV-0006855,2024-09-02,ACC-0017,CH-WS-01,98,0,2,31,False
INV-0006856,2024-09-02,ACC-0018,CH-NE-01,39,0,9,24,False
INV-0006857,2024-09-02,ACC-0018,CH-MW-01,24,68,8,24,False
INV-0006858,2024-09-02,ACC-0018,CH-WE-01,23,45,8,24,False
INV-0006859,2024-09-02,ACC-0018,CH-ON-01,67,0,11,24,False
INV-0006860,2024-09-02,ACC-0018,CH-WS-01,47,0,0,24,False
INV-0006861,2024-09-02,ACC-0019,CH-NE-01,100,0,8,38,False
INV-0006862,2024-09-02,ACC-0019,CH-MW-01,74,0,12,38,False
INV-0006863,2024-09-02,ACC-0019,CH-WE-01,115,0,12,38,False
INV-0006864,2024-09-02,ACC-0019,CH-ON-01,48,0,11,38,False
INV-0006865,2024-09-02,ACC-0019,CH-WS-01,45,0,6,38,False
INV-0006866,2024-09-02,ACC-0020,CH-NE-01,23,66,17,23,False
INV-0006867,2024-09-02,ACC-0020,CH-MW-01,35,0,9,23,False
INV-0006868,2024-09-02,ACC-0020,CH-WE-01,32,0,10,23,False
INV-0006869,2024-09-02,ACC-0020,CH-ON-01,30,0,16,23,False
INV-0006870,2024-09-02,ACC-0020,CH-WS-01,45,0,0,23,False
INV-0006871,2024-09-02,ACC-0022,CH-NE-01,75,0,11,24,False
INV-0006872,2024-09-02,ACC-0022,CH-MW-01,87,0,10,24,False
INV-0006873,2024-09-02,ACC-0022,CH-WE-01,24,137,17,24,False
INV-0006874,2024-09-02,ACC-0022,CH-ON-01,32,0,14,24,False
INV-0006875,2024-09-02,ACC-0022,CH-WS-01,133,0,0,24,False
INV-0006876,2024-09-02,ACC-0023,CH-NE-01,69,0,22,37,False
INV-0006877,2024-09-02,ACC-0023,CH-MW-01,33,78,7,37,False
INV-0006878,2024-09-02,ACC-0023,CH-WE-01,106,0,9,37,False
INV-0006879,2024-09-02,ACC-0023,CH-ON-01,109,0,12,37,False
INV-0006880,2024-09-02,ACC-0023,CH-WS-01,52,0,0,37,False
INV-0006881,2024-09-02,ACC-0024,CH-NE-01,20,0,4,16,False
INV-0006882,2024-09-02,ACC-0024,CH-MW-01,14,98,10,16,False
INV-0006883,2024-09-02,ACC-0024,CH-WE-01,78,0,6,16,False
INV-0006884,2024-09-02,ACC-0024,CH-ON-01,95,0,9,16,False
INV-0006885,2024-09-02,ACC-0024,CH-WS-01,127,0,6,16,False
INV-0006886,2024-09-02,HOM-0025,CH-NE-01,40,56,15,40,False
INV-0006887,2024-09-02,HOM-0025,CH-MW-01,53,0,5,40,False
INV-0006888,2024-09-02,HOM-0025,CH-WE-01,88,0,9,40,False
INV-0006889,2024-09-02,HOM-0025,CH-ON-01,53,0,31,40,False
INV-0006890,2024-09-02,HOM-0025,CH-WS-01,111,0,0,40,False
INV-0006891,2024-09-02,HOM-0026,CH-NE-01,35,0,14,26,False
INV-0006892,2024-09-02,HOM-0026,CH-MW-01,48,0,2,26,False
INV-0006893,2024-09-02,HOM-0026,CH-WE-01,67,0,7,26,False
INV-0006894,2024-09-02,HOM-0026,CH-ON-01,24,39,12,26,False
INV-0006895,2024-09-02,HOM-0026,CH-WS-01,50,0,6,26,False
INV-0006896,2024-09-02,HOM-0027,CH-NE-01,81,0,16,43,False
INV-0006897,2024-09-02,HOM-0027,CH-MW-01,63,0,6,43,False
INV-0006898,2024-09-02,HOM-0027,CH-WE-01,96,0,2,43,False
INV-0006899,2024-09-02,HOM-0027,CH-ON-01,39,89,11,43,False
INV-0006900,2024-09-02,HOM-0027,CH-WS-01,86,0,1,43,False
INV-0006901,2024-09-02,HOM-0028,CH-NE-01,55,0,6,24,False
INV-0006902,2024-09-02,HOM-0028,CH-MW-01,35,0,13,24,False
INV-0006903,2024-09-02,HOM-0028,CH-WE-01,47,0,15,24,False
INV-0006904,2024-09-02,HOM-0028,CH-ON-01,32,0,13,24,False
INV-0006905,2024-09-02,HOM-0028,CH-WS-01,39,0,0,24,False
INV-0006906,2024-09-02,HOM-0029,CH-NE-01,69,0,13,39,False
INV-0006907,2024-09-02,HOM-0029,CH-MW-01,108,0,2,39,False
INV-0006908,2024-09-02,HOM-0029,CH-WE-01,84,0,9,39,False
INV-0006909,2024-09-02,HOM-0029,CH-ON-01,30,128,10,39,False
INV-0006910,2024-09-02,HOM-0029,CH-WS-01,58,0,7,39,False
INV-0006911,2024-09-02,HOM-0031,CH-NE-01,89,0,4,25,False
INV-0006912,2024-09-02,HOM-0031,CH-MW-01,75,0,2,25,False
INV-0006913,2024-09-02,HOM-0031,CH-WE-01,20,55,14,25,False
INV-0006914,2024-09-02,HOM-0031,CH-ON-01,80,0,15,25,False
INV-0006915,2024-09-02,HOM-0031,CH-WS-01,43,0,1,25,False
INV-0006916,2024-09-02,HOM-0032,CH-NE-01,57,0,10,28,False
INV-0006917,2024-09-02,HOM-0032,CH-MW-01,29,0,5,28,False
INV-0006918,2024-09-02,HOM-0032,CH-WE-01,66,0,4,28,False
INV-0006919,2024-09-02,HOM-0032,CH-ON-01,85,0,5,28,False
INV-0006920,2024-09-02,HOM-0032,CH-WS-01,36,0,2,28,False
INV-0006921,2024-09-09,APP-0001,CH-NE-01,119,0,10,33,False
INV-0006922,2024-09-09,APP-0001,CH-MW-01,130,0,5,33,False
INV-0006923,2024-09-09,APP-0001,CH-WE-01,145,0,10,33,False
INV-0006924,2024-09-09,APP-0001,CH-ON-01,80,0,6,33,False
INV-0006925,2024-09-09,APP-0001,CH-WS-01,113,0,3,33,False
INV-0006926,2024-09-09,APP-0002,CH-NE-01,89,0,4,23,False
INV-0006927,2024-09-09,APP-0002,CH-MW-01,21,107,15,23,False
INV-0006928,2024-09-09,APP-0002,CH-WE-01,121,0,21,23,False
INV-0006929,2024-09-09,APP-0002,CH-ON-01,73,0,12,23,False
INV-0006930,2024-09-09,APP-0002,CH-WS-01,143,0,2,23,False
INV-0006931,2024-09-09,APP-0003,CH-NE-01,22,0,9,15,False
INV-0006932,2024-09-09,APP-0003,CH-MW-01,49,0,8,15,False
INV-0006933,2024-09-09,APP-0003,CH-WE-01,1,59,20,15,False
INV-0006934,2024-09-09,APP-0003,CH-ON-01,68,0,12,15,False
INV-0006935,2024-09-09,APP-0003,CH-WS-01,16,0,0,15,False
INV-0006936,2024-09-09,APP-0004,CH-NE-01,61,0,12,39,False
INV-0006937,2024-09-09,APP-0004,CH-MW-01,76,0,10,39,False
INV-0006938,2024-09-09,APP-0004,CH-WE-01,67,0,17,39,False
INV-0006939,2024-09-09,APP-0004,CH-ON-01,102,0,9,39,False
INV-0006940,2024-09-09,APP-0004,CH-WS-01,49,0,0,39,False
INV-0006941,2024-09-09,APP-0005,CH-NE-01,96,0,16,36,False
INV-0006942,2024-09-09,APP-0005,CH-MW-01,86,0,11,36,False
INV-0006943,2024-09-09,APP-0005,CH-WE-01,148,0,11,36,False
INV-0006944,2024-09-09,APP-0005,CH-ON-01,62,0,30,36,False
INV-0006945,2024-09-09,APP-0005,CH-WS-01,53,0,3,36,False
INV-0006946,2024-09-09,APP-0006,CH-NE-01,39,0,9,38,False
INV-0006947,2024-09-09,APP-0006,CH-MW-01,60,0,14,38,False
INV-0006948,2024-09-09,APP-0006,CH-WE-01,49,0,11,38,False
INV-0006949,2024-09-09,APP-0006,CH-ON-01,54,0,5,38,False
INV-0006950,2024-09-09,APP-0006,CH-WS-01,72,0,5,38,False
INV-0006951,2024-09-09,APP-0007,CH-NE-01,50,0,4,28,False
INV-0006952,2024-09-09,APP-0007,CH-MW-01,37,0,9,28,False
INV-0006953,2024-09-09,APP-0007,CH-WE-01,63,0,7,28,False
INV-0006954,2024-09-09,APP-0007,CH-ON-01,32,0,12,28,False
INV-0006955,2024-09-09,APP-0007,CH-WS-01,49,0,7,28,False
INV-0006956,2024-09-09,APP-0008,CH-NE-01,127,0,13,17,False
INV-0006957,2024-09-09,APP-0008,CH-MW-01,32,0,12,17,False
INV-0006958,2024-09-09,APP-0008,CH-WE-01,69,0,3,17,False
INV-0006959,2024-09-09,APP-0008,CH-ON-01,59,0,14,17,False
INV-0006960,2024-09-09,APP-0008,CH-WS-01,24,0,5,17,False
INV-0006961,2024-09-09,APP-0009,CH-NE-01,23,0,3,21,False
INV-0006962,2024-09-09,APP-0009,CH-MW-01,61,0,2,21,False
INV-0006963,2024-09-09,APP-0009,CH-WE-01,56,0,9,21,False
INV-0006964,2024-09-09,APP-0009,CH-ON-01,8,55,16,21,False
INV-0006965,2024-09-09,APP-0009,CH-WS-01,49,0,2,21,False
INV-0006966,2024-09-09,APP-0010,CH-NE-01,82,0,13,34,False
INV-0006967,2024-09-09,APP-0010,CH-MW-01,64,0,8,34,False
INV-0006968,2024-09-09,APP-0010,CH-WE-01,56,0,1,34,False
INV-0006969,2024-09-09,APP-0010,CH-ON-01,69,0,32,34,False
INV-0006970,2024-09-09,APP-0010,CH-WS-01,88,0,0,34,False
INV-0006971,2024-09-09,APP-0011,CH-NE-01,91,0,8,44,False
INV-0006972,2024-09-09,APP-0011,CH-MW-01,155,0,3,44,False
INV-0006973,2024-09-09,APP-0011,CH-WE-01,103,0,5,44,False
INV-0006974,2024-09-09,APP-0011,CH-ON-01,92,0,13,44,False
INV-0006975,2024-09-09,APP-0011,CH-WS-01,85,0,0,44,False
INV-0006976,2024-09-09,FTW-0012,CH-NE-01,35,52,12,42,False
INV-0006977,2024-09-09,FTW-0012,CH-MW-01,62,0,2,42,False
INV-0006978,2024-09-09,FTW-0012,CH-WE-01,43,0,10,42,False
INV-0006979,2024-09-09,FTW-0012,CH-ON-01,87,0,10,42,False
INV-0006980,2024-09-09,FTW-0012,CH-WS-01,50,0,0,42,False
INV-0006981,2024-09-09,FTW-0013,CH-NE-01,52,0,7,29,False
INV-0006982,2024-09-09,FTW-0013,CH-MW-01,31,0,12,29,False
INV-0006983,2024-09-09,FTW-0013,CH-WE-01,56,0,6,29,False
INV-0006984,2024-09-09,FTW-0013,CH-ON-01,32,0,5,29,False
INV-0006985,2024-09-09,FTW-0013,CH-WS-01,31,0,6,29,False
INV-0006986,2024-09-09,FTW-0014,CH-NE-01,74,0,6,27,False
INV-0006987,2024-09-09,FTW-0014,CH-MW-01,65,0,11,27,False
INV-0006988,2024-09-09,FTW-0014,CH-WE-01,24,128,5,27,False
INV-0006989,2024-09-09,FTW-0014,CH-ON-01,60,0,8,27,False
INV-0006990,2024-09-09,FTW-0014,CH-WS-01,52,0,1,27,False
INV-0006991,2024-09-09,FTW-0015,CH-NE-01,37,43,15,40,False
INV-0006992,2024-09-09,FTW-0015,CH-MW-01,107,0,7,40,False
INV-0006993,2024-09-09,FTW-0015,CH-WE-01,85,0,14,40,False
INV-0006994,2024-09-09,FTW-0015,CH-ON-01,51,0,12,40,False
INV-0006995,2024-09-09,FTW-0015,CH-WS-01,42,0,1,40,False
INV-0006996,2024-09-09,ACC-0017,CH-NE-01,31,96,6,31,False
INV-0006997,2024-09-09,ACC-0017,CH-MW-01,50,0,1,31,False
INV-0006998,2024-09-09,ACC-0017,CH-WE-01,62,0,0,31,False
INV-0006999,2024-09-09,ACC-0017,CH-ON-01,54,0,15,31,False
INV-0007000,2024-09-09,ACC-0017,CH-WS-01,96,0,2,31,False
INV-0007001,2024-09-09,ACC-0018,CH-NE-01,30,0,9,24,False
INV-0007002,2024-09-09,ACC-0018,CH-MW-01,85,0,7,24,False
INV-0007003,2024-09-09,ACC-0018,CH-WE-01,59,0,9,24,False
INV-0007004,2024-09-09,ACC-0018,CH-ON-01,54,0,13,24,False
INV-0007005,2024-09-09,ACC-0018,CH-WS-01,47,0,0,24,False
INV-0007006,2024-09-09,ACC-0019,CH-NE-01,92,0,8,38,False
INV-0007007,2024-09-09,ACC-0019,CH-MW-01,72,0,2,38,False
INV-0007008,2024-09-09,ACC-0019,CH-WE-01,109,0,6,38,False
INV-0007009,2024-09-09,ACC-0019,CH-ON-01,36,90,12,38,False
INV-0007010,2024-09-09,ACC-0019,CH-WS-01,44,0,1,38,False
INV-0007011,2024-09-09,ACC-0020,CH-NE-01,79,0,10,23,False
INV-0007012,2024-09-09,ACC-0020,CH-MW-01,29,0,6,23,False
INV-0007013,2024-09-09,ACC-0020,CH-WE-01,27,0,5,23,False
INV-0007014,2024-09-09,ACC-0020,CH-ON-01,26,0,4,23,False
INV-0007015,2024-09-09,ACC-0020,CH-WS-01,40,0,5,23,False
INV-0007016,2024-09-09,ACC-0022,CH-NE-01,68,0,7,24,False
INV-0007017,2024-09-09,ACC-0022,CH-MW-01,85,0,2,24,False
INV-0007018,2024-09-09,ACC-0022,CH-WE-01,152,0,9,24,False
INV-0007019,2024-09-09,ACC-0022,CH-ON-01,18,109,14,24,False
INV-0007020,2024-09-09,ACC-0022,CH-WS-01,126,0,7,24,False
INV-0007021,2024-09-09,ACC-0023,CH-NE-01,65,0,4,37,False
INV-0007022,2024-09-09,ACC-0023,CH-MW-01,102,0,9,37,False
INV-0007023,2024-09-09,ACC-0023,CH-WE-01,96,0,10,37,False
INV-0007024,2024-09-09,ACC-0023,CH-ON-01,90,0,19,37,False
INV-0007025,2024-09-09,ACC-0023,CH-WS-01,50,0,2,37,False
INV-0007026,2024-09-09,ACC-0024,CH-NE-01,2,112,18,16,False
INV-0007027,2024-09-09,ACC-0024,CH-MW-01,104,0,8,16,False
INV-0007028,2024-09-09,ACC-0024,CH-WE-01,75,0,3,16,False
INV-0007029,2024-09-09,ACC-0024,CH-ON-01,93,0,2,16,False
INV-0007030,2024-09-09,ACC-0024,CH-WS-01,127,0,0,16,False
INV-0007031,2024-09-09,HOM-0025,CH-NE-01,80,0,16,40,False
INV-0007032,2024-09-09,HOM-0025,CH-MW-01,49,0,4,40,False
INV-0007033,2024-09-09,HOM-0025,CH-WE-01,81,0,7,40,False
INV-0007034,2024-09-09,HOM-0025,CH-ON-01,40,92,13,40,False
INV-0007035,2024-09-09,HOM-0025,CH-WS-01,95,0,16,40,False
INV-0007036,2024-09-09,HOM-0026,CH-NE-01,25,41,10,26,False
INV-0007037,2024-09-09,HOM-0026,CH-MW-01,41,0,7,26,False
INV-0007038,2024-09-09,HOM-0026,CH-WE-01,62,0,5,26,False
INV-0007039,2024-09-09,HOM-0026,CH-ON-01,44,0,19,26,False
INV-0007040,2024-09-09,HOM-0026,CH-WS-01,46,0,4,26,False
INV-0007041,2024-09-09,HOM-0027,CH-NE-01,70,0,11,43,False
INV-0007042,2024-09-09,HOM-0027,CH-MW-01,53,0,10,43,False
INV-0007043,2024-09-09,HOM-0027,CH-WE-01,83,0,13,43,False
INV-0007044,2024-09-09,HOM-0027,CH-ON-01,114,0,14,43,False
INV-0007045,2024-09-09,HOM-0027,CH-WS-01,86,0,0,43,False
INV-0007046,2024-09-09,HOM-0028,CH-NE-01,49,0,6,24,False
INV-0007047,2024-09-09,HOM-0028,CH-MW-01,21,47,14,24,False
INV-0007048,2024-09-09,HOM-0028,CH-WE-01,42,0,5,24,False
INV-0007049,2024-09-09,HOM-0028,CH-ON-01,15,46,17,24,False
INV-0007050,2024-09-09,HOM-0028,CH-WS-01,33,0,6,24,False
INV-0007051,2024-09-09,HOM-0029,CH-NE-01,58,0,11,39,False
INV-0007052,2024-09-09,HOM-0029,CH-MW-01,104,0,4,39,False
INV-0007053,2024-09-09,HOM-0029,CH-WE-01,79,0,5,39,False
INV-0007054,2024-09-09,HOM-0029,CH-ON-01,134,0,24,39,False
INV-0007055,2024-09-09,HOM-0029,CH-WS-01,56,0,2,39,False
INV-0007056,2024-09-09,HOM-0031,CH-NE-01,78,0,11,25,False
INV-0007057,2024-09-09,HOM-0031,CH-MW-01,69,0,6,25,False
INV-0007058,2024-09-09,HOM-0031,CH-WE-01,72,0,3,25,False
INV-0007059,2024-09-09,HOM-0031,CH-ON-01,71,0,9,25,False
INV-0007060,2024-09-09,HOM-0031,CH-WS-01,43,0,0,25,False
INV-0007061,2024-09-09,HOM-0032,CH-NE-01,47,0,10,28,False
INV-0007062,2024-09-09,HOM-0032,CH-MW-01,19,52,10,28,False
INV-0007063,2024-09-09,HOM-0032,CH-WE-01,53,0,13,28,False
INV-0007064,2024-09-09,HOM-0032,CH-ON-01,79,0,6,28,False
INV-0007065,2024-09-09,HOM-0032,CH-WS-01,30,0,6,28,False
INV-0007066,2024-09-16,APP-0001,CH-NE-01,102,0,17,33,False
INV-0007067,2024-09-16,APP-0001,CH-MW-01,126,0,4,33,False
INV-0007068,2024-09-16,APP-0001,CH-WE-01,130,0,15,33,False
INV-0007069,2024-09-16,APP-0001,CH-ON-01,71,0,9,33,False
INV-0007070,2024-09-16,APP-0001,CH-WS-01,113,0,0,33,False
INV-0007071,2024-09-16,APP-0002,CH-NE-01,69,0,20,23,False
INV-0007072,2024-09-16,APP-0002,CH-MW-01,126,0,2,23,False
INV-0007073,2024-09-16,APP-0002,CH-WE-01,118,0,3,23,False
INV-0007074,2024-09-16,APP-0002,CH-ON-01,50,0,23,23,False
INV-0007075,2024-09-16,APP-0002,CH-WS-01,143,0,0,23,False
INV-0007076,2024-09-16,APP-0003,CH-NE-01,17,0,5,15,False
INV-0007077,2024-09-16,APP-0003,CH-MW-01,47,0,2,15,False
INV-0007078,2024-09-16,APP-0003,CH-WE-01,42,0,18,15,False
INV-0007079,2024-09-16,APP-0003,CH-ON-01,51,0,17,15,False
INV-0007080,2024-09-16,APP-0003,CH-WS-01,16,0,0,15,False
INV-0007081,2024-09-16,APP-0004,CH-NE-01,52,0,9,39,False
INV-0007082,2024-09-16,APP-0004,CH-MW-01,67,0,9,39,False
INV-0007083,2024-09-16,APP-0004,CH-WE-01,50,0,17,39,False
INV-0007084,2024-09-16,APP-0004,CH-ON-01,87,0,15,39,False
INV-0007085,2024-09-16,APP-0004,CH-WS-01,49,0,0,39,False
INV-0007086,2024-09-16,APP-0005,CH-NE-01,92,0,4,36,False
INV-0007087,2024-09-16,APP-0005,CH-MW-01,85,0,1,36,False
INV-0007088,2024-09-16,APP-0005,CH-WE-01,132,0,16,36,False
INV-0007089,2024-09-16,APP-0005,CH-ON-01,52,0,10,36,False
INV-0007090,2024-09-16,APP-0005,CH-WS-01,48,0,5,36,False
INV-0007091,2024-09-16,APP-0006,CH-NE-01,27,54,12,38,False
INV-0007092,2024-09-16,APP-0006,CH-MW-01,50,0,10,38,False
INV-0007093,2024-09-16,APP-0006,CH-WE-01,40,0,9,38,False
INV-0007094,2024-09-16,APP-0006,CH-ON-01,40,0,14,38,False
INV-0007095,2024-09-16,APP-0006,CH-WS-01,69,0,3,38,False
INV-0007096,2024-09-16,APP-0007,CH-NE-01,33,0,17,28,False
INV-0007097,2024-09-16,APP-0007,CH-MW-01,29,0,8,28,False
INV-0007098,2024-09-16,APP-0007,CH-WE-01,57,0,6,28,False
INV-0007099,2024-09-16,APP-0007,CH-ON-01,7,85,25,28,False
INV-0007100,2024-09-16,APP-0007,CH-WS-01,48,0,1,28,False
INV-0007101,2024-09-16,APP-0008,CH-NE-01,124,0,3,17,False
INV-0007102,2024-09-16,APP-0008,CH-MW-01,29,0,3,17,False
INV-0007103,2024-09-16,APP-0008,CH-WE-01,61,0,8,17,False
INV-0007104,2024-09-16,APP-0008,CH-ON-01,52,0,7,17,False
INV-0007105,2024-09-16,APP-0008,CH-WS-01,24,0,0,17,False
INV-0007106,2024-09-16,APP-0009,CH-NE-01,9,58,14,21,False
INV-0007107,2024-09-16,APP-0009,CH-MW-01,50,0,11,21,False
INV-0007108,2024-09-16,APP-0009,CH-WE-01,52,0,4,21,False
INV-0007109,2024-09-16,APP-0009,CH-ON-01,55,0,8,21,False
INV-0007110,2024-09-16,APP-0009,CH-WS-01,44,0,5,21,False
INV-0007111,2024-09-16,APP-0010,CH-NE-01,77,0,5,34,False
INV-0007112,2024-09-16,APP-0010,CH-MW-01,54,0,10,34,False
INV-0007113,2024-09-16,APP-0010,CH-WE-01,52,0,4,34,False
INV-0007114,2024-09-16,APP-0010,CH-ON-01,51,0,18,34,False
INV-0007115,2024-09-16,APP-0010,CH-WS-01,79,0,9,34,False
INV-0007116,2024-09-16,APP-0011,CH-NE-01,87,0,4,44,False
INV-0007117,2024-09-16,APP-0011,CH-MW-01,144,0,11,44,False
INV-0007118,2024-09-16,APP-0011,CH-WE-01,98,0,5,44,False
INV-0007119,2024-09-16,APP-0011,CH-ON-01,82,0,10,44,False
INV-0007120,2024-09-16,APP-0011,CH-WS-01,78,0,7,44,False
INV-0007121,2024-09-16,FTW-0012,CH-NE-01,79,0,8,42,False
INV-0007122,2024-09-16,FTW-0012,CH-MW-01,59,0,3,42,False
INV-0007123,2024-09-16,FTW-0012,CH-WE-01,29,49,14,42,False
INV-0007124,2024-09-16,FTW-0012,CH-ON-01,69,0,18,42,False
INV-0007125,2024-09-16,FTW-0012,CH-WS-01,50,0,0,42,False
INV-0007126,2024-09-16,FTW-0013,CH-NE-01,44,0,8,29,False
INV-0007127,2024-09-16,FTW-0013,CH-MW-01,23,60,8,29,False
INV-0007128,2024-09-16,FTW-0013,CH-WE-01,31,0,25,29,False
INV-0007129,2024-09-16,FTW-0013,CH-ON-01,22,39,10,29,False
INV-0007130,2024-09-16,FTW-0013,CH-WS-01,30,0,1,29,False
INV-0007131,2024-09-16,FTW-0014,CH-NE-01,69,0,5,27,False
INV-0007132,2024-09-16,FTW-0014,CH-MW-01,48,0,17,27,False
INV-0007133,2024-09-16,FTW-0014,CH-WE-01,141,0,11,27,False
INV-0007134,2024-09-16,FTW-0014,CH-ON-01,49,0,11,27,False
INV-0007135,2024-09-16,FTW-0014,CH-WS-01,50,0,2,27,False
INV-0007136,2024-09-16,FTW-0015,CH-NE-01,73,0,7,40,False
INV-0007137,2024-09-16,FTW-0015,CH-MW-01,98,0,9,40,False
INV-0007138,2024-09-16,FTW-0015,CH-WE-01,69,0,16,40,False
INV-0007139,2024-09-16,FTW-0015,CH-ON-01,40,57,11,40,False
INV-0007140,2024-09-16,FTW-0015,CH-WS-01,42,0,0,40,False
INV-0007141,2024-09-16,FTW-0016,CH-NE-01,117,0,9,36,False
INV-0007142,2024-09-16,FTW-0016,CH-MW-01,115,0,11,36,False
INV-0007143,2024-09-16,FTW-0016,CH-WE-01,116,0,10,36,False
INV-0007144,2024-09-16,FTW-0016,CH-ON-01,117,0,9,36,False
INV-0007145,2024-09-16,FTW-0016,CH-WS-01,121,0,5,36,False
INV-0007146,2024-09-16,ACC-0017,CH-NE-01,115,0,12,31,False
INV-0007147,2024-09-16,ACC-0017,CH-MW-01,43,0,7,31,False
INV-0007148,2024-09-16,ACC-0017,CH-WE-01,57,0,5,31,False
INV-0007149,2024-09-16,ACC-0017,CH-ON-01,36,0,18,31,False
INV-0007150,2024-09-16,ACC-0017,CH-WS-01,96,0,0,31,False
INV-0007151,2024-09-16,ACC-0018,CH-NE-01,24,58,6,24,False
INV-0007152,2024-09-16,ACC-0018,CH-MW-01,82,0,3,24,False
INV-0007153,2024-09-16,ACC-0018,CH-WE-01,44,0,15,24,False
INV-0007154,2024-09-16,ACC-0018,CH-ON-01,34,0,20,24,False
INV-0007155,2024-09-16,ACC-0018,CH-WS-01,45,0,2,24,False
INV-0007156,2024-09-16,ACC-0019,CH-NE-01,84,0,8,38,False
INV-0007157,2024-09-16,ACC-0019,CH-MW-01,67,0,5,38,False
INV-0007158,2024-09-16,ACC-0019,CH-WE-01,90,0,19,38,False
INV-0007159,2024-09-16,ACC-0019,CH-ON-01,111,0,15,38,False
INV-0007160,2024-09-16,ACC-0019,CH-WS-01,44,0,0,38,False
INV-0007161,2024-09-16,ACC-0020,CH-NE-01,77,0,2,23,False
INV-0007162,2024-09-16,ACC-0020,CH-MW-01,22,40,7,23,False
INV-0007163,2024-09-16,ACC-0020,CH-WE-01,21,59,6,23,False
INV-0007164,2024-09-16,ACC-0020,CH-ON-01,18,35,8,23,False
INV-0007165,2024-09-16,ACC-0020,CH-WS-01,39,0,1,23,False
INV-0007166,2024-09-16,ACC-0022,CH-NE-01,57,0,11,24,False
INV-0007167,2024-09-16,ACC-0022,CH-MW-01,75,0,10,24,False
INV-0007168,2024-09-16,ACC-0022,CH-WE-01,145,0,7,24,False
INV-0007169,2024-09-16,ACC-0022,CH-ON-01,120,0,7,24,False
INV-0007170,2024-09-16,ACC-0022,CH-WS-01,125,0,1,24,False
INV-0007171,2024-09-16,ACC-0023,CH-NE-01,60,0,5,37,False
INV-0007172,2024-09-16,ACC-0023,CH-MW-01,96,0,6,37,False
INV-0007173,2024-09-16,ACC-0023,CH-WE-01,90,0,6,37,False
INV-0007174,2024-09-16,ACC-0023,CH-ON-01,84,0,6,37,False
INV-0007175,2024-09-16,ACC-0023,CH-WS-01,48,0,2,37,False
INV-0007176,2024-09-16,ACC-0024,CH-NE-01,97,0,17,16,False
INV-0007177,2024-09-16,ACC-0024,CH-MW-01,96,0,8,16,False
INV-0007178,2024-09-16,ACC-0024,CH-WE-01,63,0,12,16,False
INV-0007179,2024-09-16,ACC-0024,CH-ON-01,91,0,2,16,False
INV-0007180,2024-09-16,ACC-0024,CH-WS-01,127,0,0,16,False
INV-0007181,2024-09-16,HOM-0025,CH-NE-01,75,0,5,40,False
INV-0007182,2024-09-16,HOM-0025,CH-MW-01,40,69,9,40,False
INV-0007183,2024-09-16,HOM-0025,CH-WE-01,67,0,14,40,False
INV-0007184,2024-09-16,HOM-0025,CH-ON-01,115,0,17,40,False
INV-0007185,2024-09-16,HOM-0025,CH-WS-01,88,0,7,40,False
INV-0007186,2024-09-16,HOM-0026,CH-NE-01,58,0,8,26,False
INV-0007187,2024-09-16,HOM-0026,CH-MW-01,39,0,2,26,False
INV-0007188,2024-09-16,HOM-0026,CH-WE-01,61,0,1,26,False
INV-0007189,2024-09-16,HOM-0026,CH-ON-01,18,62,26,26,False
INV-0007190,2024-09-16,HOM-0026,CH-WS-01,45,0,1,26,False
INV-0007191,2024-09-16,HOM-0027,CH-NE-01,69,0,1,43,False
INV-0007192,2024-09-16,HOM-0027,CH-MW-01,52,0,1,43,False
INV-0007193,2024-09-16,HOM-0027,CH-WE-01,68,0,15,43,False
INV-0007194,2024-09-16,HOM-0027,CH-ON-01,94,0,20,43,False
INV-0007195,2024-09-16,HOM-0027,CH-WS-01,76,0,10,43,False
INV-0007196,2024-09-16,HOM-0028,CH-NE-01,39,0,10,24,False
INV-0007197,2024-09-16,HOM-0028,CH-MW-01,61,0,7,24,False
INV-0007198,2024-09-16,HOM-0028,CH-WE-01,40,0,2,24,False
INV-0007199,2024-09-16,HOM-0028,CH-ON-01,45,0,16,24,False
INV-0007200,2024-09-16,HOM-0028,CH-WS-01,33,0,0,24,False
INV-0007201,2024-09-16,HOM-0029,CH-NE-01,42,0,16,39,False
INV-0007202,2024-09-16,HOM-0029,CH-MW-01,94,0,10,39,False
INV-0007203,2024-09-16,HOM-0029,CH-WE-01,76,0,3,39,False
INV-0007204,2024-09-16,HOM-0029,CH-ON-01,117,0,17,39,False
INV-0007205,2024-09-16,HOM-0029,CH-WS-01,54,0,2,39,False
INV-0007206,2024-09-16,HOM-0031,CH-NE-01,74,0,4,25,False
INV-0007207,2024-09-16,HOM-0031,CH-MW-01,63,0,6,25,False
INV-0007208,2024-09-16,HOM-0031,CH-WE-01,69,0,3,25,False
INV-0007209,2024-09-16,HOM-0031,CH-ON-01,53,0,18,25,False
INV-0007210,2024-09-16,HOM-0031,CH-WS-01,43,0,0,25,False
INV-0007211,2024-09-16,HOM-0032,CH-NE-01,41,0,6,28,False
INV-0007212,2024-09-16,HOM-0032,CH-MW-01,57,0,14,28,False
INV-0007213,2024-09-16,HOM-0032,CH-WE-01,41,0,12,28,False
INV-0007214,2024-09-16,HOM-0032,CH-ON-01,68,0,11,28,False
INV-0007215,2024-09-16,HOM-0032,CH-WS-01,25,66,5,28,False
INV-0007216,2024-09-23,APP-0001,CH-NE-01,99,0,3,33,False
INV-0007217,2024-09-23,APP-0001,CH-MW-01,118,0,8,33,False
INV-0007218,2024-09-23,APP-0001,CH-WE-01,114,0,16,33,False
INV-0007219,2024-09-23,APP-0001,CH-ON-01,54,0,17,33,False
INV-0007220,2024-09-23,APP-0001,CH-WS-01,113,0,0,33,False
INV-0007221,2024-09-23,APP-0002,CH-NE-01,66,0,3,23,False
INV-0007222,2024-09-23,APP-0002,CH-MW-01,123,0,3,23,False
INV-0007223,2024-09-23,APP-0002,CH-WE-01,115,0,3,23,False
INV-0007224,2024-09-23,APP-0002,CH-ON-01,46,0,4,23,False
INV-0007225,2024-09-23,APP-0002,CH-WS-01,140,0,3,23,False
INV-0007226,2024-09-23,APP-0003,CH-NE-01,11,50,6,15,False
INV-0007227,2024-09-23,APP-0003,CH-MW-01,39,0,8,15,False
INV-0007228,2024-09-23,APP-0003,CH-WE-01,29,0,13,15,False
INV-0007229,2024-09-23,APP-0003,CH-ON-01,43,0,8,15,False
INV-0007230,2024-09-23,APP-0003,CH-WS-01,13,54,3,15,False
INV-0007231,2024-09-23,APP-0004,CH-NE-01,52,0,0,39,False
INV-0007232,2024-09-23,APP-0004,CH-MW-01,62,0,5,39,False
INV-0007233,2024-09-23,APP-0004,CH-WE-01,44,0,6,39,False
INV-0007234,2024-09-23,APP-0004,CH-ON-01,67,0,20,39,False
INV-0007235,2024-09-23,APP-0004,CH-WS-01,46,0,3,39,False
INV-0007236,2024-09-23,APP-0005,CH-NE-01,87,0,5,36,False
INV-0007237,2024-09-23,APP-0005,CH-MW-01,82,0,3,36,False
INV-0007238,2024-09-23,APP-0005,CH-WE-01,128,0,4,36,False
INV-0007239,2024-09-23,APP-0005,CH-ON-01,43,0,9,36,False
INV-0007240,2024-09-23,APP-0005,CH-WS-01,43,0,5,36,False
INV-0007241,2024-09-23,APP-0006,CH-NE-01,78,0,3,38,False
INV-0007242,2024-09-23,APP-0006,CH-MW-01,45,0,5,38,False
INV-0007243,2024-09-23,APP-0006,CH-WE-01,27,50,13,38,False
INV-0007244,2024-09-23,APP-0006,CH-ON-01,29,55,11,38,False
INV-0007245,2024-09-23,APP-0006,CH-WS-01,68,0,1,38,False
INV-0007246,2024-09-23,APP-0007,CH-NE-01,17,51,16,28,False
INV-0007247,2024-09-23,APP-0007,CH-MW-01,22,62,7,28,False
INV-0007248,2024-09-23,APP-0007,CH-WE-01,44,0,13,28,False
INV-0007249,2024-09-23,APP-0007,CH-ON-01,86,0,6,28,False
INV-0007250,2024-09-23,APP-0007,CH-WS-01,45,0,3,28,False
INV-0007251,2024-09-23,APP-0008,CH-NE-01,111,0,13,17,False
INV-0007252,2024-09-23,APP-0008,CH-MW-01,28,0,1,17,False
INV-0007253,2024-09-23,APP-0008,CH-WE-01,47,0,14,17,False
INV-0007254,2024-09-23,APP-0008,CH-ON-01,39,0,13,17,False
INV-0007255,2024-09-23,APP-0008,CH-WS-01,19,0,5,17,False
INV-0007256,2024-09-23,APP-0009,CH-NE-01,51,0,16,21,False
INV-0007257,2024-09-23,APP-0009,CH-MW-01,50,0,0,21,False
INV-0007258,2024-09-23,APP-0009,CH-WE-01,50,0,2,21,False
INV-0007259,2024-09-23,APP-0009,CH-ON-01,42,0,13,21,False
INV-0007260,2024-09-23,APP-0009,CH-WS-01,43,0,1,21,False
INV-0007261,2024-09-23,APP-0010,CH-NE-01,71,0,6,34,False
INV-0007262,2024-09-23,APP-0010,CH-MW-01,52,0,2,34,False
INV-0007263,2024-09-23,APP-0010,CH-WE-01,33,57,19,34,False
INV-0007264,2024-09-23,APP-0010,CH-ON-01,35,0,16,34,False
INV-0007265,2024-09-23,APP-0010,CH-WS-01,78,0,1,34,False
INV-0007266,2024-09-23,APP-0011,CH-NE-01,84,0,3,44,False
INV-0007267,2024-09-23,APP-0011,CH-MW-01,132,0,12,44,False
INV-0007268,2024-09-23,APP-0011,CH-WE-01,94,0,4,44,False
INV-0007269,2024-09-23,APP-0011,CH-ON-01,75,0,7,44,False
INV-0007270,2024-09-23,APP-0011,CH-WS-01,77,0,1,44,False
INV-0007271,2024-09-23,FTW-0012,CH-NE-01,65,0,14,42,False
INV-0007272,2024-09-23,FTW-0012,CH-MW-01,37,56,22,42,False
INV-0007273,2024-09-23,FTW-0012,CH-WE-01,65,0,13,42,False
INV-0007274,2024-09-23,FTW-0012,CH-ON-01,56,0,13,42,False
INV-0007275,2024-09-23,FTW-0012,CH-WS-01,45,0,5,42,False
INV-0007276,2024-09-23,FTW-0013,CH-NE-01,39,0,5,29,False
INV-0007277,2024-09-23,FTW-0013,CH-MW-01,74,0,9,29,False
INV-0007278,2024-09-23,FTW-0013,CH-WE-01,19,44,12,29,False
INV-0007279,2024-09-23,FTW-0013,CH-ON-01,50,0,11,29,False
INV-0007280,2024-09-23,FTW-0013,CH-WS-01,28,45,2,29,False
INV-0007281,2024-09-23,FTW-0014,CH-NE-01,68,0,1,27,False
INV-0007282,2024-09-23,FTW-0014,CH-MW-01,36,0,12,27,False
INV-0007283,2024-09-23,FTW-0014,CH-WE-01,129,0,12,27,False
INV-0007284,2024-09-23,FTW-0014,CH-ON-01,30,0,19,27,False
INV-0007285,2024-09-23,FTW-0014,CH-WS-01,49,0,1,27,False
INV-0007286,2024-09-23,FTW-0015,CH-NE-01,55,0,18,40,False
INV-0007287,2024-09-23,FTW-0015,CH-MW-01,87,0,11,40,False
INV-0007288,2024-09-23,FTW-0015,CH-WE-01,61,0,8,40,False
INV-0007289,2024-09-23,FTW-0015,CH-ON-01,97,0,0,40,False
INV-0007290,2024-09-23,FTW-0015,CH-WS-01,38,55,4,40,False
INV-0007291,2024-09-23,FTW-0016,CH-NE-01,110,0,7,36,False
INV-0007292,2024-09-23,FTW-0016,CH-MW-01,110,0,5,36,False
INV-0007293,2024-09-23,FTW-0016,CH-WE-01,111,0,5,36,False
INV-0007294,2024-09-23,FTW-0016,CH-ON-01,110,0,7,36,False
INV-0007295,2024-09-23,FTW-0016,CH-WS-01,121,0,0,36,False
INV-0007296,2024-09-23,ACC-0017,CH-NE-01,115,0,0,31,False
INV-0007297,2024-09-23,ACC-0017,CH-MW-01,39,0,4,31,False
INV-0007298,2024-09-23,ACC-0017,CH-WE-01,50,0,7,31,False
INV-0007299,2024-09-23,ACC-0017,CH-ON-01,34,0,2,31,False
INV-0007300,2024-09-23,ACC-0017,CH-WS-01,96,0,0,31,False
INV-0007301,2024-09-23,ACC-0018,CH-NE-01,66,0,16,24,False
INV-0007302,2024-09-23,ACC-0018,CH-MW-01,73,0,9,24,False
INV-0007303,2024-09-23,ACC-0018,CH-WE-01,33,0,11,24,False
INV-0007304,2024-09-23,ACC-0018,CH-ON-01,17,47,17,24,False
INV-0007305,2024-09-23,ACC-0018,CH-WS-01,45,0,0,24,False
INV-0007306,2024-09-23,ACC-0019,CH-NE-01,77,0,7,38,False
INV-0007307,2024-09-23,ACC-0019,CH-MW-01,55,0,12,38,False
INV-0007308,2024-09-23,ACC-0019,CH-WE-01,79,0,11,38,False
INV-0007309,2024-09-23,ACC-0019,CH-ON-01,101,0,10,38,False
INV-0007310,2024-09-23,ACC-0019,CH-WS-01,44,0,0,38,False
INV-0007311,2024-09-23,ACC-0020,CH-NE-01,68,0,9,23,False
INV-0007312,2024-09-23,ACC-0020,CH-MW-01,60,0,2,23,False
INV-0007313,2024-09-23,ACC-0020,CH-WE-01,76,0,4,23,False
INV-0007314,2024-09-23,ACC-0020,CH-ON-01,49,0,4,23,False
INV-0007315,2024-09-23,ACC-0020,CH-WS-01,35,0,4,23,False
INV-0007316,2024-09-23,ACC-0022,CH-NE-01,50,0,7,24,False
INV-0007317,2024-09-23,ACC-0022,CH-MW-01,60,0,15,24,False
INV-0007318,2024-09-23,ACC-0022,CH-WE-01,126,0,19,24,False
INV-0007319,2024-09-23,ACC-0022,CH-ON-01,101,0,19,24,False
INV-0007320,2024-09-23,ACC-0022,CH-WS-01,125,0,0,24,False
INV-0007321,2024-09-23,ACC-0023,CH-NE-01,56,0,4,37,False
INV-0007322,2024-09-23,ACC-0023,CH-MW-01,88,0,8,37,False
INV-0007323,2024-09-23,ACC-0023,CH-WE-01,80,0,10,37,False
INV-0007324,2024-09-23,ACC-0023,CH-ON-01,76,0,8,37,False
INV-0007325,2024-09-23,ACC-0023,CH-WS-01,45,0,3,37,False
INV-0007326,2024-09-23,ACC-0024,CH-NE-01,86,0,11,16,False
INV-0007327,2024-09-23,ACC-0024,CH-MW-01,90,0,6,16,False
INV-0007328,2024-09-23,ACC-0024,CH-WE-01,54,0,9,16,False
INV-0007329,2024-09-23,ACC-0024,CH-ON-01,70,0,21,16,False
INV-0007330,2024-09-23,ACC-0024,CH-WS-01,125,0,2,16,False
INV-0007331,2024-09-23,HOM-0025,CH-NE-01,62,0,13,40,False
INV-0007332,2024-09-23,HOM-0025,CH-MW-01,105,0,4,40,False
INV-0007333,2024-09-23,HOM-0025,CH-WE-01,43,0,24,40,False
INV-0007334,2024-09-23,HOM-0025,CH-ON-01,109,0,6,40,False
INV-0007335,2024-09-23,HOM-0025,CH-WS-01,82,0,6,40,False
INV-0007336,2024-09-23,HOM-0026,CH-NE-01,53,0,5,26,False
INV-0007337,2024-09-23,HOM-0026,CH-MW-01,36,0,3,26,False
INV-0007338,2024-09-23,HOM-0026,CH-WE-01,43,0,18,26,False
INV-0007339,2024-09-23,HOM-0026,CH-ON-01,65,0,15,26,False
INV-0007340,2024-09-23,HOM-0026,CH-WS-01,45,0,0,26,False
INV-0007341,2024-09-23,HOM-0027,CH-NE-01,55,0,14,43,False
INV-0007342,2024-09-23,HOM-0027,CH-MW-01,48,0,4,43,False
INV-0007343,2024-09-23,HOM-0027,CH-WE-01,59,0,9,43,False
INV-0007344,2024-09-23,HOM-0027,CH-ON-01,79,0,15,43,False
INV-0007345,2024-09-23,HOM-0027,CH-WS-01,63,0,13,43,False
INV-0007346,2024-09-23,HOM-0028,CH-NE-01,31,0,8,24,False
INV-0007347,2024-09-23,HOM-0028,CH-MW-01,56,0,5,24,False
INV-0007348,2024-09-23,HOM-0028,CH-WE-01,30,0,10,24,False
INV-0007349,2024-09-23,HOM-0028,CH-ON-01,36,0,9,24,False
INV-0007350,2024-09-23,HOM-0028,CH-WS-01,33,0,0,24,False
INV-0007351,2024-09-23,HOM-0029,CH-NE-01,39,127,3,39,False
INV-0007352,2024-09-23,HOM-0029,CH-MW-01,90,0,4,39,False
INV-0007353,2024-09-23,HOM-0029,CH-WE-01,71,0,5,39,False
INV-0007354,2024-09-23,HOM-0029,CH-ON-01,103,0,14,39,False
INV-0007355,2024-09-23,HOM-0029,CH-WS-01,53,0,1,39,False
INV-0007356,2024-09-23,HOM-0031,CH-NE-01,67,0,7,25,False
INV-0007357,2024-09-23,HOM-0031,CH-MW-01,53,0,10,25,False
INV-0007358,2024-09-23,HOM-0031,CH-WE-01,53,0,16,25,False
INV-0007359,2024-09-23,HOM-0031,CH-ON-01,32,0,21,25,False
INV-0007360,2024-09-23,HOM-0031,CH-WS-01,43,0,0,25,False
INV-0007361,2024-09-23,HOM-0032,CH-NE-01,30,0,11,28,False
INV-0007362,2024-09-23,HOM-0032,CH-MW-01,50,0,7,28,False
INV-0007363,2024-09-23,HOM-0032,CH-WE-01,32,0,9,28,False
INV-0007364,2024-09-23,HOM-0032,CH-ON-01,43,0,25,28,False
INV-0007365,2024-09-23,HOM-0032,CH-WS-01,89,0,2,28,False
INV-0007366,2024-09-30,APP-0001,CH-NE-01,88,0,11,33,False
INV-0007367,2024-09-30,APP-0001,CH-MW-01,111,0,7,33,False
INV-0007368,2024-09-30,APP-0001,CH-WE-01,105,0,9,33,False
INV-0007369,2024-09-30,APP-0001,CH-ON-01,34,0,20,33,False
INV-0007370,2024-09-30,APP-0001,CH-WS-01,109,0,4,33,False
INV-0007371,2024-09-30,APP-0002,CH-NE-01,59,0,7,23,False
INV-0007372,2024-09-30,APP-0002,CH-MW-01,117,0,6,23,False
INV-0007373,2024-09-30,APP-0002,CH-WE-01,106,0,9,23,False
INV-0007374,2024-09-30,APP-0002,CH-ON-01,32,0,14,23,False
INV-0007375,2024-09-30,APP-0002,CH-WS-01,136,0,4,23,False
INV-0007376,2024-09-30,APP-0003,CH-NE-01,51,0,10,15,False
INV-0007377,2024-09-30,APP-0003,CH-MW-01,30,0,9,15,False
INV-0007378,2024-09-30,APP-0003,CH-WE-01,21,0,8,15,False
INV-0007379,2024-09-30,APP-0003,CH-ON-01,20,0,23,15,False
INV-0007380,2024-09-30,APP-0003,CH-WS-01,67,0,0,15,False
INV-0007381,2024-09-30,APP-0004,CH-NE-01,47,0,5,39,False
INV-0007382,2024-09-30,APP-0004,CH-MW-01,54,0,8,39,False
INV-0007383,2024-09-30,APP-0004,CH-WE-01,25,89,19,39,False
INV-0007384,2024-09-30,APP-0004,CH-ON-01,56,0,11,39,False
INV-0007385,2024-09-30,APP-0004,CH-WS-01,44,0,2,39,False
INV-0007386,2024-09-30,APP-0005,CH-NE-01,81,0,6,36,False
INV-0007387,2024-09-30,APP-0005,CH-MW-01,78,0,4,36,False
INV-0007388,2024-09-30,APP-0005,CH-WE-01,111,0,17,36,False
INV-0007389,2024-09-30,APP-0005,CH-ON-01,33,107,10,36,False
INV-0007390,2024-09-30,APP-0005,CH-WS-01,43,0,0,36,False
INV-0007391,2024-09-30,APP-0006,CH-NE-01,75,0,3,38,False
INV-0007392,2024-09-30,APP-0006,CH-MW-01,37,67,8,38,False
INV-0007393,2024-09-30,APP-0006,CH-WE-01,61,0,16,38,False
INV-0007394,2024-09-30,APP-0006,CH-ON-01,76,0,8,38,False
INV-0007395,2024-09-30,APP-0006,CH-WS-01,66,0,2,38,False
INV-0007396,2024-09-30,APP-0007,CH-NE-01,63,0,5,28,False
INV-0007397,2024-09-30,APP-0007,CH-MW-01,79,0,5,28,False
INV-0007398,2024-09-30,APP-0007,CH-WE-01,40,0,4,28,False
INV-0007399,2024-09-30,APP-0007,CH-ON-01,75,0,11,28,False
INV-0007400,2024-09-30,APP-0007,CH-WS-01,44,0,1,28,False
INV-0007401,2024-09-30,APP-0008,CH-NE-01,104,0,7,17,False
INV-0007402,2024-09-30,APP-0008,CH-MW-01,17,78,11,17,False
INV-0007403,2024-09-30,APP-0008,CH-WE-01,43,0,4,17,False
INV-0007404,2024-09-30,APP-0008,CH-ON-01,18,0,21,17,False
INV-0007405,2024-09-30,APP-0008,CH-WS-01,12,127,7,17,False
INV-0007406,2024-09-30,APP-0009,CH-NE-01,35,0,16,21,False
INV-0007407,2024-09-30,APP-0009,CH-MW-01,45,0,5,21,False
INV-0007408,2024-09-30,APP-0009,CH-WE-01,45,0,5,21,False
INV-0007409,2024-09-30,APP-0009,CH-ON-01,29,0,13,21,False
INV-0007410,2024-09-30,APP-0009,CH-WS-01,43,0,0,21,False
INV-0007411,2024-09-30,APP-0010,CH-NE-01,60,0,11,34,False
INV-0007412,2024-09-30,APP-0010,CH-MW-01,45,0,7,34,False
INV-0007413,2024-09-30,APP-0010,CH-WE-01,87,0,3,34,False
INV-0007414,2024-09-30,APP-0010,CH-ON-01,20,88,15,34,False
INV-0007415,2024-09-30,APP-0010,CH-WS-01,74,0,4,34,False
INV-0007416,2024-09-30,APP-0011,CH-NE-01,73,0,11,44,False
INV-0007417,2024-09-30,APP-0011,CH-MW-01,127,0,5,44,False
INV-0007418,2024-09-30,APP-0011,CH-WE-01,81,0,13,44,False
INV-0007419,2024-09-30,APP-0011,CH-ON-01,60,0,15,44,False
INV-0007420,2024-09-30,APP-0011,CH-WS-01,74,0,3,44,False
INV-0007421,2024-09-30,FTW-0012,CH-NE-01,63,0,2,42,False
INV-0007422,2024-09-30,FTW-0012,CH-MW-01,88,0,5,42,False
INV-0007423,2024-09-30,FTW-0012,CH-WE-01,58,0,7,42,False
INV-0007424,2024-09-30,FTW-0012,CH-ON-01,53,0,3,42,False
INV-0007425,2024-09-30,FTW-0012,CH-WS-01,45,0,0,42,False
INV-0007426,2024-09-30,FTW-0013,CH-NE-01,39,0,0,29,False
INV-0007427,2024-09-30,FTW-0013,CH-MW-01,71,0,3,29,False
INV-0007428,2024-09-30,FTW-0013,CH-WE-01,63,0,0,29,False
INV-0007429,2024-09-30,FTW-0013,CH-ON-01,32,0,18,29,False
INV-0007430,2024-09-30,FTW-0013,CH-WS-01,73,0,0,29,False
INV-0007431,2024-09-30,FTW-0014,CH-NE-01,61,0,7,27,False
INV-0007432,2024-09-30,FTW-0014,CH-MW-01,24,108,12,27,False
INV-0007433,2024-09-30,FTW-0014,CH-WE-01,110,0,19,27,False
INV-0007434,2024-09-30,FTW-0014,CH-ON-01,13,125,17,27,False
INV-0007435,2024-09-30,FTW-0014,CH-WS-01,47,0,2,27,False
INV-0007436,2024-09-30,FTW-0015,CH-NE-01,51,0,4,40,False
INV-0007437,2024-09-30,FTW-0015,CH-MW-01,81,0,6,40,False
INV-0007438,2024-09-30,FTW-0015,CH-WE-01,44,0,17,40,False
INV-0007439,2024-09-30,FTW-0015,CH-ON-01,87,0,10,40,False
INV-0007440,2024-09-30,FTW-0015,CH-WS-01,90,0,3,40,False
INV-0007441,2024-09-30,FTW-0016,CH-NE-01,102,0,8,36,False
INV-0007442,2024-09-30,FTW-0016,CH-MW-01,103,0,7,36,False
INV-0007443,2024-09-30,FTW-0016,CH-WE-01,107,0,4,36,False
INV-0007444,2024-09-30,FTW-0016,CH-ON-01,102,0,8,36,False
INV-0007445,2024-09-30,FTW-0016,CH-WS-01,114,0,7,36,False
INV-0007446,2024-09-30,ACC-0017,CH-NE-01,101,0,14,31,False
INV-0007447,2024-09-30,ACC-0017,CH-MW-01,39,0,0,31,False
INV-0007448,2024-09-30,ACC-0017,CH-WE-01,47,0,3,31,False
INV-0007449,2024-09-30,ACC-0017,CH-ON-01,23,93,11,31,False
INV-0007450,2024-09-30,ACC-0017,CH-WS-01,90,0,6,31,False
INV-0007451,2024-09-30,ACC-0018,CH-NE-01,50,0,16,24,False
INV-0007452,2024-09-30,ACC-0018,CH-MW-01,71,0,2,24,False
INV-0007453,2024-09-30,ACC-0018,CH-WE-01,24,72,9,24,False
INV-0007454,2024-09-30,ACC-0018,CH-ON-01,54,0,10,24,False
INV-0007455,2024-09-30,ACC-0018,CH-WS-01,39,0,6,24,False
INV-0007456,2024-09-30,ACC-0019,CH-NE-01,59,0,18,38,False
INV-0007457,2024-09-30,ACC-0019,CH-MW-01,52,0,3,38,False
INV-0007458,2024-09-30,ACC-0019,CH-WE-01,74,0,5,38,False
INV-0007459,2024-09-30,ACC-0019,CH-ON-01,83,0,18,38,False
INV-0007460,2024-09-30,ACC-0019,CH-WS-01,42,0,2,38,False
INV-0007461,2024-09-30,ACC-0020,CH-NE-01,62,0,6,23,False
INV-0007462,2024-09-30,ACC-0020,CH-MW-01,49,0,11,23,False
INV-0007463,2024-09-30,ACC-0020,CH-WE-01,65,0,11,23,False
INV-0007464,2024-09-30,ACC-0020,CH-ON-01,42,0,7,23,False
INV-0007465,2024-09-30,ACC-0020,CH-WS-01,35,0,0,23,False
INV-0007466,2024-09-30,ACC-0022,CH-NE-01,45,0,5,24,False
INV-0007467,2024-09-30,ACC-0022,CH-MW-01,46,0,14,24,False
INV-0007468,2024-09-30,ACC-0022,CH-WE-01,116,0,10,24,False
INV-0007469,2024-09-30,ACC-0022,CH-ON-01,86,0,15,24,False
INV-0007470,2024-09-30,ACC-0022,CH-WS-01,124,0,1,24,False
INV-0007471,2024-09-30,ACC-0023,CH-NE-01,41,0,15,37,False
INV-0007472,2024-09-30,ACC-0023,CH-MW-01,88,0,0,37,False
INV-0007473,2024-09-30,ACC-0023,CH-WE-01,72,0,8,37,False
INV-0007474,2024-09-30,ACC-0023,CH-ON-01,59,0,17,37,False
INV-0007475,2024-09-30,ACC-0023,CH-WS-01,39,0,6,37,False
INV-0007476,2024-09-30,ACC-0024,CH-NE-01,71,0,15,16,False
INV-0007477,2024-09-30,ACC-0024,CH-MW-01,78,0,12,16,False
INV-0007478,2024-09-30,ACC-0024,CH-WE-01,42,0,12,16,False
INV-0007479,2024-09-30,ACC-0024,CH-ON-01,62,0,8,16,False
INV-0007480,2024-09-30,ACC-0024,CH-WS-01,124,0,1,16,False
INV-0007481,2024-09-30,HOM-0025,CH-NE-01,53,0,9,40,False
INV-0007482,2024-09-30,HOM-0025,CH-MW-01,102,0,3,40,False
INV-0007483,2024-09-30,HOM-0025,CH-WE-01,32,102,11,40,False
INV-0007484,2024-09-30,HOM-0025,CH-ON-01,94,0,15,40,False
INV-0007485,2024-09-30,HOM-0025,CH-WS-01,78,0,4,40,False
INV-0007486,2024-09-30,HOM-0026,CH-NE-01,43,0,10,26,False
INV-0007487,2024-09-30,HOM-0026,CH-MW-01,33,0,3,26,False
INV-0007488,2024-09-30,HOM-0026,CH-WE-01,28,0,15,26,False
INV-0007489,2024-09-30,HOM-0026,CH-ON-01,44,0,21,26,False
INV-0007490,2024-09-30,HOM-0026,CH-WS-01,45,0,0,26,False
INV-0007491,2024-09-30,HOM-0027,CH-NE-01,51,0,4,43,False
INV-0007492,2024-09-30,HOM-0027,CH-MW-01,46,0,2,43,False
INV-0007493,2024-09-30,HOM-0027,CH-WE-01,41,61,18,43,False
INV-0007494,2024-09-30,HOM-0027,CH-ON-01,61,0,18,43,False
INV-0007495,2024-09-30,HOM-0027,CH-WS-01,58,0,5,43,False
INV-0007496,2024-09-30,HOM-0028,CH-NE-01,20,70,11,24,False
INV-0007497,2024-09-30,HOM-0028,CH-MW-01,55,0,1,24,False
INV-0007498,2024-09-30,HOM-0028,CH-WE-01,23,40,7,24,False
INV-0007499,2024-09-30,HOM-0028,CH-ON-01,27,0,9,24,False
INV-0007500,2024-09-30,HOM-0028,CH-WS-01,33,0,0,24,False
INV-0007501,2024-09-30,HOM-0029,CH-NE-01,161,0,5,39,False
INV-0007502,2024-09-30,HOM-0029,CH-MW-01,88,0,2,39,False
INV-0007503,2024-09-30,HOM-0029,CH-WE-01,60,0,11,39,False
INV-0007504,2024-09-30,HOM-0029,CH-ON-01,83,0,20,39,False
INV-0007505,2024-09-30,HOM-0029,CH-WS-01,53,0,0,39,False
INV-0007506,2024-09-30,HOM-0031,CH-NE-01,56,0,11,25,False
INV-0007507,2024-09-30,HOM-0031,CH-MW-01,49,0,4,25,False
INV-0007508,2024-09-30,HOM-0031,CH-WE-01,44,0,9,25,False
INV-0007509,2024-09-30,HOM-0031,CH-ON-01,14,61,18,25,False
INV-0007510,2024-09-30,HOM-0031,CH-WS-01,40,0,3,25,False
INV-0007511,2024-09-30,HOM-0032,CH-NE-01,25,65,5,28,False
INV-0007512,2024-09-30,HOM-0032,CH-MW-01,40,0,10,28,False
INV-0007513,2024-09-30,HOM-0032,CH-WE-01,16,46,16,28,False
INV-0007514,2024-09-30,HOM-0032,CH-ON-01,42,0,1,28,False
INV-0007515,2024-09-30,HOM-0032,CH-WS-01,89,0,0,28,False
INV-0007516,2024-10-07,APP-0001,CH-NE-01,76,0,12,33,False
INV-0007517,2024-10-07,APP-0001,CH-MW-01,98,0,13,33,False
INV-0007518,2024-10-07,APP-0001,CH-WE-01,93,0,12,33,False
INV-0007519,2024-10-07,APP-0001,CH-ON-01,20,117,14,33,False
INV-0007520,2024-10-07,APP-0001,CH-WS-01,106,0,3,33,False
INV-0007521,2024-10-07,APP-0002,CH-NE-01,43,0,16,23,False
INV-0007522,2024-10-07,APP-0002,CH-MW-01,116,0,1,23,False
INV-0007523,2024-10-07,APP-0002,CH-WE-01,93,0,13,23,False
INV-0007524,2024-10-07,APP-0002,CH-ON-01,20,89,12,23,False
INV-0007525,2024-10-07,APP-0002,CH-WS-01,131,0,5,23,False
INV-0007526,2024-10-07,APP-0003,CH-NE-01,35,0,16,15,False
INV-0007527,2024-10-07,APP-0003,CH-MW-01,17,0,13,15,False
INV-0007528,2024-10-07,APP-0003,CH-WE-01,4,45,17,15,False
INV-0007529,2024-10-07,APP-0003,CH-ON-01,3,56,17,15,False
INV-0007530,2024-10-07,APP-0003,CH-WS-01,62,0,5,15,False
INV-0007531,2024-10-07,APP-0004,CH-NE-01,41,0,6,39,False
INV-0007532,2024-10-07,APP-0004,CH-MW-01,46,0,8,39,False
INV-0007533,2024-10-07,APP-0004,CH-WE-01,99,0,15,39,False
INV-0007534,2024-10-07,APP-0004,CH-ON-01,47,0,9,39,False
INV-0007535,2024-10-07,APP-0004,CH-WS-01,41,0,3,39,False
INV-0007536,2024-10-07,APP-0005,CH-NE-01,62,0,19,36,False
INV-0007537,2024-10-07,APP-0005,CH-MW-01,71,0,7,36,False
INV-0007538,2024-10-07,APP-0005,CH-WE-01,102,0,9,36,False
INV-0007539,2024-10-07,APP-0005,CH-ON-01,125,0,15,36,False
INV-0007540,2024-10-07,APP-0005,CH-WS-01,35,83,8,36,False
INV-0007541,2024-10-07,APP-0006,CH-NE-01,60,0,15,38,False
INV-0007542,2024-10-07,APP-0006,CH-MW-01,97,0,7,38,False
INV-0007543,2024-10-07,APP-0006,CH-WE-01,48,0,13,38,False
INV-0007544,2024-10-07,APP-0006,CH-ON-01,60,0,16,38,False
INV-0007545,2024-10-07,APP-0006,CH-WS-01,66,0,0,38,False
INV-0007546,2024-10-07,APP-0007,CH-NE-01,56,0,7,28,False
INV-0007547,2024-10-07,APP-0007,CH-MW-01,75,0,4,28,False
INV-0007548,2024-10-07,APP-0007,CH-WE-01,31,0,9,28,False
INV-0007549,2024-10-07,APP-0007,CH-ON-01,61,0,14,28,False
INV-0007550,2024-10-07,APP-0007,CH-WS-01,44,0,0,28,False
INV-0007551,2024-10-07,APP-0008,CH-NE-01,104,0,0,17,False
INV-0007552,2024-10-07,APP-0008,CH-MW-01,83,0,12,17,False
INV-0007553,2024-10-07,APP-0008,CH-WE-01,38,0,5,17,False
INV-0007554,2024-10-07,APP-0008,CH-ON-01,10,107,8,17,False
INV-0007555,2024-10-07,APP-0008,CH-WS-01,136,0,3,17,False
INV-0007556,2024-10-07,APP-0009,CH-NE-01,28,0,7,21,False
INV-0007557,2024-10-07,APP-0009,CH-MW-01,33,0,12,21,False
INV-0007558,2024-10-07,APP-0009,CH-WE-01,34,0,11,21,False
INV-0007559,2024-10-07,APP-0009,CH-ON-01,12,56,17,21,False
INV-0007560,2024-10-07,APP-0009,CH-WS-01,39,0,4,21,False
INV-0007561,2024-10-07,APP-0010,CH-NE-01,53,0,7,34,False
INV-0007562,2024-10-07,APP-0010,CH-MW-01,39,0,6,34,False
INV-0007563,2024-10-07,APP-0010,CH-WE-01,82,0,5,34,False
INV-0007564,2024-10-07,APP-0010,CH-ON-01,92,0,16,34,False
INV-0007565,2024-10-07,APP-0010,CH-WS-01,74,0,0,34,False
INV-0007566,2024-10-07,APP-0011,CH-NE-01,67,0,6,44,False
INV-0007567,2024-10-07,APP-0011,CH-MW-01,117,0,10,44,False
INV-0007568,2024-10-07,APP-0011,CH-WE-01,76,0,5,44,False
INV-0007569,2024-10-07,APP-0011,CH-ON-01,42,132,18,44,False
INV-0007570,2024-10-07,APP-0011,CH-WS-01,70,0,4,44,False
INV-0007571,2024-10-07,FTW-0012,CH-NE-01,45,0,18,42,False
INV-0007572,2024-10-07,FTW-0012,CH-MW-01,84,0,4,42,False
INV-0007573,2024-10-07,FTW-0012,CH-WE-01,42,67,16,42,False
INV-0007574,2024-10-07,FTW-0012,CH-ON-01,23,55,30,42,False
INV-0007575,2024-10-07,FTW-0012,CH-WS-01,39,65,6,42,False
INV-0007576,2024-10-07,FTW-0013,CH-NE-01,20,44,19,29,False
INV-0007577,2024-10-07,FTW-0013,CH-MW-01,57,0,14,29,False
INV-0007578,2024-10-07,FTW-0013,CH-WE-01,53,0,10,29,False
INV-0007579,2024-10-07,FTW-0013,CH-ON-01,5,34,27,29,False
INV-0007580,2024-10-07,FTW-0013,CH-WS-01,73,0,0,29,False
INV-0007581,2024-10-07,FTW-0014,CH-NE-01,58,0,3,27,False
INV-0007582,2024-10-07,FTW-0014,CH-MW-01,124,0,8,27,False
INV-0007583,2024-10-07,FTW-0014,CH-WE-01,98,0,12,27,False
INV-0007584,2024-10-07,FTW-0014,CH-ON-01,125,0,13,27,False
INV-0007585,2024-10-07,FTW-0014,CH-WS-01,47,0,0,27,False
INV-0007586,2024-10-07,FTW-0015,CH-NE-01,39,75,12,40,False
INV-0007587,2024-10-07,FTW-0015,CH-MW-01,72,0,9,40,False
INV-0007588,2024-10-07,FTW-0015,CH-WE-01,35,73,9,40,False
INV-0007589,2024-10-07,FTW-0015,CH-ON-01,67,0,20,40,False
INV-0007590,2024-10-07,FTW-0015,CH-WS-01,88,0,2,40,False
INV-0007591,2024-10-07,FTW-0016,CH-NE-01,89,0,13,36,False
INV-0007592,2024-10-07,FTW-0016,CH-MW-01,95,0,8,36,False
INV-0007593,2024-10-07,FTW-0016,CH-WE-01,101,0,6,36,False
INV-0007594,2024-10-07,FTW-0016,CH-ON-01,85,0,17,36,False
INV-0007595,2024-10-07,FTW-0016,CH-WS-01,114,0,0,36,False
INV-0007596,2024-10-07,ACC-0017,CH-NE-01,101,0,0,31,False
INV-0007597,2024-10-07,ACC-0017,CH-MW-01,26,75,13,31,False
INV-0007598,2024-10-07,ACC-0017,CH-WE-01,38,0,9,31,False
INV-0007599,2024-10-07,ACC-0017,CH-ON-01,107,0,9,31,False
INV-0007600,2024-10-07,ACC-0017,CH-WS-01,88,0,2,31,False
INV-0007601,2024-10-07,ACC-0018,CH-NE-01,34,0,16,24,False
INV-0007602,2024-10-07,ACC-0018,CH-MW-01,69,0,2,24,False
INV-0007603,2024-10-07,ACC-0018,CH-WE-01,93,0,3,24,False
INV-0007604,2024-10-07,ACC-0018,CH-ON-01,35,0,19,24,False
INV-0007605,2024-10-07,ACC-0018,CH-WS-01,36,0,3,24,False
INV-0007606,2024-10-07,ACC-0019,CH-NE-01,50,0,9,38,False
INV-0007607,2024-10-07,ACC-0019,CH-MW-01,40,0,12,38,False
INV-0007608,2024-10-07,ACC-0019,CH-WE-01,71,0,3,38,False
INV-0007609,2024-10-07,ACC-0019,CH-ON-01,72,0,11,38,False
INV-0007610,2024-10-07,ACC-0019,CH-WS-01,37,98,5,38,False
INV-0007611,2024-10-07,ACC-0020,CH-NE-01,56,0,6,23,False
INV-0007612,2024-10-07,ACC-0020,CH-MW-01,39,0,10,23,False
INV-0007613,2024-10-07,ACC-0020,CH-WE-01,51,0,14,23,False
INV-0007614,2024-10-07,ACC-0020,CH-ON-01,26,0,16,23,False
INV-0007615,2024-10-07,ACC-0020,CH-WS-01,34,0,1,23,False
INV-0007616,2024-10-07,ACC-0022,CH-NE-01,41,0,4,24,False
INV-0007617,2024-10-07,ACC-0022,CH-MW-01,39,0,7,24,False
INV-0007618,2024-10-07,ACC-0022,CH-WE-01,92,0,24,24,False
INV-0007619,2024-10-07,ACC-0022,CH-ON-01,74,0,12,24,False
INV-0007620,2024-10-07,ACC-0022,CH-WS-01,122,0,2,24,False
INV-0007621,2024-10-07,ACC-0023,CH-NE-01,30,85,11,37,False
INV-0007622,2024-10-07,ACC-0023,CH-MW-01,78,0,10,37,False
INV-0007623,2024-10-07,ACC-0023,CH-WE-01,66,0,6,37,False
INV-0007624,2024-10-07,ACC-0023,CH-ON-01,44,0,15,37,False
INV-0007625,2024-10-07,ACC-0023,CH-WS-01,38,0,1,37,False
INV-0007626,2024-10-07,ACC-0024,CH-NE-01,64,0,7,16,False
INV-0007627,2024-10-07,ACC-0024,CH-MW-01,70,0,8,16,False
INV-0007628,2024-10-07,ACC-0024,CH-WE-01,37,0,5,16,False
INV-0007629,2024-10-07,ACC-0024,CH-ON-01,46,0,16,16,False
INV-0007630,2024-10-07,ACC-0024,CH-WS-01,122,0,2,16,False
INV-0007631,2024-10-07,HOM-0025,CH-NE-01,47,0,6,40,False
INV-0007632,2024-10-07,HOM-0025,CH-MW-01,89,0,13,40,False
INV-0007633,2024-10-07,HOM-0025,CH-WE-01,123,0,11,40,False
INV-0007634,2024-10-07,HOM-0025,CH-ON-01,80,0,14,40,False
INV-0007635,2024-10-07,HOM-0025,CH-WS-01,77,0,1,40,False
INV-0007636,2024-10-07,HOM-0026,CH-NE-01,35,0,8,26,False
INV-0007637,2024-10-07,HOM-0026,CH-MW-01,23,56,10,26,False
INV-0007638,2024-10-07,HOM-0026,CH-WE-01,9,60,19,26,False
INV-0007639,2024-10-07,HOM-0026,CH-ON-01,29,0,15,26,False
INV-0007640,2024-10-07,HOM-0026,CH-WS-01,45,0,0,26,False
INV-0007641,2024-10-07,HOM-0027,CH-NE-01,42,91,9,43,False
INV-0007642,2024-10-07,HOM-0027,CH-MW-01,45,0,1,43,False
INV-0007643,2024-10-07,HOM-0027,CH-WE-01,97,0,5,43,False
INV-0007644,2024-10-07,HOM-0027,CH-ON-01,54,0,7,43,False
INV-0007645,2024-10-07,HOM-0027,CH-WS-01,55,0,3,43,False
INV-0007646,2024-10-07,HOM-0028,CH-NE-01,80,0,10,24,False
INV-0007647,2024-10-07,HOM-0028,CH-MW-01,50,0,5,24,False
INV-0007648,2024-10-07,HOM-0028,CH-WE-01,56,0,7,24,False
INV-0007649,2024-10-07,HOM-0028,CH-ON-01,8,71,19,24,False
INV-0007650,2024-10-07,HOM-0028,CH-WS-01,33,0,0,24,False
INV-0007651,2024-10-07,HOM-0029,CH-NE-01,142,0,19,39,False
INV-0007652,2024-10-07,HOM-0029,CH-MW-01,80,0,8,39,False
INV-0007653,2024-10-07,HOM-0029,CH-WE-01,46,0,14,39,False
INV-0007654,2024-10-07,HOM-0029,CH-ON-01,75,0,8,39,False
INV-0007655,2024-10-07,HOM-0029,CH-WS-01,53,0,0,39,False
INV-0007656,2024-10-07,HOM-0030,CH-NE-01,140,0,14,43,False
INV-0007657,2024-10-07,HOM-0030,CH-MW-01,153,0,1,43,False
INV-0007658,2024-10-07,HOM-0030,CH-WE-01,148,0,6,43,False
INV-0007659,2024-10-07,HOM-0030,CH-ON-01,133,0,21,43,False
INV-0007660,2024-10-07,HOM-0030,CH-WS-01,154,0,0,43,False
INV-0007661,2024-10-07,HOM-0031,CH-NE-01,47,0,9,25,False
INV-0007662,2024-10-07,HOM-0031,CH-MW-01,40,0,9,25,False
INV-0007663,2024-10-07,HOM-0031,CH-WE-01,33,0,11,25,False
INV-0007664,2024-10-07,HOM-0031,CH-ON-01,54,0,21,25,False
INV-0007665,2024-10-07,HOM-0031,CH-WS-01,40,0,0,25,False
INV-0007666,2024-10-07,HOM-0032,CH-NE-01,77,0,13,28,False
INV-0007667,2024-10-07,HOM-0032,CH-MW-01,33,0,7,28,False
INV-0007668,2024-10-07,HOM-0032,CH-WE-01,38,0,24,28,False
INV-0007669,2024-10-07,HOM-0032,CH-ON-01,25,63,17,28,False
INV-0007670,2024-10-07,HOM-0032,CH-WS-01,88,0,1,28,False
INV-0007671,2024-10-14,APP-0001,CH-NE-01,68,0,8,33,False
INV-0007672,2024-10-14,APP-0001,CH-MW-01,91,0,7,33,False
INV-0007673,2024-10-14,APP-0001,CH-WE-01,86,0,7,33,False
INV-0007674,2024-10-14,APP-0001,CH-ON-01,116,0,21,33,False
INV-0007675,2024-10-14,APP-0001,CH-WS-01,104,0,2,33,False
INV-0007676,2024-10-14,APP-0002,CH-NE-01,30,0,13,23,False
INV-0007677,2024-10-14,APP-0002,CH-MW-01,116,0,0,23,False
INV-0007678,2024-10-14,APP-0002,CH-WE-01,83,0,10,23,False
INV-0007679,2024-10-14,APP-0002,CH-ON-01,105,0,4,23,False
INV-0007680,2024-10-14,APP-0002,CH-WS-01,126,0,5,23,False
INV-0007681,2024-10-14,APP-0003,CH-NE-01,31,0,4,15,False
INV-0007682,2024-10-14,APP-0003,CH-MW-01,0,75,18,15,True
INV-0007683,2024-10-14,APP-0003,CH-WE-01,45,0,4,15,False
INV-0007684,2024-10-14,APP-0003,CH-ON-01,47,0,12,15,False
INV-0007685,2024-10-14,APP-0003,CH-WS-01,58,0,4,15,False
INV-0007686,2024-10-14,APP-0004,CH-NE-01,30,86,11,39,False
INV-0007687,2024-10-14,APP-0004,CH-MW-01,32,68,14,39,False
INV-0007688,2024-10-14,APP-0004,CH-WE-01,93,0,6,39,False
INV-0007689,2024-10-14,APP-0004,CH-ON-01,36,105,11,39,False
INV-0007690,2024-10-14,APP-0004,CH-WS-01,41,0,0,39,False
INV-0007691,2024-10-14,APP-0005,CH-NE-01,54,0,8,36,False
INV-0007692,2024-10-14,APP-0005,CH-MW-01,63,0,8,36,False
INV-0007693,2024-10-14,APP-0005,CH-WE-01,85,0,17,36,False
INV-0007694,2024-10-14,APP-0005,CH-ON-01,114,0,11,36,False
INV-0007695,2024-10-14,APP-0005,CH-WS-01,114,0,4,36,False
INV-0007696,2024-10-14,APP-0006,CH-NE-01,48,0,12,38,False
INV-0007697,2024-10-14,APP-0006,CH-MW-01,87,0,10,38,False
INV-0007698,2024-10-14,APP-0006,CH-WE-01,36,62,12,38,False
INV-0007699,2024-10-14,APP-0006,CH-ON-01,40,0,20,38,False
INV-0007700,2024-10-14,APP-0006,CH-WS-01,65,0,1,38,False
INV-0007701,2024-10-14,APP-0007,CH-NE-01,44,0,12,28,False
INV-0007702,2024-10-14,APP-0007,CH-MW-01,65,0,10,28,False
INV-0007703,2024-10-14,APP-0007,CH-WE-01,28,90,3,28,False
INV-0007704,2024-10-14,APP-0007,CH-ON-01,51,0,10,28,False
INV-0007705,2024-10-14,APP-0007,CH-WS-01,41,0,3,28,False
INV-0007706,2024-10-14,APP-0008,CH-NE-01,95,0,9,17,False
INV-0007707,2024-10-14,APP-0008,CH-MW-01,76,0,7,17,False
INV-0007708,2024-10-14,APP-0008,CH-WE-01,30,0,8,17,False
INV-0007709,2024-10-14,APP-0008,CH-ON-01,98,0,19,17,False
INV-0007710,2024-10-14,APP-0008,CH-WS-01,136,0,0,17,False
INV-0007711,2024-10-14,APP-0009,CH-NE-01,22,0,6,21,False
INV-0007712,2024-10-14,APP-0009,CH-MW-01,22,0,11,21,False
INV-0007713,2024-10-14,APP-0009,CH-WE-01,26,0,8,21,False
INV-0007714,2024-10-14,APP-0009,CH-ON-01,49,0,19,21,False
INV-0007715,2024-10-14,APP-0009,CH-WS-01,34,0,5,21,False
INV-0007716,2024-10-14,APP-0010,CH-NE-01,42,0,11,34,False
INV-0007717,2024-10-14,APP-0010,CH-MW-01,29,75,10,34,False
INV-0007718,2024-10-14,APP-0010,CH-WE-01,80,0,2,34,False
INV-0007719,2024-10-14,APP-0010,CH-ON-01,87,0,5,34,False
INV-0007720,2024-10-14,APP-0010,CH-WS-01,70,0,4,34,False
INV-0007721,2024-10-14,APP-0011,CH-NE-01,54,0,13,44,False
INV-0007722,2024-10-14,APP-0011,CH-MW-01,111,0,6,44,False
INV-0007723,2024-10-14,APP-0011,CH-WE-01,65,0,11,44,False
INV-0007724,2024-10-14,APP-0011,CH-ON-01,162,0,12,44,False
INV-0007725,2024-10-14,APP-0011,CH-WS-01,69,0,1,44,False
INV-0007726,2024-10-14,FTW-0012,CH-NE-01,33,70,12,42,False
INV-0007727,2024-10-14,FTW-0012,CH-MW-01,77,0,7,42,False
INV-0007728,2024-10-14,FTW-0012,CH-WE-01,102,0,7,42,False
INV-0007729,2024-10-14,FTW-0012,CH-ON-01,71,0,7,42,False
INV-0007730,2024-10-14,FTW-0012,CH-WS-01,104,0,0,42,False
INV-0007731,2024-10-14,FTW-0013,CH-NE-01,57,0,7,29,False
INV-0007732,2024-10-14,FTW-0013,CH-MW-01,51,0,6,29,False
INV-0007733,2024-10-14,FTW-0013,CH-WE-01,42,0,11,29,False
INV-0007734,2024-10-14,FTW-0013,CH-ON-01,28,57,11,29,False
INV-0007735,2024-10-14,FTW-0013,CH-WS-01,70,0,3,29,False
INV-0007736,2024-10-14,FTW-0014,CH-NE-01,57,0,1,27,False
INV-0007737,2024-10-14,FTW-0014,CH-MW-01,122,0,2,27,False
INV-0007738,2024-10-14,FTW-0014,CH-WE-01,81,0,17,27,False
INV-0007739,2024-10-14,FTW-0014,CH-ON-01,115,0,10,27,False
INV-0007740,2024-10-14,FTW-0014,CH-WS-01,47,0,0,27,False
INV-0007741,2024-10-14,FTW-0015,CH-NE-01,104,0,10,40,False
INV-0007742,2024-10-14,FTW-0015,CH-MW-01,63,0,9,40,False
INV-0007743,2024-10-14,FTW-0015,CH-WE-01,92,0,16,40,False
INV-0007744,2024-10-14,FTW-0015,CH-ON-01,48,0,19,40,False
INV-0007745,2024-10-14,FTW-0015,CH-WS-01,88,0,0,40,False
INV-0007746,2024-10-14,FTW-0016,CH-NE-01,76,0,13,36,False
INV-0007747,2024-10-14,FTW-0016,CH-MW-01,80,0,15,36,False
INV-0007748,2024-10-14,FTW-0016,CH-WE-01,89,0,12,36,False
INV-0007749,2024-10-14,FTW-0016,CH-ON-01,69,0,16,36,False
INV-0007750,2024-10-14,FTW-0016,CH-WS-01,107,0,7,36,False
INV-0007751,2024-10-14,ACC-0017,CH-NE-01,97,0,4,31,False
INV-0007752,2024-10-14,ACC-0017,CH-MW-01,97,0,4,31,False
INV-0007753,2024-10-14,ACC-0017,CH-WE-01,27,91,11,31,False
INV-0007754,2024-10-14,ACC-0017,CH-ON-01,86,0,21,31,False
INV-0007755,2024-10-14,ACC-0017,CH-WS-01,88,0,0,31,False
INV-0007756,2024-10-14,ACC-0018,CH-NE-01,23,43,11,24,False
INV-0007757,2024-10-14,ACC-0018,CH-MW-01,65,0,4,24,False
INV-0007758,2024-10-14,ACC-0018,CH-WE-01,78,0,15,24,False
INV-0007759,2024-10-14,ACC-0018,CH-ON-01,23,50,12,24,False
INV-0007760,2024-10-14,ACC-0018,CH-WS-01,34,0,2,24,False
INV-0007761,2024-10-14,ACC-0019,CH-NE-01,36,79,14,38,False
INV-0007762,2024-10-14,ACC-0019,CH-MW-01,31,102,9,38,False
INV-0007763,2024-10-14,ACC-0019,CH-WE-01,52,0,19,38,False
INV-0007764,2024-10-14,ACC-0019,CH-ON-01,66,0,6,38,False
INV-0007765,2024-10-14,ACC-0019,CH-WS-01,132,0,3,38,False
INV-0007766,2024-10-14,ACC-0020,CH-NE-01,50,0,6,23,False
INV-0007767,2024-10-14,ACC-0020,CH-MW-01,29,0,10,23,False
INV-0007768,2024-10-14,ACC-0020,CH-WE-01,45,0,6,23,False
INV-0007769,2024-10-14,ACC-0020,CH-ON-01,11,43,15,23,False
INV-0007770,2024-10-14,ACC-0020,CH-WS-01,28,0,6,23,False
INV-0007771,2024-10-14,ACC-0022,CH-NE-01,34,0,7,24,False
INV-0007772,2024-10-14,ACC-0022,CH-MW-01,31,0,8,24,False
INV-0007773,2024-10-14,ACC-0022,CH-WE-01,86,0,6,24,False
INV-0007774,2024-10-14,ACC-0022,CH-ON-01,60,0,14,24,False
INV-0007775,2024-10-14,ACC-0022,CH-WS-01,119,0,3,24,False
INV-0007776,2024-10-14,ACC-0023,CH-NE-01,106,0,9,37,False
INV-0007777,2024-10-14,ACC-0023,CH-MW-01,77,0,1,37,False
INV-0007778,2024-10-14,ACC-0023,CH-WE-01,45,0,21,37,False
INV-0007779,2024-10-14,ACC-0023,CH-ON-01,32,72,12,37,False
INV-0007780,2024-10-14,ACC-0023,CH-WS-01,30,73,8,37,False
INV-0007781,2024-10-14,ACC-0024,CH-NE-01,47,0,17,16,False
INV-0007782,2024-10-14,ACC-0024,CH-MW-01,65,0,5,16,False
INV-0007783,2024-10-14,ACC-0024,CH-WE-01,28,0,9,16,False
INV-0007784,2024-10-14,ACC-0024,CH-ON-01,34,0,12,16,False
INV-0007785,2024-10-14,ACC-0024,CH-WS-01,117,0,5,16,False
INV-0007786,2024-10-14,HOM-0025,CH-NE-01,34,64,13,40,False
INV-0007787,2024-10-14,HOM-0025,CH-MW-01,84,0,5,40,False
INV-0007788,2024-10-14,HOM-0025,CH-WE-01,117,0,6,40,False
INV-0007789,2024-10-14,HOM-0025,CH-ON-01,73,0,7,40,False
INV-0007790,2024-10-14,HOM-0025,CH-WS-01,71,0,6,40,False
INV-0007791,2024-10-14,HOM-0026,CH-NE-01,24,52,11,26,False
INV-0007792,2024-10-14,HOM-0026,CH-MW-01,76,0,3,26,False
INV-0007793,2024-10-14,HOM-0026,CH-WE-01,65,0,4,26,False
INV-0007794,2024-10-14,HOM-0026,CH-ON-01,22,60,7,26,False
INV-0007795,2024-10-14,HOM-0026,CH-WS-01,42,0,3,26,False
INV-0007796,2024-10-14,HOM-0027,CH-NE-01,120,0,13,43,False
INV-0007797,2024-10-14,HOM-0027,CH-MW-01,43,74,2,43,False
INV-0007798,2024-10-14,HOM-0027,CH-WE-01,84,0,13,43,False
INV-0007799,2024-10-14,HOM-0027,CH-ON-01,44,0,10,43,False
INV-0007800,2024-10-14,HOM-0027,CH-WS-01,45,0,10,43,False
INV-0007801,2024-10-14,HOM-0028,CH-NE-01,62,0,18,24,False
INV-0007802,2024-10-14,HOM-0028,CH-MW-01,36,0,14,24,False
INV-0007803,2024-10-14,HOM-0028,CH-WE-01,49,0,7,24,False
INV-0007804,2024-10-14,HOM-0028,CH-ON-01,60,0,19,24,False
INV-0007805,2024-10-14,HOM-0028,CH-WS-01,33,0,0,24,False
INV-0007806,2024-10-14,HOM-0029,CH-NE-01,131,0,11,39,False
INV-0007807,2024-10-14,HOM-0029,CH-MW-01,67,0,13,39,False
INV-0007808,2024-10-14,HOM-0029,CH-WE-01,36,90,10,39,False
INV-0007809,2024-10-14,HOM-0029,CH-ON-01,66,0,9,39,False
INV-0007810,2024-10-14,HOM-0029,CH-WS-01,48,0,5,39,False
INV-0007811,2024-10-14,HOM-0030,CH-NE-01,123,0,17,43,False
INV-0007812,2024-10-14,HOM-0030,CH-MW-01,149,0,4,43,False
INV-0007813,2024-10-14,HOM-0030,CH-WE-01,133,0,15,43,False
INV-0007814,2024-10-14,HOM-0030,CH-ON-01,111,0,22,43,False
INV-0007815,2024-10-14,HOM-0030,CH-WS-01,148,0,6,43,False
INV-0007816,2024-10-14,HOM-0031,CH-NE-01,32,0,15,25,False
INV-0007817,2024-10-14,HOM-0031,CH-MW-01,40,0,0,25,False
INV-0007818,2024-10-14,HOM-0031,CH-WE-01,18,77,15,25,False
INV-0007819,2024-10-14,HOM-0031,CH-ON-01,28,0,26,25,False
INV-0007820,2024-10-14,HOM-0031,CH-WS-01,37,0,3,25,False
INV-0007821,2024-10-14,HOM-0032,CH-NE-01,60,0,17,28,False
INV-0007822,2024-10-14,HOM-0032,CH-MW-01,18,69,15,28,False
INV-0007823,2024-10-14,HOM-0032,CH-WE-01,26,55,12,28,False
INV-0007824,2024-10-14,HOM-0032,CH-ON-01,77,0,11,28,False
INV-0007825,2024-10-14,HOM-0032,CH-WS-01,86,0,2,28,False
INV-0007826,2024-10-21,APP-0001,CH-NE-01,61,0,7,33,False
INV-0007827,2024-10-21,APP-0001,CH-MW-01,89,0,2,33,False
INV-0007828,2024-10-21,APP-0001,CH-WE-01,77,0,9,33,False
INV-0007829,2024-10-21,APP-0001,CH-ON-01,97,0,19,33,False
INV-0007830,2024-10-21,APP-0001,CH-WS-01,104,0,0,33,False
INV-0007831,2024-10-21,APP-0002,CH-NE-01,24,0,6,23,False
INV-0007832,2024-10-21,APP-0002,CH-MW-01,112,0,4,23,False
INV-0007833,2024-10-21,APP-0002,CH-WE-01,76,0,7,23,False
INV-0007834,2024-10-21,APP-0002,CH-ON-01,90,0,15,23,False
INV-0007835,2024-10-21,APP-0002,CH-WS-01,122,0,4,23,False
INV-0007836,2024-10-21,APP-0003,CH-NE-01,18,0,13,15,False
INV-0007837,2024-10-21,APP-0003,CH-MW-01,63,0,12,15,False
INV-0007838,2024-10-21,APP-0003,CH-WE-01,35,0,10,15,False
INV-0007839,2024-10-21,APP-0003,CH-ON-01,33,0,14,15,False
INV-0007840,2024-10-21,APP-0003,CH-WS-01,57,0,1,15,False
INV-0007841,2024-10-21,APP-0004,CH-NE-01,105,0,11,39,False
INV-0007842,2024-10-21,APP-0004,CH-MW-01,89,0,11,39,False
INV-0007843,2024-10-21,APP-0004,CH-WE-01,73,0,20,39,False
INV-0007844,2024-10-21,APP-0004,CH-ON-01,130,0,11,39,False
INV-0007845,2024-10-21,APP-0004,CH-WS-01,37,83,4,39,False
INV-0007846,2024-10-21,APP-0005,CH-NE-01,47,0,7,36,False
INV-0007847,2024-10-21,APP-0005,CH-MW-01,57,0,6,36,False
INV-0007848,2024-10-21,APP-0005,CH-WE-01,75,0,10,36,False
INV-0007849,2024-10-21,APP-0005,CH-ON-01,95,0,19,36,False
INV-0007850,2024-10-21,APP-0005,CH-WS-01,109,0,5,36,False
INV-0007851,2024-10-21,APP-0006,CH-NE-01,42,0,6,38,False
INV-0007852,2024-10-21,APP-0006,CH-MW-01,85,0,2,38,False
INV-0007853,2024-10-21,APP-0006,CH-WE-01,85,0,13,38,False
INV-0007854,2024-10-21,APP-0006,CH-ON-01,27,46,13,38,False
INV-0007855,2024-10-21,APP-0006,CH-WS-01,65,0,0,38,False
INV-0007856,2024-10-21,APP-0007,CH-NE-01,40,0,4,28,False
INV-0007857,2024-10-21,APP-0007,CH-MW-01,53,0,12,28,False
INV-0007858,2024-10-21,APP-0007,CH-WE-01,111,0,7,28,False
INV-0007859,2024-10-21,APP-0007,CH-ON-01,44,0,7,28,False
INV-0007860,2024-10-21,APP-0007,CH-WS-01,41,0,0,28,False
INV-0007861,2024-10-21,APP-0008,CH-NE-01,69,0,26,17,False
INV-0007862,2024-10-21,APP-0008,CH-MW-01,67,0,9,17,False
INV-0007863,2024-10-21,APP-0008,CH-WE-01,11,85,19,17,False
INV-0007864,2024-10-21,APP-0008,CH-ON-01,88,0,10,17,False
INV-0007865,2024-10-21,APP-0008,CH-WS-01,136,0,0,17,False
INV-0007866,2024-10-21,APP-0009,CH-NE-01,14,44,8,21,False
INV-0007867,2024-10-21,APP-0009,CH-MW-01,14,49,8,21,False
INV-0007868,2024-10-21,APP-0009,CH-WE-01,18,68,8,21,False
INV-0007869,2024-10-21,APP-0009,CH-ON-01,38,0,11,21,False
INV-0007870,2024-10-21,APP-0009,CH-WS-01,30,0,4,21,False
INV-0007871,2024-10-21,APP-0010,CH-NE-01,40,0,2,34,False
INV-0007872,2024-10-21,APP-0010,CH-MW-01,96,0,8,34,False
INV-0007873,2024-10-21,APP-0010,CH-WE-01,74,0,6,34,False
INV-0007874,2024-10-21,APP-0010,CH-ON-01,73,0,14,34,False
INV-0007875,2024-10-21,APP-0010,CH-WS-01,70,0,0,34,False
INV-0007876,2024-10-21,APP-0011,CH-NE-01,49,0,5,44,False
INV-0007877,2024-10-21,APP-0011,CH-MW-01,104,0,7,44,False
INV-0007878,2024-10-21,APP-0011,CH-WE-01,59,0,6,44,False
INV-0007879,2024-10-21,APP-0011,CH-ON-01,159,0,3,44,False
INV-0007880,2024-10-21,APP-0011,CH-WS-01,68,0,1,44,False
INV-0007881,2024-10-21,FTW-0012,CH-NE-01,86,0,17,42,False
INV-0007882,2024-10-21,FTW-0012,CH-MW-01,71,0,6,42,False
INV-0007883,2024-10-21,FTW-0012,CH-WE-01,84,0,18,42,False
INV-0007884,2024-10-21,FTW-0012,CH-ON-01,60,0,11,42,False
INV-0007885,2024-10-21,FTW-0012,CH-WS-01,103,0,1,42,False
INV-0007886,2024-10-21,FTW-0013,CH-NE-01,50,0,7,29,False
INV-0007887,2024-10-21,FTW-0013,CH-MW-01,47,0,4,29,False
INV-0007888,2024-10-21,FTW-0013,CH-WE-01,34,0,8,29,False
INV-0007889,2024-10-21,FTW-0013,CH-ON-01,73,0,12,29,False
INV-0007890,2024-10-21,FTW-0013,CH-WS-01,70,0,0,29,False
INV-0007891,2024-10-21,FTW-0014,CH-NE-01,52,0,5,27,False
INV-0007892,2024-10-21,FTW-0014,CH-MW-01,118,0,4,27,False
INV-0007893,2024-10-21,FTW-0014,CH-WE-01,70,0,11,27,False
INV-0007894,2024-10-21,FTW-0014,CH-ON-01,97,0,18,27,False
INV-0007895,2024-10-21,FTW-0014,CH-WS-01,46,0,1,27,False
INV-0007896,2024-10-21,FTW-0015,CH-NE-01,89,0,15,40,False
INV-0007897,2024-10-21,FTW-0015,CH-MW-01,61,0,2,40,False
INV-0007898,2024-10-21,FTW-0015,CH-WE-01,78,0,14,40,False
INV-0007899,2024-10-21,FTW-0015,CH-ON-01,43,0,5,40,False
INV-0007900,2024-10-21,FTW-0015,CH-WS-01,83,0,5,40,False
INV-0007901,2024-10-21,FTW-0016,CH-NE-01,66,0,10,36,False
INV-0007902,2024-10-21,FTW-0016,CH-MW-01,76,0,4,36,False
INV-0007903,2024-10-21,FTW-0016,CH-WE-01,72,0,17,36,False
INV-0007904,2024-10-21,FTW-0016,CH-ON-01,46,0,23,36,False
INV-0007905,2024-10-21,FTW-0016,CH-WS-01,105,0,2,36,False
INV-0007906,2024-10-21,ACC-0017,CH-NE-01,89,0,8,31,False
INV-0007907,2024-10-21,ACC-0017,CH-MW-01,97,0,0,31,False
INV-0007908,2024-10-21,ACC-0017,CH-WE-01,113,0,5,31,False
INV-0007909,2024-10-21,ACC-0017,CH-ON-01,72,0,14,31,False
INV-0007910,2024-10-21,ACC-0017,CH-WS-01,86,0,2,31,False
INV-0007911,2024-10-21,ACC-0018,CH-NE-01,48,0,18,24,False
INV-0007912,2024-10-21,ACC-0018,CH-MW-01,64,0,1,24,False
INV-0007913,2024-10-21,ACC-0018,CH-WE-01,54,0,24,24,False
INV-0007914,2024-10-21,ACC-0018,CH-ON-01,60,0,13,24,False
INV-0007915,2024-10-21,ACC-0018,CH-WS-01,31,0,3,24,False
INV-0007916,2024-10-21,ACC-0019,CH-NE-01,109,0,6,38,False
INV-0007917,2024-10-21,ACC-0019,CH-MW-01,129,0,4,38,False
INV-0007918,2024-10-21,ACC-0019,CH-WE-01,36,75,16,38,False
INV-0007919,2024-10-21,ACC-0019,CH-ON-01,56,0,10,38,False
INV-0007920,2024-10-21,ACC-0019,CH-WS-01,130,0,2,38,False
INV-0007921,2024-10-21,ACC-0020,CH-NE-01,47,0,3,23,False
INV-0007922,2024-10-21,ACC-0020,CH-MW-01,25,0,4,23,False
INV-0007923,2024-10-21,ACC-0020,CH-WE-01,41,0,4,23,False
INV-0007924,2024-10-21,ACC-0020,CH-ON-01,39,0,15,23,False
INV-0007925,2024-10-21,ACC-0020,CH-WS-01,28,0,0,23,False
INV-0007926,2024-10-21,ACC-0022,CH-NE-01,23,143,11,24,False
INV-0007927,2024-10-21,ACC-0022,CH-MW-01,24,105,7,24,False
INV-0007928,2024-10-21,ACC-0022,CH-WE-01,74,0,12,24,False
INV-0007929,2024-10-21,ACC-0022,CH-ON-01,41,0,19,24,False
INV-0007930,2024-10-21,ACC-0022,CH-WS-01,117,0,2,24,False
INV-0007931,2024-10-21,ACC-0023,CH-NE-01,104,0,2,37,False
INV-0007932,2024-10-21,ACC-0023,CH-MW-01,72,0,5,37,False
INV-0007933,2024-10-21,ACC-0023,CH-WE-01,25,85,20,37,False
INV-0007934,2024-10-21,ACC-0023,CH-ON-01,86,0,18,37,False
INV-0007935,2024-10-21,ACC-0023,CH-WS-01,99,0,4,37,False
INV-0007936,2024-10-21,ACC-0024,CH-NE-01,36,0,11,16,False
INV-0007937,2024-10-21,ACC-0024,CH-MW-01,62,0,3,16,False
INV-0007938,2024-10-21,ACC-0024,CH-WE-01,14,132,14,16,False
INV-0007939,2024-10-21,ACC-0024,CH-ON-01,25,0,9,16,False
INV-0007940,2024-10-21,ACC-0024,CH-WS-01,113,0,4,16,False
INV-0007941,2024-10-21,HOM-0025,CH-NE-01,97,0,1,40,False
INV-0007942,2024-10-21,HOM-0025,CH-MW-01,74,0,10,40,False
INV-0007943,2024-10-21,HOM-0025,CH-WE-01,109,0,8,40,False
INV-0007944,2024-10-21,HOM-0025,CH-ON-01,57,0,16,40,False
INV-0007945,2024-10-21,HOM-0025,CH-WS-01,70,0,1,40,False
INV-0007946,2024-10-21,HOM-0026,CH-NE-01,71,0,5,26,False
INV-0007947,2024-10-21,HOM-0026,CH-MW-01,67,0,9,26,False
INV-0007948,2024-10-21,HOM-0026,CH-WE-01,55,0,10,26,False
INV-0007949,2024-10-21,HOM-0026,CH-ON-01,64,0,18,26,False
INV-0007950,2024-10-21,HOM-0026,CH-WS-01,35,0,7,26,False
INV-0007951,2024-10-21,HOM-0027,CH-NE-01,105,0,15,43,False
INV-0007952,2024-10-21,HOM-0027,CH-MW-01,115,0,2,43,False
INV-0007953,2024-10-21,HOM-0027,CH-WE-01,71,0,13,43,False
INV-0007954,2024-10-21,HOM-0027,CH-ON-01,23,67,21,43,False
INV-0007955,2024-10-21,HOM-0027,CH-WS-01,45,0,0,43,False
INV-0007956,2024-10-21,HOM-0028,CH-NE-01,55,0,7,24,False
INV-0007957,2024-10-21,HOM-0028,CH-MW-01,19,42,17,24,False
INV-0007958,2024-10-21,HOM-0028,CH-WE-01,46,0,3,24,False
INV-0007959,2024-10-21,HOM-0028,CH-ON-01,45,0,15,24,False
INV-0007960,2024-10-21,HOM-0028,CH-WS-01,25,0,8,24,False
INV-0007961,2024-10-21,HOM-0029,CH-NE-01,120,0,11,39,False
INV-0007962,2024-10-21,HOM-0029,CH-MW-01,50,0,17,39,False
INV-0007963,2024-10-21,HOM-0029,CH-WE-01,123,0,3,39,False
INV-0007964,2024-10-21,HOM-0029,CH-ON-01,56,0,10,39,False
INV-0007965,2024-10-21,HOM-0029,CH-WS-01,37,70,11,39,False
INV-0007966,2024-10-21,HOM-0030,CH-NE-01,112,0,11,43,False
INV-0007967,2024-10-21,HOM-0030,CH-MW-01,142,0,7,43,False
INV-0007968,2024-10-21,HOM-0030,CH-WE-01,119,0,14,43,False
INV-0007969,2024-10-21,HOM-0030,CH-ON-01,91,0,20,43,False
INV-0007970,2024-10-21,HOM-0030,CH-WS-01,143,0,5,43,False
INV-0007971,2024-10-21,HOM-0031,CH-NE-01,27,0,5,25,False
INV-0007972,2024-10-21,HOM-0031,CH-MW-01,25,75,15,25,False
INV-0007973,2024-10-21,HOM-0031,CH-WE-01,76,0,19,25,False
INV-0007974,2024-10-21,HOM-0031,CH-ON-01,16,52,12,25,False
INV-0007975,2024-10-21,HOM-0031,CH-WS-01,34,0,3,25,False
INV-0007976,2024-10-21,HOM-0032,CH-NE-01,47,0,13,28,False
INV-0007977,2024-10-21,HOM-0032,CH-MW-01,81,0,6,28,False
INV-0007978,2024-10-21,HOM-0032,CH-WE-01,75,0,6,28,False
INV-0007979,2024-10-21,HOM-0032,CH-ON-01,55,0,22,28,False
INV-0007980,2024-10-21,HOM-0032,CH-WS-01,80,0,6,28,False
INV-0007981,2024-10-28,APP-0001,CH-NE-01,53,0,8,33,False
INV-0007982,2024-10-28,APP-0001,CH-MW-01,85,0,4,33,False
INV-0007983,2024-10-28,APP-0001,CH-WE-01,60,0,17,33,False
INV-0007984,2024-10-28,APP-0001,CH-ON-01,91,0,6,33,False
INV-0007985,2024-10-28,APP-0001,CH-WS-01,97,0,7,33,False
INV-0007986,2024-10-28,APP-0002,CH-NE-01,23,132,1,23,False
INV-0007987,2024-10-28,APP-0002,CH-MW-01,100,0,12,23,False
INV-0007988,2024-10-28,APP-0002,CH-WE-01,69,0,7,23,False
INV-0007989,2024-10-28,APP-0002,CH-ON-01,70,0,20,23,False
INV-0007990,2024-10-28,APP-0002,CH-WS-01,112,0,10,23,False
INV-0007991,2024-10-28,APP-0003,CH-NE-01,12,61,6,15,False
INV-0007992,2024-10-28,APP-0003,CH-MW-01,59,0,4,15,False
INV-0007993,2024-10-28,APP-0003,CH-WE-01,21,0,14,15,False
INV-0007994,2024-10-28,APP-0003,CH-ON-01,11,70,22,15,False
INV-0007995,2024-10-28,APP-0003,CH-WS-01,53,0,4,15,False
INV-0007996,2024-10-28,APP-0004,CH-NE-01,103,0,2,39,False
INV-0007997,2024-10-28,APP-0004,CH-MW-01,87,0,2,39,False
INV-0007998,2024-10-28,APP-0004,CH-WE-01,55,0,18,39,False
INV-0007999,2024-10-28,APP-0004,CH-ON-01,120,0,10,39,False
INV-0008000,2024-10-28,APP-0004,CH-WS-01,115,0,5,39,False
INV-0008001,2024-10-28,APP-0005,CH-NE-01,25,130,22,36,False
INV-0008002,2024-10-28,APP-0005,CH-MW-01,54,0,3,36,False
INV-0008003,2024-10-28,APP-0005,CH-WE-01,63,0,12,36,False
INV-0008004,2024-10-28,APP-0005,CH-ON-01,75,0,20,36,False
INV-0008005,2024-10-28,APP-0005,CH-WS-01,109,0,0,36,False
INV-0008006,2024-10-28,APP-0006,CH-NE-01,21,43,21,38,False
INV-0008007,2024-10-28,APP-0006,CH-MW-01,76,0,9,38,False
INV-0008008,2024-10-28,APP-0006,CH-WE-01,80,0,5,38,False
INV-0008009,2024-10-28,APP-0006,CH-ON-01,66,0,7,38,False
INV-0008010,2024-10-28,APP-0006,CH-WS-01,62,0,3,38,False
INV-0008011,2024-10-28,APP-0007,CH-NE-01,35,0,5,28,False
INV-0008012,2024-10-28,APP-0007,CH-MW-01,45,0,8,28,False
INV-0008013,2024-10-28,APP-0007,CH-WE-01,101,0,10,28,False
INV-0008014,2024-10-28,APP-0007,CH-ON-01,15,63,29,28,False
INV-0008015,2024-10-28,APP-0007,CH-WS-01,39,0,2,28,False
INV-0008016,2024-10-28,APP-0008,CH-NE-01,56,0,13,17,False
INV-0008017,2024-10-28,APP-0008,CH-MW-01,58,0,9,17,False
INV-0008018,2024-10-28,APP-0008,CH-WE-01,82,0,14,17,False
INV-0008019,2024-10-28,APP-0008,CH-ON-01,60,0,28,17,False
INV-0008020,2024-10-28,APP-0008,CH-WS-01,130,0,6,17,False
INV-0008021,2024-10-28,APP-0009,CH-NE-01,47,0,11,21,False
INV-0008022,2024-10-28,APP-0009,CH-MW-01,63,0,0,21,False
INV-0008023,2024-10-28,APP-0009,CH-WE-01,73,0,13,21,False
INV-0008024,2024-10-28,APP-0009,CH-ON-01,22,0,16,21,False
INV-0008025,2024-10-28,APP-0009,CH-WS-01,25,0,5,21,False
INV-0008026,2024-10-28,APP-0010,CH-NE-01,33,76,7,34,False
INV-0008027,2024-10-28,APP-0010,CH-MW-01,88,0,8,34,False
INV-0008028,2024-10-28,APP-0010,CH-WE-01,58,0,16,34,False
INV-0008029,2024-10-28,APP-0010,CH-ON-01,49,0,24,34,False
INV-0008030,2024-10-28,APP-0010,CH-WS-01,64,0,6,34,False
INV-0008031,2024-10-28,APP-0011,CH-NE-01,38,143,11,44,False
INV-0008032,2024-10-28,APP-0011,CH-MW-01,91,0,13,44,False
INV-0008033,2024-10-28,APP-0011,CH-WE-01,47,0,12,44,False
INV-0008034,2024-10-28,APP-0011,CH-ON-01,142,0,17,44,False
INV-0008035,2024-10-28,APP-0011,CH-WS-01,67,0,1,44,False
INV-0008036,2024-10-28,FTW-0012,CH-NE-01,73,0,13,42,False
INV-0008037,2024-10-28,FTW-0012,CH-MW-01,56,0,15,42,False
INV-0008038,2024-10-28,FTW-0012,CH-WE-01,67,0,17,42,False
INV-0008039,2024-10-28,FTW-0012,CH-ON-01,45,0,15,42,False
INV-0008040,2024-10-28,FTW-0012,CH-WS-01,103,0,0,42,False
INV-0008041,2024-10-28,FTW-0013,CH-NE-01,41,0,9,29,False
INV-0008042,2024-10-28,FTW-0013,CH-MW-01,36,0,11,29,False
INV-0008043,2024-10-28,FTW-0013,CH-WE-01,26,32,8,29,False
INV-0008044,2024-10-28,FTW-0013,CH-ON-01,44,0,29,29,False
INV-0008045,2024-10-28,FTW-0013,CH-WS-01,70,0,0,29,False
INV-0008046,2024-10-28,FTW-0014,CH-NE-01,41,0,11,27,False
INV-0008047,2024-10-28,FTW-0014,CH-MW-01,105,0,13,27,False
INV-0008048,2024-10-28,FTW-0014,CH-WE-01,50,0,20,27,False
INV-0008049,2024-10-28,FTW-0014,CH-ON-01,93,0,4,27,False
INV-0008050,2024-10-28,FTW-0014,CH-WS-01,46,0,0,27,False
INV-0008051,2024-10-28,FTW-0015,CH-NE-01,75,0,14,40,False
INV-0008052,2024-10-28,FTW-0015,CH-MW-01,42,0,19,40,False
INV-0008053,2024-10-28,FTW-0015,CH-WE-01,65,0,13,40,False
INV-0008054,2024-10-28,FTW-0015,CH-ON-01,23,77,20,40,False
INV-0008055,2024-10-28,FTW-0015,CH-WS-01,77,0,6,40,False
INV-0008056,2024-10-28,FTW-0016,CH-NE-01,60,0,6,36,False
INV-0008057,2024-10-28,FTW-0016,CH-MW-01,69,0,7,36,False
INV-0008058,2024-10-28,FTW-0016,CH-WE-01,58,0,14,36,False
INV-0008059,2024-10-28,FTW-0016,CH-ON-01,20,104,26,36,False
INV-0008060,2024-10-28,FTW-0016,CH-WS-01,103,0,2,36,False
INV-0008061,2024-10-28,ACC-0017,CH-NE-01,66,0,23,31,False
INV-0008062,2024-10-28,ACC-0017,CH-MW-01,95,0,2,31,False
INV-0008063,2024-10-28,ACC-0017,CH-WE-01,110,0,3,31,False
INV-0008064,2024-10-28,ACC-0017,CH-ON-01,42,0,30,31,False
INV-0008065,2024-10-28,ACC-0017,CH-WS-01,82,0,4,31,False
INV-0008066,2024-10-28,ACC-0018,CH-NE-01,30,0,18,24,False
INV-0008067,2024-10-28,ACC-0018,CH-MW-01,58,0,6,24,False
INV-0008068,2024-10-28,ACC-0018,CH-WE-01,37,0,17,24,False
INV-0008069,2024-10-28,ACC-0018,CH-ON-01,48,0,12,24,False
INV-0008070,2024-10-28,ACC-0018,CH-WS-01,26,0,5,24,False
INV-0008071,2024-10-28,ACC-0019,CH-NE-01,103,0,6,38,False
INV-0008072,2024-10-28,ACC-0019,CH-MW-01,118,0,11,38,False
INV-0008073,2024-10-28,ACC-0019,CH-WE-01,96,0,15,38,False
INV-0008074,2024-10-28,ACC-0019,CH-ON-01,38,63,18,38,False
INV-0008075,2024-10-28,ACC-0019,CH-WS-01,130,0,0,38,False
INV-0008076,2024-10-28,ACC-0020,CH-NE-01,44,0,3,23,False
INV-0008077,2024-10-28,ACC-0020,CH-MW-01,18,64,7,23,False
INV-0008078,2024-10-28,ACC-0020,CH-WE-01,41,0,0,23,False
INV-0008079,2024-10-28,ACC-0020,CH-ON-01,16,34,23,23,False
INV-0008080,2024-10-28,ACC-0020,CH-WS-01,28,0,0,23,False
INV-0008081,2024-10-28,ACC-0022,CH-NE-01,158,0,8,24,False
INV-0008082,2024-10-28,ACC-0022,CH-MW-01,129,0,0,24,False
INV-0008083,2024-10-28,ACC-0022,CH-WE-01,62,0,12,24,False
INV-0008084,2024-10-28,ACC-0022,CH-ON-01,28,0,13,24,False
INV-0008085,2024-10-28,ACC-0022,CH-WS-01,115,0,2,24,False
INV-0008086,2024-10-28,ACC-0023,CH-NE-01,94,0,10,37,False
INV-0008087,2024-10-28,ACC-0023,CH-MW-01,60,0,12,37,False
INV-0008088,2024-10-28,ACC-0023,CH-WE-01,107,0,3,37,False
INV-0008089,2024-10-28,ACC-0023,CH-ON-01,69,0,17,37,False
INV-0008090,2024-10-28,ACC-0023,CH-WS-01,99,0,0,37,False
INV-0008091,2024-10-28,ACC-0024,CH-NE-01,19,0,17,16,False
INV-0008092,2024-10-28,ACC-0024,CH-MW-01,48,0,14,16,False
INV-0008093,2024-10-28,ACC-0024,CH-WE-01,145,0,1,16,False
INV-0008094,2024-10-28,ACC-0024,CH-ON-01,4,123,21,16,False
INV-0008095,2024-10-28,ACC-0024,CH-WS-01,113,0,0,16,False
INV-0008096,2024-10-28,HOM-0025,CH-NE-01,82,0,15,40,False
INV-0008097,2024-10-28,HOM-0025,CH-MW-01,62,0,12,40,False
INV-0008098,2024-10-28,HOM-0025,CH-WE-01,94,0,15,40,False
INV-0008099,2024-10-28,HOM-0025,CH-ON-01,49,0,8,40,False
INV-0008100,2024-10-28,HOM-0025,CH-WS-01,66,0,4,40,False
INV-0008101,2024-10-28,HOM-0026,CH-NE-01,60,0,11,26,False
INV-0008102,2024-10-28,HOM-0026,CH-MW-01,53,0,14,26,False
INV-0008103,2024-10-28,HOM-0026,CH-WE-01,35,0,20,26,False
INV-0008104,2024-10-28,HOM-0026,CH-ON-01,46,0,18,26,False
INV-0008105,2024-10-28,HOM-0026,CH-WS-01,35,0,0,26,False
INV-0008106,2024-10-28,HOM-0027,CH-NE-01,93,0,12,43,False
INV-0008107,2024-10-28,HOM-0027,CH-MW-01,111,0,4,43,False
INV-0008108,2024-10-28,HOM-0027,CH-WE-01,54,0,17,43,False
INV-0008109,2024-10-28,HOM-0027,CH-ON-01,68,0,22,43,False
INV-0008110,2024-10-28,HOM-0027,CH-WS-01,38,52,7,43,False
INV-0008111,2024-10-28,HOM-0028,CH-NE-01,50,0,5,24,False
INV-0008112,2024-10-28,HOM-0028,CH-MW-01,49,0,12,24,False
INV-0008113,2024-10-28,HOM-0028,CH-WE-01,34,0,12,24,False
INV-0008114,2024-10-28,HOM-0028,CH-ON-01,38,0,7,24,False
INV-0008115,2024-10-28,HOM-0028,CH-WS-01,22,63,3,24,False
INV-0008116,2024-10-28,HOM-0029,CH-NE-01,112,0,8,39,False
INV-0008117,2024-10-28,HOM-0029,CH-MW-01,37,118,13,39,False
INV-0008118,2024-10-28,HOM-0029,CH-WE-01,101,0,22,39,False
INV-0008119,2024-10-28,HOM-0029,CH-ON-01,56,0,0,39,False
INV-0008120,2024-10-28,HOM-0029,CH-WS-01,107,0,0,39,False
INV-0008121,2024-10-28,HOM-0030,CH-NE-01,105,0,7,43,False
INV-0008122,2024-10-28,HOM-0030,CH-MW-01,132,0,10,43,False
INV-0008123,2024-10-28,HOM-0030,CH-WE-01,109,0,10,43,False
INV-0008124,2024-10-28,HOM-0030,CH-ON-01,80,0,11,43,False
INV-0008125,2024-10-28,HOM-0030,CH-WS-01,143,0,0,43,False
INV-0008126,2024-10-28,HOM-0031,CH-NE-01,8,78,19,25,False
INV-0008127,2024-10-28,HOM-0031,CH-MW-01,96,0,4,25,False
INV-0008128,2024-10-28,HOM-0031,CH-WE-01,67,0,9,25,False
INV-0008129,2024-10-28,HOM-0031,CH-ON-01,55,0,13,25,False
INV-0008130,2024-10-28,HOM-0031,CH-WS-01,34,0,0,25,False
INV-0008131,2024-10-28,HOM-0032,CH-NE-01,38,0,9,28,False
INV-0008132,2024-10-28,HOM-0032,CH-MW-01,75,0,6,28,False
INV-0008133,2024-10-28,HOM-0032,CH-WE-01,55,0,20,28,False
INV-0008134,2024-10-28,HOM-0032,CH-ON-01,45,0,10,28,False
INV-0008135,2024-10-28,HOM-0032,CH-WS-01,78,0,2,28,False
INV-0008136,2024-11-04,APP-0001,CH-NE-01,42,0,11,33,False
INV-0008137,2024-11-04,APP-0001,CH-MW-01,85,0,0,33,False
INV-0008138,2024-11-04,APP-0001,CH-WE-01,47,0,13,33,False
INV-0008139,2024-11-04,APP-0001,CH-ON-01,75,0,16,33,False
INV-0008140,2024-11-04,APP-0001,CH-WS-01,95,0,2,33,False
INV-0008141,2024-11-04,APP-0002,CH-NE-01,147,0,8,23,False
INV-0008142,2024-11-04,APP-0002,CH-MW-01,89,0,11,23,False
INV-0008143,2024-11-04,APP-0002,CH-WE-01,56,0,13,23,False
INV-0008144,2024-11-04,APP-0002,CH-ON-01,48,0,22,23,False
INV-0008145,2024-11-04,APP-0002,CH-WS-01,109,0,3,23,False
INV-0008146,2024-11-04,APP-0003,CH-NE-01,65,0,8,15,False
INV-0008147,2024-11-04,APP-0003,CH-MW-01,43,0,16,15,False
INV-0008148,2024-11-04,APP-0003,CH-WE-01,7,55,14,15,False
INV-0008149,2024-11-04,APP-0003,CH-ON-01,70,0,11,15,False
INV-0008150,2024-11-04,APP-0003,CH-WS-01,53,0,0,15,False
INV-0008151,2024-11-04,APP-0004,CH-NE-01,86,0,17,39,False
INV-0008152,2024-11-04,APP-0004,CH-MW-01,83,0,4,39,False
INV-0008153,2024-11-04,APP-0004,CH-WE-01,52,0,3,39,False
INV-0008154,2024-11-04,APP-0004,CH-ON-01,111,0,9,39,False
INV-0008155,2024-11-04,APP-0004,CH-WS-01,114,0,1,39,False
INV-0008156,2024-11-04,APP-0005,CH-NE-01,144,0,11,36,False
INV-0008157,2024-11-04,APP-0005,CH-MW-01,46,0,8,36,False
INV-0008158,2024-11-04,APP-0005,CH-WE-01,59,0,4,36,False
INV-0008159,2024-11-04,APP-0005,CH-ON-01,68,0,7,36,False
INV-0008160,2024-11-04,APP-0005,CH-WS-01,104,0,5,36,False
INV-0008161,2024-11-04,APP-0006,CH-NE-01,53,0,11,38,False
INV-0008162,2024-11-04,APP-0006,CH-MW-01,68,0,8,38,False
INV-0008163,2024-11-04,APP-0006,CH-WE-01,55,0,25,38,False
INV-0008164,2024-11-04,APP-0006,CH-ON-01,49,0,17,38,False
INV-0008165,2024-11-04,APP-0006,CH-WS-01,57,0,5,38,False
INV-0008166,2024-11-04,APP-0007,CH-NE-01,20,73,15,28,False
INV-0008167,2024-11-04,APP-0007,CH-MW-01,32,0,13,28,False
INV-0008168,2024-11-04,APP-0007,CH-WE-01,94,0,7,28,False
INV-0008169,2024-11-04,APP-0007,CH-ON-01,57,0,21,28,False
INV-0008170,2024-11-04,APP-0007,CH-WS-01,31,0,8,28,False
INV-0008171,2024-11-04,APP-0008,CH-NE-01,37,0,19,17,False
INV-0008172,2024-11-04,APP-0008,CH-MW-01,47,0,11,17,False
INV-0008173,2024-11-04,APP-0008,CH-WE-01,65,0,17,17,False
INV-0008174,2024-11-04,APP-0008,CH-ON-01,47,0,13,17,False
INV-0008175,2024-11-04,APP-0008,CH-WS-01,129,0,1,17,False
INV-0008176,2024-11-04,APP-0009,CH-NE-01,32,0,15,21,False
INV-0008177,2024-11-04,APP-0009,CH-MW-01,47,0,16,21,False
INV-0008178,2024-11-04,APP-0009,CH-WE-01,60,0,13,21,False
INV-0008179,2024-11-04,APP-0009,CH-ON-01,0,45,37,21,True
INV-0008180,2024-11-04,APP-0009,CH-WS-01,22,0,3,21,False
INV-0008181,2024-11-04,APP-0010,CH-NE-01,99,0,10,34,False
INV-0008182,2024-11-04,APP-0010,CH-MW-01,84,0,4,34,False
INV-0008183,2024-11-04,APP-0010,CH-WE-01,41,0,17,34,False
INV-0008184,2024-11-04,APP-0010,CH-ON-01,31,77,18,34,False
INV-0008185,2024-11-04,APP-0010,CH-WS-01,58,0,6,34,False
INV-0008186,2024-11-04,APP-0011,CH-NE-01,166,0,15,44,False
INV-0008187,2024-11-04,APP-0011,CH-MW-01,82,0,9,44,False
INV-0008188,2024-11-04,APP-0011,CH-WE-01,27,124,20,44,False
INV-0008189,2024-11-04,APP-0011,CH-ON-01,128,0,14,44,False
INV-0008190,2024-11-04,APP-0011,CH-WS-01,66,0,1,44,False
INV-0008191,2024-11-04,FTW-0012,CH-NE-01,51,0,22,42,False
INV-0008192,2024-11-04,FTW-0012,CH-MW-01,38,71,18,42,False
INV-0008193,2024-11-04,FTW-0012,CH-WE-01,46,0,21,42,False
INV-0008194,2024-11-04,FTW-0012,CH-ON-01,33,51,12,42,False
INV-0008195,2024-11-04,FTW-0012,CH-WS-01,96,0,7,42,False
INV-0008196,2024-11-04,FTW-0013,CH-NE-01,33,0,8,29,False
INV-0008197,2024-11-04,FTW-0013,CH-MW-01,26,55,10,29,False
INV-0008198,2024-11-04,FTW-0013,CH-WE-01,32,0,26,29,False
INV-0008199,2024-11-04,FTW-0013,CH-ON-01,31,0,13,29,False
INV-0008200,2024-11-04,FTW-0013,CH-WS-01,70,0,0,29,False
INV-0008201,2024-11-04,FTW-0014,CH-NE-01,24,112,17,27,False
INV-0008202,2024-11-04,FTW-0014,CH-MW-01,104,0,1,27,False
INV-0008203,2024-11-04,FTW-0014,CH-WE-01,24,96,26,27,False
INV-0008204,2024-11-04,FTW-0014,CH-ON-01,85,0,8,27,False
INV-0008205,2024-11-04,FTW-0014,CH-WS-01,46,0,0,27,False
INV-0008206,2024-11-04,FTW-0015,CH-NE-01,72,0,3,40,False
INV-0008207,2024-11-04,FTW-0015,CH-MW-01,26,67,16,40,False
INV-0008208,2024-11-04,FTW-0015,CH-WE-01,46,0,19,40,False
INV-0008209,2024-11-04,FTW-0015,CH-ON-01,85,0,15,40,False
INV-0008210,2024-11-04,FTW-0015,CH-WS-01,76,0,1,40,False
INV-0008211,2024-11-04,FTW-0016,CH-NE-01,50,0,10,36,False
INV-0008212,2024-11-04,FTW-0016,CH-MW-01,68,0,1,36,False
INV-0008213,2024-11-04,FTW-0016,CH-WE-01,24,77,34,36,False
INV-0008214,2024-11-04,FTW-0016,CH-ON-01,98,0,26,36,False
INV-0008215,2024-11-04,FTW-0016,CH-WS-01,102,0,1,36,False
INV-0008216,2024-11-04,ACC-0017,CH-NE-01,47,0,19,31,False
INV-0008217,2024-11-04,ACC-0017,CH-MW-01,86,0,9,31,False
INV-0008218,2024-11-04,ACC-0017,CH-WE-01,95,0,15,31,False
INV-0008219,2024-11-04,ACC-0017,CH-ON-01,23,84,19,31,False
INV-0008220,2024-11-04,ACC-0017,CH-WS-01,82,0,0,31,False
INV-0008221,2024-11-04,ACC-0018,CH-NE-01,12,48,18,24,False
INV-0008222,2024-11-04,ACC-0018,CH-MW-01,49,0,9,24,False
INV-0008223,2024-11-04,ACC-0018,CH-WE-01,21,72,16,24,False
INV-0008224,2024-11-04,ACC-0018,CH-ON-01,26,0,22,24,False
INV-0008225,2024-11-04,ACC-0018,CH-WS-01,20,49,6,24,False
INV-0008226,2024-11-04,ACC-0019,CH-NE-01,88,0,15,38,False
INV-0008227,2024-11-04,ACC-0019,CH-MW-01,104,0,14,38,False
INV-0008228,2024-11-04,ACC-0019,CH-WE-01,77,0,19,38,False
INV-0008229,2024-11-04,ACC-0019,CH-ON-01,89,0,12,38,False
INV-0008230,2024-11-04,ACC-0019,CH-WS-01,126,0,4,38,False
INV-0008231,2024-11-04,ACC-0020,CH-NE-01,37,0,7,23,False
INV-0008232,2024-11-04,ACC-0020,CH-MW-01,77,0,5,23,False
INV-0008233,2024-11-04,ACC-0020,CH-WE-01,18,48,23,23,False
INV-0008234,2024-11-04,ACC-0020,CH-ON-01,41,0,9,23,False
INV-0008235,2024-11-04,ACC-0020,CH-WS-01,27,0,1,23,False
INV-0008236,2024-11-04,ACC-0022,CH-NE-01,145,0,13,24,False
INV-0008237,2024-11-04,ACC-0022,CH-MW-01,120,0,9,24,False
INV-0008238,2024-11-04,ACC-0022,CH-WE-01,35,0,27,24,False
INV-0008239,2024-11-04,ACC-0022,CH-ON-01,4,99,24,24,False
INV-0008240,2024-11-04,ACC-0022,CH-WS-01,107,0,8,24,False
INV-0008241,2024-11-04,ACC-0023,CH-NE-01,81,0,13,37,False
INV-0008242,2024-11-04,ACC-0023,CH-MW-01,55,0,5,37,False
INV-0008243,2024-11-04,ACC-0023,CH-WE-01,92,0,15,37,False
INV-0008244,2024-11-04,ACC-0023,CH-ON-01,55,0,14,37,False
INV-0008245,2024-11-04,ACC-0023,CH-WS-01,97,0,2,37,False
INV-0008246,2024-11-04,ACC-0024,CH-NE-01,5,135,14,16,False
INV-0008247,2024-11-04,ACC-0024,CH-MW-01,32,0,16,16,False
INV-0008248,2024-11-04,ACC-0024,CH-WE-01,138,0,7,16,False
INV-0008249,2024-11-04,ACC-0024,CH-ON-01,114,0,13,16,False
INV-0008250,2024-11-04,ACC-0024,CH-WS-01,112,0,1,16,False
INV-0008251,2024-11-04,HOM-0025,CH-NE-01,75,0,7,40,False
INV-0008252,2024-11-04,HOM-0025,CH-MW-01,58,0,4,40,False
INV-0008253,2024-11-04,HOM-0025,CH-WE-01,83,0,11,40,False
INV-0008254,2024-11-04,HOM-0025,CH-ON-01,37,58,12,40,False
INV-0008255,2024-11-04,HOM-0025,CH-WS-01,66,0,0,40,False
INV-0008256,2024-11-04,HOM-0026,CH-NE-01,31,0,29,26,False
INV-0008257,2024-11-04,HOM-0026,CH-MW-01,53,0,0,26,False
INV-0008258,2024-11-04,HOM-0026,CH-WE-01,16,48,19,26,False
INV-0008259,2024-11-04,HOM-0026,CH-ON-01,32,0,14,26,False
INV-0008260,2024-11-04,HOM-0026,CH-WS-01,33,0,2,26,False
INV-0008261,2024-11-04,HOM-0027,CH-NE-01,87,0,6,43,False
INV-0008262,2024-11-04,HOM-0027,CH-MW-01,91,0,20,43,False
INV-0008263,2024-11-04,HOM-0027,CH-WE-01,46,0,8,43,False
INV-0008264,2024-11-04,HOM-0027,CH-ON-01,46,0,22,43,False
INV-0008265,2024-11-04,HOM-0027,CH-WS-01,90,0,0,43,False
INV-0008266,2024-11-04,HOM-0028,CH-NE-01,40,0,10,24,False
INV-0008267,2024-11-04,HOM-0028,CH-MW-01,45,0,4,24,False
INV-0008268,2024-11-04,HOM-0028,CH-WE-01,22,42,12,24,False
INV-0008269,2024-11-04,HOM-0028,CH-ON-01,29,0,9,24,False
INV-0008270,2024-11-04,HOM-0028,CH-WS-01,82,0,3,24,False
INV-0008271,2024-11-04,HOM-0029,CH-NE-01,98,0,14,39,False
INV-0008272,2024-11-04,HOM-0029,CH-MW-01,149,0,6,39,False
INV-0008273,2024-11-04,HOM-0029,CH-WE-01,92,0,9,39,False
INV-0008274,2024-11-04,HOM-0029,CH-ON-01,40,0,16,39,False
INV-0008275,2024-11-04,HOM-0029,CH-WS-01,107,0,0,39,False
INV-0008276,2024-11-04,HOM-0030,CH-NE-01,91,0,14,43,False
INV-0008277,2024-11-04,HOM-0030,CH-MW-01,127,0,5,43,False
INV-0008278,2024-11-04,HOM-0030,CH-WE-01,99,0,10,43,False
INV-0008279,2024-11-04,HOM-0030,CH-ON-01,67,0,13,43,False
INV-0008280,2024-11-04,HOM-0030,CH-WS-01,140,0,3,43,False
INV-0008281,2024-11-04,HOM-0031,CH-NE-01,62,0,24,25,False
INV-0008282,2024-11-04,HOM-0031,CH-MW-01,95,0,1,25,False
INV-0008283,2024-11-04,HOM-0031,CH-WE-01,54,0,13,25,False
INV-0008284,2024-11-04,HOM-0031,CH-ON-01,51,0,4,25,False
INV-0008285,2024-11-04,HOM-0031,CH-WS-01,34,0,0,25,False
INV-0008286,2024-11-04,HOM-0032,CH-NE-01,21,40,17,28,False
INV-0008287,2024-11-04,HOM-0032,CH-MW-01,67,0,8,28,False
INV-0008288,2024-11-04,HOM-0032,CH-WE-01,38,0,17,28,False
INV-0008289,2024-11-04,HOM-0032,CH-ON-01,32,0,13,28,False
INV-0008290,2024-11-04,HOM-0032,CH-WS-01,76,0,2,28,False
INV-0008291,2024-11-11,APP-0001,CH-NE-01,34,0,8,33,False
INV-0008292,2024-11-11,APP-0001,CH-MW-01,72,0,13,33,False
INV-0008293,2024-11-11,APP-0001,CH-WE-01,32,125,15,33,False
INV-0008294,2024-11-11,APP-0001,CH-ON-01,58,0,17,33,False
INV-0008295,2024-11-11,APP-0001,CH-WS-01,95,0,0,33,False
INV-0008296,2024-11-11,APP-0002,CH-NE-01,129,0,18,23,False
INV-0008297,2024-11-11,APP-0002,CH-MW-01,79,0,10,23,False
INV-0008298,2024-11-11,APP-0002,CH-WE-01,40,0,16,23,False
INV-0008299,2024-11-11,APP-0002,CH-ON-01,30,0,18,23,False
INV-0008300,2024-11-11,APP-0002,CH-WS-01,108,0,1,23,False
INV-0008301,2024-11-11,APP-0003,CH-NE-01,56,0,9,15,False
INV-0008302,2024-11-11,APP-0003,CH-MW-01,31,0,12,15,False
INV-0008303,2024-11-11,APP-0003,CH-WE-01,49,0,13,15,False
INV-0008304,2024-11-11,APP-0003,CH-ON-01,37,0,33,15,False
INV-0008305,2024-11-11,APP-0003,CH-WS-01,50,0,3,15,False
INV-0008306,2024-11-11,APP-0004,CH-NE-01,71,0,15,39,False
INV-0008307,2024-11-11,APP-0004,CH-MW-01,70,0,13,39,False
INV-0008308,2024-11-11,APP-0004,CH-WE-01,35,84,17,39,False
INV-0008309,2024-11-11,APP-0004,CH-ON-01,93,0,18,39,False
INV-0008310,2024-11-11,APP-0004,CH-WS-01,114,0,0,39,False
INV-0008311,2024-11-11,APP-0005,CH-NE-01,129,0,15,36,False
INV-0008312,2024-11-11,APP-0005,CH-MW-01,36,78,10,36,False
INV-0008313,2024-11-11,APP-0005,CH-WE-01,39,0,20,36,False
INV-0008314,2024-11-11,APP-0005,CH-ON-01,46,0,22,36,False
INV-0008315,2024-11-11,APP-0005,CH-WS-01,101,0,3,36,False
INV-0008316,2024-11-11,APP-0006,CH-NE-01,29,64,24,38,False
INV-0008317,2024-11-11,APP-0006,CH-MW-01,52,0,16,38,False
INV-0008318,2024-11-11,APP-0006,CH-WE-01,44,0,11,38,False
INV-0008319,2024-11-11,APP-0006,CH-ON-01,34,63,15,38,False
INV-0008320,2024-11-11,APP-0006,CH-WS-01,57,0,0,38,False
INV-0008321,2024-11-11,APP-0007,CH-NE-01,82,0,11,28,False
INV-0008322,2024-11-11,APP-0007,CH-MW-01,24,63,8,28,False
INV-0008323,2024-11-11,APP-0007,CH-WE-01,72,0,22,28,False
INV-0008324,2024-11-11,APP-0007,CH-ON-01,42,0,15,28,False
INV-0008325,2024-11-11,APP-0007,CH-WS-01,23,53,8,28,False
INV-0008326,2024-11-11,APP-0008,CH-NE-01,29,0,8,17,False
INV-0008327,2024-11-11,APP-0008,CH-MW-01,37,0,10,17,False
INV-0008328,2024-11-11,APP-0008,CH-WE-01,55,0,10,17,False
INV-0008329,2024-11-11,APP-0008,CH-ON-01,39,0,8,17,False
INV-0008330,2024-11-11,APP-0008,CH-WS-01,122,0,7,17,False
INV-0008331,2024-11-11,APP-0009,CH-NE-01,19,35,13,21,False
INV-0008332,2024-11-11,APP-0009,CH-MW-01,31,0,16,21,False
INV-0008333,2024-11-11,APP-0009,CH-WE-01,48,0,12,21,False
INV-0008334,2024-11-11,APP-0009,CH-ON-01,11,60,34,21,False
INV-0008335,2024-11-11,APP-0009,CH-WS-01,22,0,0,21,False
INV-0008336,2024-11-11,APP-0010,CH-NE-01,86,0,13,34,False
INV-0008337,2024-11-11,APP-0010,CH-MW-01,69,0,15,34,False
INV-0008338,2024-11-11,APP-0010,CH-WE-01,27,107,14,34,False
INV-0008339,2024-11-11,APP-0010,CH-ON-01,82,0,26,34,False
INV-0008340,2024-11-11,APP-0010,CH-WS-01,53,0,5,34,False
INV-0008341,2024-11-11,APP-0011,CH-NE-01,149,0,17,44,False
INV-0008342,2024-11-11,APP-0011,CH-MW-01,81,0,1,44,False
INV-0008343,2024-11-11,APP-0011,CH-WE-01,141,0,10,44,False
INV-0008344,2024-11-11,APP-0011,CH-ON-01,107,0,21,44,False
INV-0008345,2024-11-11,APP-0011,CH-WS-01,62,0,4,44,False
INV-0008346,2024-11-11,FTW-0012,CH-NE-01,51,0,0,42,False
INV-0008347,2024-11-11,FTW-0012,CH-MW-01,101,0,8,42,False
INV-0008348,2024-11-11,FTW-0012,CH-WE-01,26,70,20,42,False
INV-0008349,2024-11-11,FTW-0012,CH-ON-01,62,0,22,42,False
INV-0008350,2024-11-11,FTW-0012,CH-WS-01,95,0,1,42,False
INV-0008351,2024-11-11,FTW-0013,CH-NE-01,20,61,13,29,False
INV-0008352,2024-11-11,FTW-0013,CH-MW-01,78,0,3,29,False
INV-0008353,2024-11-11,FTW-0013,CH-WE-01,20,46,12,29,False
INV-0008354,2024-11-11,FTW-0013,CH-ON-01,13,33,18,29,False
INV-0008355,2024-11-11,FTW-0013,CH-WS-01,67,0,3,29,False
INV-0008356,2024-11-11,FTW-0014,CH-NE-01,124,0,12,27,False
INV-0008357,2024-11-11,FTW-0014,CH-MW-01,96,0,8,27,False
INV-0008358,2024-11-11,FTW-0014,CH-WE-01,116,0,4,27,False
INV-0008359,2024-11-11,FTW-0014,CH-ON-01,70,0,15,27,False
INV-0008360,2024-11-11,FTW-0014,CH-WS-01,46,0,0,27,False
INV-0008361,2024-11-11,FTW-0015,CH-NE-01,64,0,8,40,False
INV-0008362,2024-11-11,FTW-0015,CH-MW-01,83,0,10,40,False
INV-0008363,2024-11-11,FTW-0015,CH-WE-01,17,46,29,40,False
INV-0008364,2024-11-11,FTW-0015,CH-ON-01,59,0,26,40,False
INV-0008365,2024-11-11,FTW-0015,CH-WS-01,75,0,1,40,False
INV-0008366,2024-11-11,FTW-0016,CH-NE-01,38,0,12,36,False
INV-0008367,2024-11-11,FTW-0016,CH-MW-01,56,0,12,36,False
INV-0008368,2024-11-11,FTW-0016,CH-WE-01,94,0,7,36,False
INV-0008369,2024-11-11,FTW-0016,CH-ON-01,85,0,13,36,False
INV-0008370,2024-11-11,FTW-0016,CH-WS-01,102,0,0,36,False
INV-0008371,2024-11-11,ACC-0017,CH-NE-01,34,0,13,31,False
INV-0008372,2024-11-11,ACC-0017,CH-MW-01,81,0,5,31,False
INV-0008373,2024-11-11,ACC-0017,CH-WE-01,78,0,17,31,False
INV-0008374,2024-11-11,ACC-0017,CH-ON-01,98,0,9,31,False
INV-0008375,2024-11-11,ACC-0017,CH-WS-01,79,0,3,31,False
INV-0008376,2024-11-11,ACC-0018,CH-NE-01,52,0,8,24,False
INV-0008377,2024-11-11,ACC-0018,CH-MW-01,46,0,3,24,False
INV-0008378,2024-11-11,ACC-0018,CH-WE-01,64,0,29,24,False
INV-0008379,2024-11-11,ACC-0018,CH-ON-01,0,38,26,24,True
INV-0008380,2024-11-11,ACC-0018,CH-WS-01,69,0,0,24,False
INV-0008381,2024-11-11,ACC-0019,CH-NE-01,74,0,14,38,False
INV-0008382,2024-11-11,ACC-0019,CH-MW-01,100,0,4,38,False
INV-0008383,2024-11-11,ACC-0019,CH-WE-01,63,0,14,38,False
INV-0008384,2024-11-11,ACC-0019,CH-ON-01,63,0,26,38,False
INV-0008385,2024-11-11,ACC-0019,CH-WS-01,119,0,7,38,False
INV-0008386,2024-11-11,ACC-0020,CH-NE-01,15,34,22,23,False
INV-0008387,2024-11-11,ACC-0020,CH-MW-01,71,0,6,23,False
INV-0008388,2024-11-11,ACC-0020,CH-WE-01,47,0,19,23,False
INV-0008389,2024-11-11,ACC-0020,CH-ON-01,23,60,18,23,False
INV-0008390,2024-11-11,ACC-0020,CH-WS-01,27,0,0,23,False
INV-0008391,2024-11-11,ACC-0022,CH-NE-01,128,0,17,24,False
INV-0008392,2024-11-11,ACC-0022,CH-MW-01,118,0,2,24,False
INV-0008393,2024-11-11,ACC-0022,CH-WE-01,30,0,5,24,False
INV-0008394,2024-11-11,ACC-0022,CH-ON-01,86,0,17,24,False
INV-0008395,2024-11-11,ACC-0022,CH-WS-01,103,0,4,24,False
INV-0008396,2024-11-11,ACC-0023,CH-NE-01,55,0,26,37,False
INV-0008397,2024-11-11,ACC-0023,CH-MW-01,43,0,12,37,False
INV-0008398,2024-11-11,ACC-0023,CH-WE-01,85,0,7,37,False
INV-0008399,2024-11-11,ACC-0023,CH-ON-01,40,0,15,37,False
INV-0008400,2024-11-11,ACC-0023,CH-WS-01,82,0,15,37,False
INV-0008401,2024-11-11,ACC-0024,CH-NE-01,126,0,14,16,False
INV-0008402,2024-11-11,ACC-0024,CH-MW-01,27,0,5,16,False
INV-0008403,2024-11-11,ACC-0024,CH-WE-01,116,0,22,16,False
INV-0008404,2024-11-11,ACC-0024,CH-ON-01,102,0,12,16,False
INV-0008405,2024-11-11,ACC-0024,CH-WS-01,106,0,6,16,False
INV-0008406,2024-11-11,HOM-0025,CH-NE-01,62,0,13,40,False
INV-0008407,2024-11-11,HOM-0025,CH-MW-01,53,0,5,40,False
INV-0008408,2024-11-11,HOM-0025,CH-WE-01,75,0,8,40,False
INV-0008409,2024-11-11,HOM-0025,CH-ON-01,80,0,15,40,False
INV-0008410,2024-11-11,HOM-0025,CH-WS-01,62,0,4,40,False
INV-0008411,2024-11-11,HOM-0026,CH-NE-01,17,64,14,26,False
INV-0008412,2024-11-11,HOM-0026,CH-MW-01,48,0,5,26,False
INV-0008413,2024-11-11,HOM-0026,CH-WE-01,54,0,10,26,False
INV-0008414,2024-11-11,HOM-0026,CH-ON-01,9,44,23,26,False
INV-0008415,2024-11-11,HOM-0026,CH-WS-01,22,36,11,26,False
INV-0008416,2024-11-11,HOM-0027,CH-NE-01,64,0,23,43,False
INV-0008417,2024-11-11,HOM-0027,CH-MW-01,78,0,13,43,False
INV-0008418,2024-11-11,HOM-0027,CH-WE-01,31,91,15,43,False
INV-0008419,2024-11-11,HOM-0027,CH-ON-01,15,50,31,43,False
INV-0008420,2024-11-11,HOM-0027,CH-WS-01,90,0,0,43,False
INV-0008421,2024-11-11,HOM-0028,CH-NE-01,24,50,16,24,False
INV-0008422,2024-11-11,HOM-0028,CH-MW-01,42,0,3,24,False
INV-0008423,2024-11-11,HOM-0028,CH-WE-01,47,0,17,24,False
INV-0008424,2024-11-11,HOM-0028,CH-ON-01,17,58,12,24,False
INV-0008425,2024-11-11,HOM-0028,CH-WS-01,77,0,5,24,False
INV-0008426,2024-11-11,HOM-0029,CH-NE-01,84,0,14,39,False
INV-0008427,2024-11-11,HOM-0029,CH-MW-01,130,0,19,39,False
INV-0008428,2024-11-11,HOM-0029,CH-WE-01,72,0,20,39,False
INV-0008429,2024-11-11,HOM-0029,CH-ON-01,17,76,23,39,False
INV-0008430,2024-11-11,HOM-0029,CH-WS-01,104,0,3,39,False
INV-0008431,2024-11-11,HOM-0030,CH-NE-01,82,0,9,43,False
INV-0008432,2024-11-11,HOM-0030,CH-MW-01,110,0,17,43,False
INV-0008433,2024-11-11,HOM-0030,CH-WE-01,93,0,6,43,False
INV-0008434,2024-11-11,HOM-0030,CH-ON-01,62,0,5,43,False
INV-0008435,2024-11-11,HOM-0030,CH-WS-01,134,0,6,43,False
INV-0008436,2024-11-11,HOM-0031,CH-NE-01,52,0,10,25,False
INV-0008437,2024-11-11,HOM-0031,CH-MW-01,92,0,3,25,False
INV-0008438,2024-11-11,HOM-0031,CH-WE-01,49,0,5,25,False
INV-0008439,2024-11-11,HOM-0031,CH-ON-01,27,0,24,25,False
INV-0008440,2024-11-11,HOM-0031,CH-WS-01,27,0,7,25,False
INV-0008441,2024-11-11,HOM-0032,CH-NE-01,54,0,7,28,False
INV-0008442,2024-11-11,HOM-0032,CH-MW-01,64,0,3,28,False
INV-0008443,2024-11-11,HOM-0032,CH-WE-01,26,55,12,28,False
INV-0008444,2024-11-11,HOM-0032,CH-ON-01,15,55,17,28,False
INV-0008445,2024-11-11,HOM-0032,CH-WS-01,76,0,0,28,False
INV-0008446,2024-11-18,APP-0001,CH-NE-01,8,66,26,33,False
INV-0008447,2024-11-18,APP-0001,CH-MW-01,62,0,10,33,False
INV-0008448,2024-11-18,APP-0001,CH-WE-01,148,0,9,33,False
INV-0008449,2024-11-18,APP-0001,CH-ON-01,42,0,16,33,False
INV-0008450,2024-11-18,APP-0001,CH-WS-01,95,0,0,33,False
INV-0008451,2024-11-18,APP-0002,CH-NE-01,104,0,25,23,False
INV-0008452,2024-11-18,APP-0002,CH-MW-01,70,0,9,23,False
INV-0008453,2024-11-18,APP-0002,CH-WE-01,37,0,3,23,False
INV-0008454,2024-11-18,APP-0002,CH-ON-01,20,79,10,23,False
INV-0008455,2024-11-18,APP-0002,CH-WS-01,105,0,3,23,False
INV-0008456,2024-11-18,APP-0003,CH-NE-01,52,0,4,15,False
INV-0008457,2024-11-18,APP-0003,CH-MW-01,27,0,4,15,False
INV-0008458,2024-11-18,APP-0003,CH-WE-01,38,0,11,15,False
INV-0008459,2024-11-18,APP-0003,CH-ON-01,26,0,11,15,False
INV-0008460,2024-11-18,APP-0003,CH-WS-01,50,0,0,15,False
INV-0008461,2024-11-18,APP-0004,CH-NE-01,69,0,2,39,False
INV-0008462,2024-11-18,APP-0004,CH-MW-01,63,0,7,39,False
INV-0008463,2024-11-18,APP-0004,CH-WE-01,114,0,5,39,False
INV-0008464,2024-11-18,APP-0004,CH-ON-01,78,0,15,39,False
INV-0008465,2024-11-18,APP-0004,CH-WS-01,107,0,7,39,False
INV-0008466,2024-11-18,APP-0005,CH-NE-01,107,0,22,36,False
INV-0008467,2024-11-18,APP-0005,CH-MW-01,104,0,10,36,False
INV-0008468,2024-11-18,APP-0005,CH-WE-01,24,130,15,36,False
INV-0008469,2024-11-18,APP-0005,CH-ON-01,30,112,16,36,False
INV-0008470,2024-11-18,APP-0005,CH-WS-01,99,0,2,36,False
INV-0008471,2024-11-18,APP-0006,CH-NE-01,81,0,12,38,False
INV-0008472,2024-11-18,APP-0006,CH-MW-01,39,0,13,38,False
INV-0008473,2024-11-18,APP-0006,CH-WE-01,15,63,29,38,False
INV-0008474,2024-11-18,APP-0006,CH-ON-01,78,0,19,38,False
INV-0008475,2024-11-18,APP-0006,CH-WS-01,51,0,6,38,False
INV-0008476,2024-11-18,APP-0007,CH-NE-01,61,0,21,28,False
INV-0008477,2024-11-18,APP-0007,CH-MW-01,74,0,13,28,False
INV-0008478,2024-11-18,APP-0007,CH-WE-01,41,0,31,28,False
INV-0008479,2024-11-18,APP-0007,CH-ON-01,25,86,17,28,False
INV-0008480,2024-11-18,APP-0007,CH-WS-01,75,0,1,28,False
INV-0008481,2024-11-18,APP-0008,CH-NE-01,11,98,18,17,False
INV-0008482,2024-11-18,APP-0008,CH-MW-01,26,0,11,17,False
INV-0008483,2024-11-18,APP-0008,CH-WE-01,35,0,20,17,False
INV-0008484,2024-11-18,APP-0008,CH-ON-01,22,0,17,17,False
INV-0008485,2024-11-18,APP-0008,CH-WS-01,120,0,2,17,False
INV-0008486,2024-11-18,APP-0009,CH-NE-01,42,0,12,21,False
INV-0008487,2024-11-18,APP-0009,CH-MW-01,17,69,14,21,False
INV-0008488,2024-11-18,APP-0009,CH-WE-01,32,0,16,21,False
INV-0008489,2024-11-18,APP-0009,CH-ON-01,42,0,29,21,False
INV-0008490,2024-11-18,APP-0009,CH-WS-01,14,67,8,21,False
INV-0008491,2024-11-18,APP-0010,CH-NE-01,77,0,9,34,False
INV-0008492,2024-11-18,APP-0010,CH-MW-01,59,0,10,34,False
INV-0008493,2024-11-18,APP-0010,CH-WE-01,127,0,7,34,False
INV-0008494,2024-11-18,APP-0010,CH-ON-01,61,0,21,34,False
INV-0008495,2024-11-18,APP-0010,CH-WS-01,49,0,4,34,False
INV-0008496,2024-11-18,APP-0011,CH-NE-01,138,0,11,44,False
INV-0008497,2024-11-18,APP-0011,CH-MW-01,61,0,20,44,False
INV-0008498,2024-11-18,APP-0011,CH-WE-01,136,0,5,44,False
INV-0008499,2024-11-18,APP-0011,CH-ON-01,99,0,8,44,False
INV-0008500,2024-11-18,APP-0011,CH-WS-01,62,0,0,44,False
INV-0008501,2024-11-18,FTW-0012,CH-NE-01,36,54,15,42,False
INV-0008502,2024-11-18,FTW-0012,CH-MW-01,82,0,19,42,False
INV-0008503,2024-11-18,FTW-0012,CH-WE-01,66,0,30,42,False
INV-0008504,2024-11-18,FTW-0012,CH-ON-01,48,0,14,42,False
INV-0008505,2024-11-18,FTW-0012,CH-WS-01,95,0,0,42,False
INV-0008506,2024-11-18,FTW-0013,CH-NE-01,62,0,19,29,False
INV-0008507,2024-11-18,FTW-0013,CH-MW-01,57,0,21,29,False
INV-0008508,2024-11-18,FTW-0013,CH-WE-01,54,0,12,29,False
INV-0008509,2024-11-18,FTW-0013,CH-ON-01,28,53,18,29,False
INV-0008510,2024-11-18,FTW-0013,CH-WS-01,67,0,0,29,False
INV-0008511,2024-11-18,FTW-0014,CH-NE-01,107,0,17,27,False
INV-0008512,2024-11-18,FTW-0014,CH-MW-01,83,0,13,27,False
INV-0008513,2024-11-18,FTW-0014,CH-WE-01,109,0,7,27,False
INV-0008514,2024-11-18,FTW-0014,CH-ON-01,57,0,13,27,False
INV-0008515,2024-11-18,FTW-0014,CH-WS-01,43,0,3,27,False
INV-0008516,2024-11-18,FTW-0015,CH-NE-01,45,0,19,40,False
INV-0008517,2024-11-18,FTW-0015,CH-MW-01,75,0,8,40,False
INV-0008518,2024-11-18,FTW-0015,CH-WE-01,50,0,13,40,False
INV-0008519,2024-11-18,FTW-0015,CH-ON-01,36,55,23,40,False
INV-0008520,2024-11-18,FTW-0015,CH-WS-01,72,0,3,40,False
INV-0008521,2024-11-18,FTW-0016,CH-NE-01,25,95,13,36,False
INV-0008522,2024-11-18,FTW-0016,CH-MW-01,52,0,4,36,False
INV-0008523,2024-11-18,FTW-0016,CH-WE-01,75,0,19,36,False
INV-0008524,2024-11-18,FTW-0016,CH-ON-01,77,0,8,36,False
INV-0008525,2024-11-18,FTW-0016,CH-WS-01,102,0,0,36,False
INV-0008526,2024-11-18,ACC-0017,CH-NE-01,21,94,13,31,False
INV-0008527,2024-11-18,ACC-0017,CH-MW-01,71,0,10,31,False
INV-0008528,2024-11-18,ACC-0017,CH-WE-01,69,0,9,31,False
INV-0008529,2024-11-18,ACC-0017,CH-ON-01,84,0,14,31,False
INV-0008530,2024-11-18,ACC-0017,CH-WS-01,78,0,1,31,False
INV-0008531,2024-11-18,ACC-0018,CH-NE-01,43,0,9,24,False
INV-0008532,2024-11-18,ACC-0018,CH-MW-01,36,0,10,24,False
INV-0008533,2024-11-18,ACC-0018,CH-WE-01,47,0,17,24,False
INV-0008534,2024-11-18,ACC-0018,CH-ON-01,24,68,14,24,False
INV-0008535,2024-11-18,ACC-0018,CH-WS-01,68,0,1,24,False
INV-0008536,2024-11-18,ACC-0019,CH-NE-01,59,0,15,38,False
INV-0008537,2024-11-18,ACC-0019,CH-MW-01,90,0,10,38,False
INV-0008538,2024-11-18,ACC-0019,CH-WE-01,39,0,24,38,False
INV-0008539,2024-11-18,ACC-0019,CH-ON-01,57,0,6,38,False
INV-0008540,2024-11-18,ACC-0019,CH-WS-01,119,0,0,38,False
INV-0008541,2024-11-18,ACC-0020,CH-NE-01,37,0,12,23,False
INV-0008542,2024-11-18,ACC-0020,CH-MW-01,57,0,14,23,False
INV-0008543,2024-11-18,ACC-0020,CH-WE-01,33,0,14,23,False
INV-0008544,2024-11-18,ACC-0020,CH-ON-01,73,0,10,23,False
INV-0008545,2024-11-18,ACC-0020,CH-WS-01,25,0,2,23,False
INV-0008546,2024-11-18,ACC-0022,CH-NE-01,118,0,10,24,False
INV-0008547,2024-11-18,ACC-0022,CH-MW-01,115,0,3,24,False
INV-0008548,2024-11-18,ACC-0022,CH-WE-01,18,87,12,24,False
INV-0008549,2024-11-18,ACC-0022,CH-ON-01,74,0,12,24,False
INV-0008550,2024-11-18,ACC-0022,CH-WS-01,103,0,0,24,False
INV-0008551,2024-11-18,ACC-0023,CH-NE-01,35,57,20,37,False
INV-0008552,2024-11-18,ACC-0023,CH-MW-01,40,0,3,37,False
INV-0008553,2024-11-18,ACC-0023,CH-WE-01,66,0,19,37,False
INV-0008554,2024-11-18,ACC-0023,CH-ON-01,8,91,32,37,False
INV-0008555,2024-11-18,ACC-0023,CH-WS-01,79,0,3,37,False
INV-0008556,2024-11-18,ACC-0024,CH-NE-01,113,0,13,16,False
INV-0008557,2024-11-18,ACC-0024,CH-MW-01,16,100,11,16,False
INV-0008558,2024-11-18,ACC-0024,CH-WE-01,91,0,25,16,False
INV-0008559,2024-11-18,ACC-0024,CH-ON-01,66,0,36,16,False
INV-0008560,2024-11-18,ACC-0024,CH-WS-01,102,0,4,16,False
INV-0008561,2024-11-18,HOM-0025,CH-NE-01,50,0,12,40,False
INV-0008562,2024-11-18,HOM-0025,CH-MW-01,39,94,14,40,False
INV-0008563,2024-11-18,HOM-0025,CH-WE-01,46,0,29,40,False
INV-0008564,2024-11-18,HOM-0025,CH-ON-01,62,0,18,40,False
INV-0008565,2024-11-18,HOM-0025,CH-WS-01,59,0,3,40,False
INV-0008566,2024-11-18,HOM-0026,CH-NE-01,62,0,19,26,False
INV-0008567,2024-11-18,HOM-0026,CH-MW-01,42,0,6,26,False
INV-0008568,2024-11-18,HOM-0026,CH-WE-01,42,0,12,26,False
INV-0008569,2024-11-18,HOM-0026,CH-ON-01,39,0,14,26,False
INV-0008570,2024-11-18,HOM-0026,CH-WS-01,55,0,3,26,False
INV-0008571,2024-11-18,HOM-0027,CH-NE-01,63,0,1,43,False
INV-0008572,2024-11-18,HOM-0027,CH-MW-01,69,0,9,43,False
INV-0008573,2024-11-18,HOM-0027,CH-WE-01,110,0,12,43,False
INV-0008574,2024-11-18,HOM-0027,CH-ON-01,50,0,15,43,False
INV-0008575,2024-11-18,HOM-0027,CH-WS-01,90,0,0,43,False
INV-0008576,2024-11-18,HOM-0028,CH-NE-01,58,0,16,24,False
INV-0008577,2024-11-18,HOM-0028,CH-MW-01,31,0,11,24,False
INV-0008578,2024-11-18,HOM-0028,CH-WE-01,38,0,9,24,False
INV-0008579,2024-11-18,HOM-0028,CH-ON-01,75,0,0,24,False
INV-0008580,2024-11-18,HOM-0028,CH-WS-01,77,0,0,24,False
INV-0008581,2024-11-18,HOM-0029,CH-NE-01,75,0,9,39,False
INV-0008582,2024-11-18,HOM-0029,CH-MW-01,118,0,12,39,False
INV-0008583,2024-11-18,HOM-0029,CH-WE-01,65,0,7,39,False
INV-0008584,2024-11-18,HOM-0029,CH-ON-01,83,0,10,39,False
INV-0008585,2024-11-18,HOM-0029,CH-WS-01,97,0,7,39,False
INV-0008586,2024-11-18,HOM-0030,CH-NE-01,80,0,2,43,False
INV-0008587,2024-11-18,HOM-0030,CH-MW-01,105,0,5,43,False
INV-0008588,2024-11-18,HOM-0030,CH-WE-01,73,0,20,43,False
INV-0008589,2024-11-18,HOM-0030,CH-ON-01,56,0,6,43,False
INV-0008590,2024-11-18,HOM-0030,CH-WS-01,132,0,2,43,False
INV-0008591,2024-11-18,HOM-0031,CH-NE-01,37,0,15,25,False
INV-0008592,2024-11-18,HOM-0031,CH-MW-01,85,0,7,25,False
INV-0008593,2024-11-18,HOM-0031,CH-WE-01,42,0,7,25,False
INV-0008594,2024-11-18,HOM-0031,CH-ON-01,13,67,14,25,False
INV-0008595,2024-11-18,HOM-0031,CH-WS-01,24,51,3,25,False
INV-0008596,2024-11-18,HOM-0032,CH-NE-01,45,0,9,28,False
INV-0008597,2024-11-18,HOM-0032,CH-MW-01,60,0,4,28,False
INV-0008598,2024-11-18,HOM-0032,CH-WE-01,69,0,12,28,False
INV-0008599,2024-11-18,HOM-0032,CH-ON-01,58,0,12,28,False
INV-0008600,2024-11-18,HOM-0032,CH-WS-01,70,0,6,28,False
INV-0008601,2024-11-25,APP-0001,CH-NE-01,58,0,16,33,False
INV-0008602,2024-11-25,APP-0001,CH-MW-01,51,0,11,33,False
INV-0008603,2024-11-25,APP-0001,CH-WE-01,121,0,27,33,False
INV-0008604,2024-11-25,APP-0001,CH-ON-01,14,104,28,33,False
INV-0008605,2024-11-25,APP-0001,CH-WS-01,78,0,17,33,False
INV-0008606,2024-11-25,APP-0002,CH-NE-01,98,0,6,23,False
INV-0008607,2024-11-25,APP-0002,CH-MW-01,55,0,15,23,False
INV-0008608,2024-11-25,APP-0002,CH-WE-01,20,117,17,23,False
INV-0008609,2024-11-25,APP-0002,CH-ON-01,85,0,14,23,False
INV-0008610,2024-11-25,APP-0002,CH-WS-01,105,0,0,23,False
INV-0008611,2024-11-25,APP-0003,CH-NE-01,47,0,5,15,False
INV-0008612,2024-11-25,APP-0003,CH-MW-01,20,0,7,15,False
INV-0008613,2024-11-25,APP-0003,CH-WE-01,18,0,20,15,False
INV-0008614,2024-11-25,APP-0003,CH-ON-01,0,57,28,15,True
INV-0008615,2024-11-25,APP-0003,CH-WS-01,50,0,0,15,False
INV-0008616,2024-11-25,APP-0004,CH-NE-01,62,0,7,39,False
INV-0008617,2024-11-25,APP-0004,CH-MW-01,51,0,12,39,False
INV-0008618,2024-11-25,APP-0004,CH-WE-01,97,0,17,39,False
INV-0008619,2024-11-25,APP-0004,CH-ON-01,61,0,17,39,False
INV-0008620,2024-11-25,APP-0004,CH-WS-01,107,0,0,39,False
INV-0008621,2024-11-25,APP-0005,CH-NE-01,90,0,17,36,False
INV-0008622,2024-11-25,APP-0005,CH-MW-01,89,0,15,36,False
INV-0008623,2024-11-25,APP-0005,CH-WE-01,136,0,18,36,False
INV-0008624,2024-11-25,APP-0005,CH-ON-01,135,0,7,36,False
INV-0008625,2024-11-25,APP-0005,CH-WS-01,95,0,4,36,False
INV-0008626,2024-11-25,APP-0006,CH-NE-01,70,0,11,38,False
INV-0008627,2024-11-25,APP-0006,CH-MW-01,31,36,8,38,False
INV-0008628,2024-11-25,APP-0006,CH-WE-01,66,0,12,38,False
INV-0008629,2024-11-25,APP-0006,CH-ON-01,46,0,32,38,False
INV-0008630,2024-11-25,APP-0006,CH-WS-01,49,0,2,38,False
INV-0008631,2024-11-25,APP-0007,CH-NE-01,49,0,12,28,False
INV-0008632,2024-11-25,APP-0007,CH-MW-01,65,0,9,28,False
INV-0008633,2024-11-25,APP-0007,CH-WE-01,20,61,21,28,False
INV-0008634,2024-11-25,APP-0007,CH-ON-01,87,0,24,28,False
INV-0008635,2024-11-25,APP-0007,CH-WS-01,75,0,0,28,False
INV-0008636,2024-11-25,APP-0008,CH-NE-01,98,0,11,17,False
INV-0008637,2024-11-25,APP-0008,CH-MW-01,23,0,3,17,False
INV-0008638,2024-11-25,APP-0008,CH-WE-01,21,0,14,17,False
INV-0008639,2024-11-25,APP-0008,CH-ON-01,3,127,19,17,False
INV-0008640,2024-11-25,APP-0008,CH-WS-01,120,0,0,17,False
INV-0008641,2024-11-25,APP-0009,CH-NE-01,35,0,7,21,False
INV-0008642,2024-11-25,APP-0009,CH-MW-01,78,0,8,21,False
INV-0008643,2024-11-25,APP-0009,CH-WE-01,26,0,6,21,False
INV-0008644,2024-11-25,APP-0009,CH-ON-01,33,0,9,21,False
INV-0008645,2024-11-25,APP-0009,CH-WS-01,78,0,3,21,False
INV-0008646,2024-11-25,APP-0010,CH-NE-01,67,0,10,34,False
INV-0008647,2024-11-25,APP-0010,CH-MW-01,40,0,19,34,False
INV-0008648,2024-11-25,APP-0010,CH-WE-01,117,0,10,34,False
INV-0008649,2024-11-25,APP-0010,CH-ON-01,40,0,21,34,False
INV-0008650,2024-11-25,APP-0010,CH-WS-01,49,0,0,34,False
INV-0008651,2024-11-25,APP-0011,CH-NE-01,125,0,13,44,False
INV-0008652,2024-11-25,APP-0011,CH-MW-01,61,0,0,44,False
INV-0008653,2024-11-25,APP-0011,CH-WE-01,113,0,23,44,False
INV-0008654,2024-11-25,APP-0011,CH-ON-01,79,0,20,44,False
INV-0008655,2024-11-25,APP-0011,CH-WS-01,55,0,7,44,False
INV-0008656,2024-11-25,FTW-0012,CH-NE-01,81,0,9,42,False
INV-0008657,2024-11-25,FTW-0012,CH-MW-01,76,0,6,42,False
INV-0008658,2024-11-25,FTW-0012,CH-WE-01,42,57,24,42,False
INV-0008659,2024-11-25,FTW-0012,CH-ON-01,31,65,17,42,False
INV-0008660,2024-11-25,FTW-0012,CH-WS-01,94,0,1,42,False
INV-0008661,2024-11-25,FTW-0013,CH-NE-01,46,0,16,29,False
INV-0008662,2024-11-25,FTW-0013,CH-MW-01,51,0,6,29,False
INV-0008663,2024-11-25,FTW-0013,CH-WE-01,39,0,15,29,False
INV-0008664,2024-11-25,FTW-0013,CH-ON-01,54,0,27,29,False
INV-0008665,2024-11-25,FTW-0013,CH-WS-01,61,0,6,29,False
INV-0008666,2024-11-25,FTW-0014,CH-NE-01,94,0,13,27,False
INV-0008667,2024-11-25,FTW-0014,CH-MW-01,76,0,7,27,False
INV-0008668,2024-11-25,FTW-0014,CH-WE-01,95,0,14,27,False
INV-0008669,2024-11-25,FTW-0014,CH-ON-01,19,96,38,27,False
INV-0008670,2024-11-25,FTW-0014,CH-WS-01,41,0,2,27,False
INV-0008671,2024-11-25,FTW-0015,CH-NE-01,45,0,0,40,False
INV-0008672,2024-11-25,FTW-0015,CH-MW-01,59,0,16,40,False
INV-0008673,2024-11-25,FTW-0015,CH-WE-01,33,68,17,40,False
INV-0008674,2024-11-25,FTW-0015,CH-ON-01,67,0,24,40,False
INV-0008675,2024-11-25,FTW-0015,CH-WS-01,67,0,5,40,False
INV-0008676,2024-11-25,FTW-0016,CH-NE-01,97,0,23,36,False
INV-0008677,2024-11-25,FTW-0016,CH-MW-01,44,0,8,36,False
INV-0008678,2024-11-25,FTW-0016,CH-WE-01,74,0,1,36,False
INV-0008679,2024-11-25,FTW-0016,CH-ON-01,71,0,6,36,False
INV-0008680,2024-11-25,FTW-0016,CH-WS-01,97,0,5,36,False
INV-0008681,2024-11-25,ACC-0017,CH-NE-01,106,0,9,31,False
INV-0008682,2024-11-25,ACC-0017,CH-MW-01,57,0,14,31,False
INV-0008683,2024-11-25,ACC-0017,CH-WE-01,47,0,22,31,False
INV-0008684,2024-11-25,ACC-0017,CH-ON-01,68,0,16,31,False
INV-0008685,2024-11-25,ACC-0017,CH-WS-01,78,0,0,31,False
INV-0008686,2024-11-25,ACC-0018,CH-NE-01,16,56,27,24,False
INV-0008687,2024-11-25,ACC-0018,CH-MW-01,30,0,6,24,False
INV-0008688,2024-11-25,ACC-0018,CH-WE-01,39,0,8,24,False
INV-0008689,2024-11-25,ACC-0018,CH-ON-01,82,0,10,24,False
INV-0008690,2024-11-25,ACC-0018,CH-WS-01,65,0,3,24,False
INV-0008691,2024-11-25,ACC-0019,CH-NE-01,46,0,13,38,False
INV-0008692,2024-11-25,ACC-0019,CH-MW-01,85,0,5,38,False
INV-0008693,2024-11-25,ACC-0019,CH-WE-01,25,74,14,38,False
INV-0008694,2024-11-25,ACC-0019,CH-ON-01,39,0,18,38,False
INV-0008695,2024-11-25,ACC-0019,CH-WS-01,110,0,9,38,False
INV-0008696,2024-11-25,ACC-0020,CH-NE-01,19,39,18,23,False
INV-0008697,2024-11-25,ACC-0020,CH-MW-01,49,0,8,23,False
INV-0008698,2024-11-25,ACC-0020,CH-WE-01,20,60,13,23,False
INV-0008699,2024-11-25,ACC-0020,CH-ON-01,66,0,7,23,False
INV-0008700,2024-11-25,ACC-0020,CH-WS-01,16,61,9,23,False
INV-0008701,2024-11-25,ACC-0022,CH-NE-01,101,0,17,24,False
INV-0008702,2024-11-25,ACC-0022,CH-MW-01,110,0,5,24,False
INV-0008703,2024-11-25,ACC-0022,CH-WE-01,90,0,15,24,False
INV-0008704,2024-11-25,ACC-0022,CH-ON-01,52,0,22,24,False
INV-0008705,2024-11-25,ACC-0022,CH-WS-01,94,0,9,24,False
INV-0008706,2024-11-25,ACC-0023,CH-NE-01,80,0,12,37,False
INV-0008707,2024-11-25,ACC-0023,CH-MW-01,39,0,1,37,False
INV-0008708,2024-11-25,ACC-0023,CH-WE-01,38,0,28,37,False
INV-0008709,2024-11-25,ACC-0023,CH-ON-01,83,0,16,37,False
INV-0008710,2024-11-25,ACC-0023,CH-WS-01,72,0,7,37,False
INV-0008711,2024-11-25,ACC-0024,CH-NE-01,102,0,11,16,False
INV-0008712,2024-11-25,ACC-0024,CH-MW-01,105,0,11,16,False
INV-0008713,2024-11-25,ACC-0024,CH-WE-01,73,0,18,16,False
INV-0008714,2024-11-25,ACC-0024,CH-ON-01,43,0,23,16,False
INV-0008715,2024-11-25,ACC-0024,CH-WS-01,97,0,5,16,False
INV-0008716,2024-11-25,HOM-0025,CH-NE-01,39,88,11,40,False
INV-0008717,2024-11-25,HOM-0025,CH-MW-01,123,0,10,40,False
INV-0008718,2024-11-25,HOM-0025,CH-WE-01,41,0,5,40,False
INV-0008719,2024-11-25,HOM-0025,CH-ON-01,53,0,9,40,False
INV-0008720,2024-11-25,HOM-0025,CH-WS-01,59,0,0,40,False
INV-0008721,2024-11-25,HOM-0026,CH-NE-01,56,0,6,26,False
INV-0008722,2024-11-25,HOM-0026,CH-MW-01,36,0,6,26,False
INV-0008723,2024-11-25,HOM-0026,CH-WE-01,23,39,19,26,False
INV-0008724,2024-11-25,HOM-0026,CH-ON-01,16,61,23,26,False
INV-0008725,2024-11-25,HOM-0026,CH-WS-01,52,0,3,26,False
INV-0008726,2024-11-25,HOM-0027,CH-NE-01,47,0,16,43,False
INV-0008727,2024-11-25,HOM-0027,CH-MW-01,65,0,4,43,False
INV-0008728,2024-11-25,HOM-0027,CH-WE-01,99,0,11,43,False
INV-0008729,2024-11-25,HOM-0027,CH-ON-01,25,56,25,43,False
INV-0008730,2024-11-25,HOM-0027,CH-WS-01,90,0,0,43,False
INV-0008731,2024-11-25,HOM-0028,CH-NE-01,47,0,11,24,False
INV-0008732,2024-11-25,HOM-0028,CH-MW-01,23,49,8,24,False
INV-0008733,2024-11-25,HOM-0028,CH-WE-01,13,48,25,24,False
INV-0008734,2024-11-25,HOM-0028,CH-ON-01,53,0,22,24,False
INV-0008735,2024-11-25,HOM-0028,CH-WS-01,72,0,5,24,False
INV-0008736,2024-11-25,HOM-0029,CH-NE-01,63,0,12,39,False
INV-0008737,2024-11-25,HOM-0029,CH-MW-01,117,0,1,39,False
INV-0008738,2024-11-25,HOM-0029,CH-WE-01,50,0,15,39,False
INV-0008739,2024-11-25,HOM-0029,CH-ON-01,74,0,9,39,False
INV-0008740,2024-11-25,HOM-0029,CH-WS-01,97,0,0,39,False
INV-0008741,2024-11-25,HOM-0030,CH-NE-01,76,0,4,43,False
INV-0008742,2024-11-25,HOM-0030,CH-MW-01,98,0,7,43,False
INV-0008743,2024-11-25,HOM-0030,CH-WE-01,50,0,23,43,False
INV-0008744,2024-11-25,HOM-0030,CH-ON-01,27,121,29,43,False
INV-0008745,2024-11-25,HOM-0030,CH-WS-01,123,0,9,43,False
INV-0008746,2024-11-25,HOM-0031,CH-NE-01,21,85,16,25,False
INV-0008747,2024-11-25,HOM-0031,CH-MW-01,72,0,13,25,False
INV-0008748,2024-11-25,HOM-0031,CH-WE-01,23,94,19,25,False
INV-0008749,2024-11-25,HOM-0031,CH-ON-01,67,0,13,25,False
INV-0008750,2024-11-25,HOM-0031,CH-WS-01,75,0,0,25,False
INV-0008751,2024-11-25,HOM-0032,CH-NE-01,45,0,0,28,False
INV-0008752,2024-11-25,HOM-0032,CH-MW-01,57,0,3,28,False
INV-0008753,2024-11-25,HOM-0032,CH-WE-01,49,0,20,28,False
INV-0008754,2024-11-25,HOM-0032,CH-ON-01,38,0,20,28,False
INV-0008755,2024-11-25,HOM-0032,CH-WS-01,70,0,0,28,False
INV-0008756,2024-12-02,APP-0001,CH-NE-01,47,0,11,33,False
INV-0008757,2024-12-02,APP-0001,CH-MW-01,40,0,11,33,False
INV-0008758,2024-12-02,APP-0001,CH-WE-01,117,0,4,33,False
INV-0008759,2024-12-02,APP-0001,CH-ON-01,101,0,17,33,False
INV-0008760,2024-12-02,APP-0001,CH-WS-01,71,0,7,33,False
INV-0008761,2024-12-02,APP-0002,CH-NE-01,71,0,27,23,False
INV-0008762,2024-12-02,APP-0002,CH-MW-01,42,0,13,23,False
INV-0008763,2024-12-02,APP-0002,CH-WE-01,123,0,14,23,False
INV-0008764,2024-12-02,APP-0002,CH-ON-01,78,0,7,23,False
INV-0008765,2024-12-02,APP-0002,CH-WS-01,105,0,0,23,False
INV-0008766,2024-12-02,APP-0003,CH-NE-01,38,0,9,15,False
INV-0008767,2024-12-02,APP-0003,CH-MW-01,12,74,8,15,False
INV-0008768,2024-12-02,APP-0003,CH-WE-01,3,67,15,15,False
INV-0008769,2024-12-02,APP-0003,CH-ON-01,33,0,24,15,False
INV-0008770,2024-12-02,APP-0003,CH-WS-01,46,0,4,15,False
INV-0008771,2024-12-02,APP-0004,CH-NE-01,39,90,23,39,False
INV-0008772,2024-12-02,APP-0004,CH-MW-01,43,0,8,39,False
INV-0008773,2024-12-02,APP-0004,CH-WE-01,67,0,30,39,False
INV-0008774,2024-12-02,APP-0004,CH-ON-01,48,0,13,39,False
INV-0008775,2024-12-02,APP-0004,CH-WS-01,102,0,5,39,False
INV-0008776,2024-12-02,APP-0005,CH-NE-01,85,0,5,36,False
INV-0008777,2024-12-02,APP-0005,CH-MW-01,76,0,13,36,False
INV-0008778,2024-12-02,APP-0005,CH-WE-01,123,0,13,36,False
INV-0008779,2024-12-02,APP-0005,CH-ON-01,115,0,20,36,False
INV-0008780,2024-12-02,APP-0005,CH-WS-01,89,0,6,36,False
INV-0008781,2024-12-02,APP-0006,CH-NE-01,59,0,11,38,False
INV-0008782,2024-12-02,APP-0006,CH-MW-01,54,0,13,38,False
INV-0008783,2024-12-02,APP-0006,CH-WE-01,38,55,28,38,False
INV-0008784,2024-12-02,APP-0006,CH-ON-01,25,65,21,38,False
INV-0008785,2024-12-02,APP-0006,CH-WS-01,45,0,4,38,False
INV-0008786,2024-12-02,APP-0007,CH-NE-01,30,0,19,28,False
INV-0008787,2024-12-02,APP-0007,CH-MW-01,56,0,9,28,False
INV-0008788,2024-12-02,APP-0007,CH-WE-01,63,0,18,28,False
INV-0008789,2024-12-02,APP-0007,CH-ON-01,67,0,20,28,False
INV-0008790,2024-12-02,APP-0007,CH-WS-01,71,0,4,28,False
INV-0008791,2024-12-02,APP-0008,CH-NE-01,81,0,17,17,False
INV-0008792,2024-12-02,APP-0008,CH-MW-01,6,103,17,17,False
INV-0008793,2024-12-02,APP-0008,CH-WE-01,0,68,22,17,True
INV-0008794,2024-12-02,APP-0008,CH-ON-01,104,0,26,17,False
INV-0008795,2024-12-02,APP-0008,CH-WS-01,116,0,4,17,False
INV-0008796,2024-12-02,APP-0009,CH-NE-01,30,0,5,21,False
INV-0008797,2024-12-02,APP-0009,CH-MW-01,60,0,18,21,False
INV-0008798,2024-12-02,APP-0009,CH-WE-01,17,45,9,21,False
INV-0008799,2024-12-02,APP-0009,CH-ON-01,25,0,8,21,False
INV-0008800,2024-12-02,APP-0009,CH-WS-01,73,0,5,21,False
INV-0008801,2024-12-02,APP-0010,CH-NE-01,54,0,13,34,False
INV-0008802,2024-12-02,APP-0010,CH-MW-01,35,0,5,34,False
INV-0008803,2024-12-02,APP-0010,CH-WE-01,94,0,23,34,False
INV-0008804,2024-12-02,APP-0010,CH-ON-01,19,73,21,34,False
INV-0008805,2024-12-02,APP-0010,CH-WS-01,49,0,0,34,False
INV-0008806,2024-12-02,APP-0011,CH-NE-01,105,0,20,44,False
INV-0008807,2024-12-02,APP-0011,CH-MW-01,44,122,17,44,False
INV-0008808,2024-12-02,APP-0011,CH-WE-01,103,0,10,44,False
INV-0008809,2024-12-02,APP-0011,CH-ON-01,53,0,26,44,False
INV-0008810,2024-12-02,APP-0011,CH-WS-01,53,0,2,44,False
INV-0008811,2024-12-02,FTW-0012,CH-NE-01,72,0,9,42,False
INV-0008812,2024-12-02,FTW-0012,CH-MW-01,67,0,9,42,False
INV-0008813,2024-12-02,FTW-0012,CH-WE-01,86,0,13,42,False
INV-0008814,2024-12-02,FTW-0012,CH-ON-01,77,0,19,42,False
INV-0008815,2024-12-02,FTW-0012,CH-WS-01,94,0,0,42,False
INV-0008816,2024-12-02,FTW-0013,CH-NE-01,37,0,9,29,False
INV-0008817,2024-12-02,FTW-0013,CH-MW-01,38,0,13,29,False
INV-0008818,2024-12-02,FTW-0013,CH-WE-01,20,51,19,29,False
INV-0008819,2024-12-02,FTW-0013,CH-ON-01,20,50,34,29,False
INV-0008820,2024-12-02,FTW-0013,CH-WS-01,54,0,7,29,False
INV-0008821,2024-12-02,FTW-0014,CH-NE-01,68,0,26,27,False
INV-0008822,2024-12-02,FTW-0014,CH-MW-01,70,0,6,27,False
INV-0008823,2024-12-02,FTW-0014,CH-WE-01,64,0,31,27,False
INV-0008824,2024-12-02,FTW-0014,CH-ON-01,101,0,14,27,False
INV-0008825,2024-12-02,FTW-0014,CH-WS-01,41,0,0,27,False
INV-0008826,2024-12-02,FTW-0015,CH-NE-01,30,74,15,40,False
INV-0008827,2024-12-02,FTW-0015,CH-MW-01,41,0,18,40,False
INV-0008828,2024-12-02,FTW-0015,CH-WE-01,88,0,13,40,False
INV-0008829,2024-12-02,FTW-0015,CH-ON-01,60,0,7,40,False
INV-0008830,2024-12-02,FTW-0015,CH-WS-01,67,0,0,40,False
INV-0008831,2024-12-02,FTW-0016,CH-NE-01,82,0,15,36,False
INV-0008832,2024-12-02,FTW-0016,CH-MW-01,34,98,10,36,False
INV-0008833,2024-12-02,FTW-0016,CH-WE-01,55,0,19,36,False
INV-0008834,2024-12-02,FTW-0016,CH-ON-01,57,0,14,36,False
INV-0008835,2024-12-02,FTW-0016,CH-WS-01,88,0,9,36,False
INV-0008836,2024-12-02,ACC-0017,CH-NE-01,82,0,24,31,False
INV-0008837,2024-12-02,ACC-0017,CH-MW-01,49,0,8,31,False
INV-0008838,2024-12-02,ACC-0017,CH-WE-01,42,0,5,31,False
INV-0008839,2024-12-02,ACC-0017,CH-ON-01,57,0,11,31,False
INV-0008840,2024-12-02,ACC-0017,CH-WS-01,74,0,4,31,False
INV-0008841,2024-12-02,ACC-0018,CH-NE-01,63,0,9,24,False
INV-0008842,2024-12-02,ACC-0018,CH-MW-01,22,45,8,24,False
INV-0008843,2024-12-02,ACC-0018,CH-WE-01,23,64,16,24,False
INV-0008844,2024-12-02,ACC-0018,CH-ON-01,75,0,7,24,False
INV-0008845,2024-12-02,ACC-0018,CH-WS-01,61,0,4,24,False
INV-0008846,2024-12-02,ACC-0019,CH-NE-01,18,78,28,38,False
INV-0008847,2024-12-02,ACC-0019,CH-MW-01,77,0,8,38,False
INV-0008848,2024-12-02,ACC-0019,CH-WE-01,81,0,18,38,False
INV-0008849,2024-12-02,ACC-0019,CH-ON-01,12,98,27,38,False
INV-0008850,2024-12-02,ACC-0019,CH-WS-01,109,0,1,38,False
INV-0008851,2024-12-02,ACC-0020,CH-NE-01,42,0,16,23,False
INV-0008852,2024-12-02,ACC-0020,CH-MW-01,32,0,17,23,False
INV-0008853,2024-12-02,ACC-0020,CH-WE-01,71,0,9,23,False
INV-0008854,2024-12-02,ACC-0020,CH-ON-01,52,0,14,23,False
INV-0008855,2024-12-02,ACC-0020,CH-WS-01,77,0,0,23,False
INV-0008856,2024-12-02,ACC-0022,CH-NE-01,77,0,24,24,False
INV-0008857,2024-12-02,ACC-0022,CH-MW-01,110,0,0,24,False
INV-0008858,2024-12-02,ACC-0022,CH-WE-01,81,0,9,24,False
INV-0008859,2024-12-02,ACC-0022,CH-ON-01,34,0,18,24,False
INV-0008860,2024-12-02,ACC-0022,CH-WS-01,90,0,4,24,False
INV-0008861,2024-12-02,ACC-0023,CH-NE-01,71,0,9,37,False
INV-0008862,2024-12-02,ACC-0023,CH-MW-01,24,56,15,37,False
INV-0008863,2024-12-02,ACC-0023,CH-WE-01,21,72,17,37,False
INV-0008864,2024-12-02,ACC-0023,CH-ON-01,63,0,20,37,False
INV-0008865,2024-12-02,ACC-0023,CH-WS-01,64,0,8,37,False
INV-0008866,2024-12-02,ACC-0024,CH-NE-01,84,0,18,16,False
INV-0008867,2024-12-02,ACC-0024,CH-MW-01,85,0,20,16,False
INV-0008868,2024-12-02,ACC-0024,CH-WE-01,62,0,11,16,False
INV-0008869,2024-12-02,ACC-0024,CH-ON-01,24,0,19,16,False
INV-0008870,2024-12-02,ACC-0024,CH-WS-01,93,0,4,16,False
INV-0008871,2024-12-02,HOM-0025,CH-NE-01,114,0,13,40,False
INV-0008872,2024-12-02,HOM-0025,CH-MW-01,113,0,10,40,False
INV-0008873,2024-12-02,HOM-0025,CH-WE-01,30,88,11,40,False
INV-0008874,2024-12-02,HOM-0025,CH-ON-01,42,0,11,40,False
INV-0008875,2024-12-02,HOM-0025,CH-WS-01,55,0,4,40,False
INV-0008876,2024-12-02,HOM-0026,CH-NE-01,28,0,28,26,False
INV-0008877,2024-12-02,HOM-0026,CH-MW-01,21,61,15,26,False
INV-0008878,2024-12-02,HOM-0026,CH-WE-01,47,0,15,26,False
INV-0008879,2024-12-02,HOM-0026,CH-ON-01,51,0,26,26,False
INV-0008880,2024-12-02,HOM-0026,CH-WS-01,48,0,4,26,False
INV-0008881,2024-12-02,HOM-0027,CH-NE-01,31,88,16,43,False
INV-0008882,2024-12-02,HOM-0027,CH-MW-01,53,0,12,43,False
INV-0008883,2024-12-02,HOM-0027,CH-WE-01,73,0,26,43,False
INV-0008884,2024-12-02,HOM-0027,CH-ON-01,43,73,38,43,False
INV-0008885,2024-12-02,HOM-0027,CH-WS-01,90,0,0,43,False
INV-0008886,2024-12-02,HOM-0028,CH-NE-01,30,0,17,24,False
INV-0008887,2024-12-02,HOM-0028,CH-MW-01,55,0,17,24,False
INV-0008888,2024-12-02,HOM-0028,CH-WE-01,37,0,24,24,False
INV-0008889,2024-12-02,HOM-0028,CH-ON-01,29,0,24,24,False
INV-0008890,2024-12-02,HOM-0028,CH-WS-01,63,0,9,24,False
INV-0008891,2024-12-02,HOM-0029,CH-NE-01,42,0,21,39,False
INV-0008892,2024-12-02,HOM-0029,CH-MW-01,106,0,11,39,False
INV-0008893,2024-12-02,HOM-0029,CH-WE-01,28,71,22,39,False
INV-0008894,2024-12-02,HOM-0029,CH-ON-01,66,0,8,39,False
INV-0008895,2024-12-02,HOM-0029,CH-WS-01,97,0,0,39,False
INV-0008896,2024-12-02,HOM-0030,CH-NE-01,61,0,15,43,False
INV-0008897,2024-12-02,HOM-0030,CH-MW-01,89,0,9,43,False
INV-0008898,2024-12-02,HOM-0030,CH-WE-01,37,80,13,43,False
INV-0008899,2024-12-02,HOM-0030,CH-ON-01,124,0,24,43,False
INV-0008900,2024-12-02,HOM-0030,CH-WS-01,119,0,4,43,False
INV-0008901,2024-12-02,HOM-0031,CH-NE-01,88,0,18,25,False
INV-0008902,2024-12-02,HOM-0031,CH-MW-01,56,0,16,25,False
INV-0008903,2024-12-02,HOM-0031,CH-WE-01,95,0,22,25,False
INV-0008904,2024-12-02,HOM-0031,CH-ON-01,50,0,17,25,False
INV-0008905,2024-12-02,HOM-0031,CH-WS-01,66,0,9,25,False
INV-0008906,2024-12-02,HOM-0032,CH-NE-01,39,0,6,28,False
INV-0008907,2024-12-02,HOM-0032,CH-MW-01,53,0,4,28,False
INV-0008908,2024-12-02,HOM-0032,CH-WE-01,29,0,20,28,False
INV-0008909,2024-12-02,HOM-0032,CH-ON-01,18,70,20,28,False
INV-0008910,2024-12-02,HOM-0032,CH-WS-01,70,0,0,28,False
INV-0008911,2024-12-09,APP-0001,CH-NE-01,28,110,19,33,False
INV-0008912,2024-12-09,APP-0001,CH-MW-01,33,85,7,33,False
INV-0008913,2024-12-09,APP-0001,CH-WE-01,97,0,20,33,False
INV-0008914,2024-12-09,APP-0001,CH-ON-01,81,0,20,33,False
INV-0008915,2024-12-09,APP-0001,CH-WS-01,71,0,0,33,False
INV-0008916,2024-12-09,APP-0002,CH-NE-01,64,0,7,23,False
INV-0008917,2024-12-09,APP-0002,CH-MW-01,28,0,14,23,False
INV-0008918,2024-12-09,APP-0002,CH-WE-01,106,0,17,23,False
INV-0008919,2024-12-09,APP-0002,CH-ON-01,71,0,7,23,False
INV-0008920,2024-12-09,APP-0002,CH-WS-01,102,0,3,23,False
INV-0008921,2024-12-09,APP-0003,CH-NE-01,26,0,12,15,False
INV-0008922,2024-12-09,APP-0003,CH-MW-01,82,0,4,15,False
INV-0008923,2024-12-09,APP-0003,CH-WE-01,57,0,13,15,False
INV-0008924,2024-12-09,APP-0003,CH-ON-01,19,0,14,15,False
INV-0008925,2024-12-09,APP-0003,CH-WS-01,42,0,4,15,False
INV-0008926,2024-12-09,APP-0004,CH-NE-01,121,0,8,39,False
INV-0008927,2024-12-09,APP-0004,CH-MW-01,32,96,11,39,False
INV-0008928,2024-12-09,APP-0004,CH-WE-01,60,0,7,39,False
INV-0008929,2024-12-09,APP-0004,CH-ON-01,33,77,15,39,False
INV-0008930,2024-12-09,APP-0004,CH-WS-01,91,0,11,39,False
INV-0008931,2024-12-09,APP-0005,CH-NE-01,60,0,25,36,False
INV-0008932,2024-12-09,APP-0005,CH-MW-01,72,0,4,36,False
INV-0008933,2024-12-09,APP-0005,CH-WE-01,114,0,9,36,False
INV-0008934,2024-12-09,APP-0005,CH-ON-01,114,0,1,36,False
INV-0008935,2024-12-09,APP-0005,CH-WS-01,84,0,5,36,False
INV-0008936,2024-12-09,APP-0006,CH-NE-01,55,0,4,38,False
INV-0008937,2024-12-09,APP-0006,CH-MW-01,40,0,14,38,False
INV-0008938,2024-12-09,APP-0006,CH-WE-01,81,0,12,38,False
INV-0008939,2024-12-09,APP-0006,CH-ON-01,84,0,6,38,False
INV-0008940,2024-12-09,APP-0006,CH-WS-01,40,0,5,38,False
INV-0008941,2024-12-09,APP-0007,CH-NE-01,13,58,17,28,False
INV-0008942,2024-12-09,APP-0007,CH-MW-01,37,0,19,28,False
INV-0008943,2024-12-09,APP-0007,CH-WE-01,52,0,11,28,False
INV-0008944,2024-12-09,APP-0007,CH-ON-01,45,0,22,28,False
INV-0008945,2024-12-09,APP-0007,CH-WS-01,65,0,6,28,False
INV-0008946,2024-12-09,APP-0008,CH-NE-01,67,0,14,17,False
INV-0008947,2024-12-09,APP-0008,CH-MW-01,94,0,15,17,False
INV-0008948,2024-12-09,APP-0008,CH-WE-01,55,0,13,17,False
INV-0008949,2024-12-09,APP-0008,CH-ON-01,81,0,23,17,False
INV-0008950,2024-12-09,APP-0008,CH-WS-01,112,0,4,17,False
INV-0008951,2024-12-09,APP-0009,CH-NE-01,15,48,15,21,False
INV-0008952,2024-12-09,APP-0009,CH-MW-01,48,0,12,21,False
INV-0008953,2024-12-09,APP-0009,CH-WE-01,51,0,11,21,False
INV-0008954,2024-12-09,APP-0009,CH-ON-01,0,67,26,21,True
INV-0008955,2024-12-09,APP-0009,CH-WS-01,69,0,4,21,False
INV-0008956,2024-12-09,APP-0010,CH-NE-01,43,0,11,34,False
INV-0008957,2024-12-09,APP-0010,CH-MW-01,34,90,1,34,False
INV-0008958,2024-12-09,APP-0010,CH-WE-01,70,0,24,34,False
INV-0008959,2024-12-09,APP-0010,CH-ON-01,83,0,9,34,False
INV-0008960,2024-12-09,APP-0010,CH-WS-01,45,0,4,34,False
INV-0008961,2024-12-09,APP-0011,CH-NE-01,102,0,3,44,False
INV-0008962,2024-12-09,APP-0011,CH-MW-01,155,0,11,44,False
INV-0008963,2024-12-09,APP-0011,CH-WE-01,92,0,11,44,False
INV-0008964,2024-12-09,APP-0011,CH-ON-01,43,111,10,44,False
INV-0008965,2024-12-09,APP-0011,CH-WS-01,53,0,0,44,False
INV-0008966,2024-12-09,FTW-0012,CH-NE-01,57,0,15,42,False
INV-0008967,2024-12-09,FTW-0012,CH-MW-01,60,0,7,42,False
INV-0008968,2024-12-09,FTW-0012,CH-WE-01,68,0,18,42,False
INV-0008969,2024-12-09,FTW-0012,CH-ON-01,48,0,29,42,False
INV-0008970,2024-12-09,FTW-0012,CH-WS-01,78,0,16,42,False
INV-0008971,2024-12-09,FTW-0013,CH-NE-01,5,46,32,29,False
INV-0008972,2024-12-09,FTW-0013,CH-MW-01,28,34,10,29,False
INV-0008973,2024-12-09,FTW-0013,CH-WE-01,67,0,4,29,False
INV-0008974,2024-12-09,FTW-0013,CH-ON-01,55,0,15,29,False
INV-0008975,2024-12-09,FTW-0013,CH-WS-01,46,0,8,29,False
INV-0008976,2024-12-09,FTW-0014,CH-NE-01,60,0,8,27,False
INV-0008977,2024-12-09,FTW-0014,CH-MW-01,59,0,11,27,False
INV-0008978,2024-12-09,FTW-0014,CH-WE-01,52,0,12,27,False
INV-0008979,2024-12-09,FTW-0014,CH-ON-01,91,0,10,27,False
INV-0008980,2024-12-09,FTW-0014,CH-WS-01,41,0,0,27,False
INV-0008981,2024-12-09,FTW-0015,CH-NE-01,83,0,21,40,False
INV-0008982,2024-12-09,FTW-0015,CH-MW-01,35,47,6,40,False
INV-0008983,2024-12-09,FTW-0015,CH-WE-01,80,0,8,40,False
INV-0008984,2024-12-09,FTW-0015,CH-ON-01,39,63,21,40,False
INV-0008985,2024-12-09,FTW-0015,CH-WS-01,67,0,0,40,False
INV-0008986,2024-12-09,FTW-0016,CH-NE-01,60,0,22,36,False
INV-0008987,2024-12-09,FTW-0016,CH-MW-01,116,0,16,36,False
INV-0008988,2024-12-09,FTW-0016,CH-WE-01,53,0,2,36,False
INV-0008989,2024-12-09,FTW-0016,CH-ON-01,32,83,25,36,False
INV-0008990,2024-12-09,FTW-0016,CH-WS-01,83,0,5,36,False
INV-0008991,2024-12-09,ACC-0017,CH-NE-01,78,0,4,31,False
INV-0008992,2024-12-09,ACC-0017,CH-MW-01,36,0,13,31,False
INV-0008993,2024-12-09,ACC-0017,CH-WE-01,38,0,4,31,False
INV-0008994,2024-12-09,ACC-0017,CH-ON-01,26,82,31,31,False
INV-0008995,2024-12-09,ACC-0017,CH-WS-01,74,0,0,31,False
INV-0008996,2024-12-09,ACC-0018,CH-NE-01,40,0,23,24,False
INV-0008997,2024-12-09,ACC-0018,CH-MW-01,43,0,24,24,False
INV-0008998,2024-12-09,ACC-0018,CH-WE-01,67,0,20,24,False
INV-0008999,2024-12-09,ACC-0018,CH-ON-01,57,0,18,24,False
INV-0009000,2024-12-09,ACC-0018,CH-WS-01,61,0,0,24,False
INV-0009001,2024-12-09,ACC-0019,CH-NE-01,93,0,3,38,False
INV-0009002,2024-12-09,ACC-0019,CH-MW-01,71,0,6,38,False
INV-0009003,2024-12-09,ACC-0019,CH-WE-01,76,0,5,38,False
INV-0009004,2024-12-09,ACC-0019,CH-ON-01,94,0,16,38,False
INV-0009005,2024-12-09,ACC-0019,CH-WS-01,106,0,3,38,False
INV-0009006,2024-12-09,ACC-0020,CH-NE-01,29,0,13,23,False
INV-0009007,2024-12-09,ACC-0020,CH-MW-01,24,0,8,23,False
INV-0009008,2024-12-09,ACC-0020,CH-WE-01,51,0,20,23,False
INV-0009009,2024-12-09,ACC-0020,CH-ON-01,34,0,18,23,False
INV-0009010,2024-12-09,ACC-0020,CH-WS-01,65,0,12,23,False
INV-0009011,2024-12-09,ACC-0022,CH-NE-01,55,0,22,24,False
INV-0009012,2024-12-09,ACC-0022,CH-MW-01,94,0,16,24,False
INV-0009013,2024-12-09,ACC-0022,CH-WE-01,67,0,14,24,False
INV-0009014,2024-12-09,ACC-0022,CH-ON-01,18,88,16,24,False
INV-0009015,2024-12-09,ACC-0022,CH-WS-01,90,0,0,24,False
INV-0009016,2024-12-09,ACC-0023,CH-NE-01,64,0,7,37,False
INV-0009017,2024-12-09,ACC-0023,CH-MW-01,73,0,7,37,False
INV-0009018,2024-12-09,ACC-0023,CH-WE-01,83,0,10,37,False
INV-0009019,2024-12-09,ACC-0023,CH-ON-01,44,0,19,37,False
INV-0009020,2024-12-09,ACC-0023,CH-WS-01,64,0,0,37,False
INV-0009021,2024-12-09,ACC-0024,CH-NE-01,72,0,12,16,False
INV-0009022,2024-12-09,ACC-0024,CH-MW-01,66,0,19,16,False
INV-0009023,2024-12-09,ACC-0024,CH-WE-01,50,0,12,16,False
INV-0009024,2024-12-09,ACC-0024,CH-ON-01,9,99,15,16,False
INV-0009025,2024-12-09,ACC-0024,CH-WS-01,89,0,4,16,False
INV-0009026,2024-12-09,HOM-0025,CH-NE-01,103,0,11,40,False
INV-0009027,2024-12-09,HOM-0025,CH-MW-01,106,0,7,40,False
INV-0009028,2024-12-09,HOM-0025,CH-WE-01,95,0,23,40,False
INV-0009029,2024-12-09,HOM-0025,CH-ON-01,25,89,17,40,False
INV-0009030,2024-12-09,HOM-0025,CH-WS-01,51,0,4,40,False
INV-0009031,2024-12-09,HOM-0026,CH-NE-01,9,53,19,26,False
INV-0009032,2024-12-09,HOM-0026,CH-MW-01,78,0,4,26,False
INV-0009033,2024-12-09,HOM-0026,CH-WE-01,33,0,14,26,False
INV-0009034,2024-12-09,HOM-0026,CH-ON-01,39,0,12,26,False
INV-0009035,2024-12-09,HOM-0026,CH-WS-01,43,0,5,26,False
INV-0009036,2024-12-09,HOM-0027,CH-NE-01,117,0,2,43,False
INV-0009037,2024-12-09,HOM-0027,CH-MW-01,44,0,9,43,False
INV-0009038,2024-12-09,HOM-0027,CH-WE-01,52,0,21,43,False
INV-0009039,2024-12-09,HOM-0027,CH-ON-01,98,0,18,43,False
INV-0009040,2024-12-09,HOM-0027,CH-WS-01,88,0,2,43,False
INV-0009041,2024-12-09,HOM-0028,CH-NE-01,18,39,12,24,False
INV-0009042,2024-12-09,HOM-0028,CH-MW-01,37,0,18,24,False
INV-0009043,2024-12-09,HOM-0028,CH-WE-01,29,0,8,24,False
INV-0009044,2024-12-09,HOM-0028,CH-ON-01,9,37,20,24,False
INV-0009045,2024-12-09,HOM-0028,CH-WS-01,53,0,10,24,False
INV-0009046,2024-12-09,HOM-0029,CH-NE-01,39,72,3,39,False
INV-0009047,2024-12-09,HOM-0029,CH-MW-01,93,0,13,39,False
INV-0009048,2024-12-09,HOM-0029,CH-WE-01,81,0,18,39,False
INV-0009049,2024-12-09,HOM-0029,CH-ON-01,54,0,12,39,False
INV-0009050,2024-12-09,HOM-0029,CH-WS-01,97,0,0,39,False
INV-0009051,2024-12-09,HOM-0030,CH-NE-01,53,0,8,43,False
INV-0009052,2024-12-09,HOM-0030,CH-MW-01,77,0,12,43,False
INV-0009053,2024-12-09,HOM-0030,CH-WE-01,111,0,6,43,False
INV-0009054,2024-12-09,HOM-0030,CH-ON-01,119,0,5,43,False
INV-0009055,2024-12-09,HOM-0030,CH-WS-01,116,0,3,43,False
INV-0009056,2024-12-09,HOM-0031,CH-NE-01,80,0,8,25,False
INV-0009057,2024-12-09,HOM-0031,CH-MW-01,49,0,7,25,False
INV-0009058,2024-12-09,HOM-0031,CH-WE-01,86,0,9,25,False
INV-0009059,2024-12-09,HOM-0031,CH-ON-01,25,90,25,25,False
INV-0009060,2024-12-09,HOM-0031,CH-WS-01,58,0,8,25,False
INV-0009061,2024-12-09,HOM-0032,CH-NE-01,30,0,9,28,False
INV-0009062,2024-12-09,HOM-0032,CH-MW-01,38,0,15,28,False
INV-0009063,2024-12-09,HOM-0032,CH-WE-01,4,46,25,28,False
INV-0009064,2024-12-09,HOM-0032,CH-ON-01,58,0,30,28,False
INV-0009065,2024-12-09,HOM-0032,CH-WS-01,65,0,5,28,False
INV-0009066,2024-12-16,APP-0001,CH-NE-01,117,0,21,33,False
INV-0009067,2024-12-16,APP-0001,CH-MW-01,111,0,7,33,False
INV-0009068,2024-12-16,APP-0001,CH-WE-01,84,0,13,33,False
INV-0009069,2024-12-16,APP-0001,CH-ON-01,67,0,14,33,False
INV-0009070,2024-12-16,APP-0001,CH-WS-01,62,0,9,33,False
INV-0009071,2024-12-16,APP-0002,CH-NE-01,60,0,4,23,False
INV-0009072,2024-12-16,APP-0002,CH-MW-01,15,135,13,23,False
INV-0009073,2024-12-16,APP-0002,CH-WE-01,85,0,21,23,False
INV-0009074,2024-12-16,APP-0002,CH-ON-01,60,0,11,23,False
INV-0009075,2024-12-16,APP-0002,CH-WS-01,92,0,10,23,False
INV-0009076,2024-12-16,APP-0003,CH-NE-01,0,41,27,15,True
INV-0009077,2024-12-16,APP-0003,CH-MW-01,78,0,4,15,False
INV-0009078,2024-12-16,APP-0003,CH-WE-01,46,0,11,15,False
INV-0009079,2024-12-16,APP-0003,CH-ON-01,0,71,24,15,True
INV-0009080,2024-12-16,APP-0003,CH-WS-01,42,0,0,15,False
INV-0009081,2024-12-16,APP-0004,CH-NE-01,96,0,25,39,False
INV-0009082,2024-12-16,APP-0004,CH-MW-01,105,0,23,39,False
INV-0009083,2024-12-16,APP-0004,CH-WE-01,38,77,22,39,False
INV-0009084,2024-12-16,APP-0004,CH-ON-01,107,0,3,39,False
INV-0009085,2024-12-16,APP-0004,CH-WS-01,87,0,4,39,False
INV-0009086,2024-12-16,APP-0005,CH-NE-01,42,0,18,36,False
INV-0009087,2024-12-16,APP-0005,CH-MW-01,65,0,7,36,False
INV-0009088,2024-12-16,APP-0005,CH-WE-01,106,0,8,36,False
INV-0009089,2024-12-16,APP-0005,CH-ON-01,94,0,20,36,False
INV-0009090,2024-12-16,APP-0005,CH-WS-01,84,0,0,36,False
INV-0009091,2024-12-16,APP-0006,CH-NE-01,32,62,23,38,False
INV-0009092,2024-12-16,APP-0006,CH-MW-01,31,38,9,38,False
INV-0009093,2024-12-16,APP-0006,CH-WE-01,63,0,18,38,False
INV-0009094,2024-12-16,APP-0006,CH-ON-01,61,0,23,38,False
INV-0009095,2024-12-16,APP-0006,CH-WS-01,38,63,2,38,False
INV-0009096,2024-12-16,APP-0007,CH-NE-01,57,0,14,28,False
INV-0009097,2024-12-16,APP-0007,CH-MW-01,25,58,12,28,False
INV-0009098,2024-12-16,APP-0007,CH-WE-01,42,0,10,28,False
INV-0009099,2024-12-16,APP-0007,CH-ON-01,22,88,23,28,False
INV-0009100,2024-12-16,APP-0007,CH-WS-01,64,0,1,28,False
INV-0009101,2024-12-16,APP-0008,CH-NE-01,49,0,18,17,False
INV-0009102,2024-12-16,APP-0008,CH-MW-01,89,0,5,17,False
INV-0009103,2024-12-16,APP-0008,CH-WE-01,39,0,16,17,False
INV-0009104,2024-12-16,APP-0008,CH-ON-01,65,0,16,17,False
INV-0009105,2024-12-16,APP-0008,CH-WS-01,109,0,3,17,False
INV-0009106,2024-12-16,APP-0009,CH-NE-01,53,0,10,21,False
INV-0009107,2024-12-16,APP-0009,CH-MW-01,41,0,7,21,False
INV-0009108,2024-12-16,APP-0009,CH-WE-01,32,0,19,21,False
INV-0009109,2024-12-16,APP-0009,CH-ON-01,37,0,30,21,False
INV-0009110,2024-12-16,APP-0009,CH-WS-01,62,0,7,21,False
INV-0009111,2024-12-16,APP-0010,CH-NE-01,25,80,18,34,False
INV-0009112,2024-12-16,APP-0010,CH-MW-01,105,0,19,34,False
INV-0009113,2024-12-16,APP-0010,CH-WE-01,46,0,24,34,False
INV-0009114,2024-12-16,APP-0010,CH-ON-01,68,0,15,34,False
INV-0009115,2024-12-16,APP-0010,CH-WS-01,43,0,2,34,False
INV-0009116,2024-12-16,APP-0011,CH-NE-01,90,0,12,44,False
INV-0009117,2024-12-16,APP-0011,CH-MW-01,146,0,9,44,False
INV-0009118,2024-12-16,APP-0011,CH-WE-01,67,0,25,44,False
INV-0009119,2024-12-16,APP-0011,CH-ON-01,138,0,16,44,False
INV-0009120,2024-12-16,APP-0011,CH-WS-01,50,0,3,44,False
INV-0009121,2024-12-16,FTW-0012,CH-NE-01,52,0,5,42,False
INV-0009122,2024-12-16,FTW-0012,CH-MW-01,53,0,7,42,False
INV-0009123,2024-12-16,FTW-0012,CH-WE-01,60,0,8,42,False
INV-0009124,2024-12-16,FTW-0012,CH-ON-01,34,83,14,42,False
INV-0009125,2024-12-16,FTW-0012,CH-WS-01,69,0,9,42,False
INV-0009126,2024-12-16,FTW-0013,CH-NE-01,45,0,6,29,False
INV-0009127,2024-12-16,FTW-0013,CH-MW-01,52,0,10,29,False
INV-0009128,2024-12-16,FTW-0013,CH-WE-01,53,0,14,29,False
INV-0009129,2024-12-16,FTW-0013,CH-ON-01,32,0,23,29,False
INV-0009130,2024-12-16,FTW-0013,CH-WS-01,44,0,2,29,False
INV-0009131,2024-12-16,FTW-0014,CH-NE-01,53,0,7,27,False
INV-0009132,2024-12-16,FTW-0014,CH-MW-01,54,0,5,27,False
INV-0009133,2024-12-16,FTW-0014,CH-WE-01,37,0,15,27,False
INV-0009134,2024-12-16,FTW-0014,CH-ON-01,74,0,17,27,False
INV-0009135,2024-12-16,FTW-0014,CH-WS-01,40,0,1,27,False
INV-0009136,2024-12-16,FTW-0015,CH-NE-01,68,0,15,40,False
INV-0009137,2024-12-16,FTW-0015,CH-MW-01,69,0,13,40,False
INV-0009138,2024-12-16,FTW-0015,CH-WE-01,67,0,13,40,False
INV-0009139,2024-12-16,FTW-0015,CH-ON-01,73,0,29,40,False
INV-0009140,2024-12-16,FTW-0015,CH-WS-01,55,0,12,40,False
INV-0009141,2024-12-16,FTW-0016,CH-NE-01,49,0,11,36,False
INV-0009142,2024-12-16,FTW-0016,CH-MW-01,106,0,10,36,False
INV-0009143,2024-12-16,FTW-0016,CH-WE-01,49,0,4,36,False
INV-0009144,2024-12-16,FTW-0016,CH-ON-01,97,0,18,36,False
INV-0009145,2024-12-16,FTW-0016,CH-WS-01,80,0,3,36,False
INV-0009146,2024-12-16,ACC-0017,CH-NE-01,69,0,9,31,False
INV-0009147,2024-12-16,ACC-0017,CH-MW-01,25,66,11,31,False
INV-0009148,2024-12-16,ACC-0017,CH-WE-01,24,113,14,31,False
INV-0009149,2024-12-16,ACC-0017,CH-ON-01,92,0,16,31,False
INV-0009150,2024-12-16,ACC-0017,CH-WS-01,74,0,0,31,False
INV-0009151,2024-12-16,ACC-0018,CH-NE-01,22,38,18,24,False
INV-0009152,2024-12-16,ACC-0018,CH-MW-01,32,0,11,24,False
INV-0009153,2024-12-16,ACC-0018,CH-WE-01,48,0,19,24,False
INV-0009154,2024-12-16,ACC-0018,CH-ON-01,30,0,27,24,False
INV-0009155,2024-12-16,ACC-0018,CH-WS-01,56,0,5,24,False
INV-0009156,2024-12-16,ACC-0019,CH-NE-01,78,0,15,38,False
INV-0009157,2024-12-16,ACC-0019,CH-MW-01,53,0,18,38,False
INV-0009158,2024-12-16,ACC-0019,CH-WE-01,59,0,17,38,False
INV-0009159,2024-12-16,ACC-0019,CH-ON-01,89,0,5,38,False
INV-0009160,2024-12-16,ACC-0019,CH-WS-01,99,0,7,38,False
INV-0009161,2024-12-16,ACC-0020,CH-NE-01,18,59,11,23,False
INV-0009162,2024-12-16,ACC-0020,CH-MW-01,24,0,0,23,False
INV-0009163,2024-12-16,ACC-0020,CH-WE-01,31,0,20,23,False
INV-0009164,2024-12-16,ACC-0020,CH-ON-01,11,63,23,23,False
INV-0009165,2024-12-16,ACC-0020,CH-WS-01,62,0,3,23,False
INV-0009166,2024-12-16,ACC-0022,CH-NE-01,46,0,9,24,False
INV-0009167,2024-12-16,ACC-0022,CH-MW-01,88,0,6,24,False
INV-0009168,2024-12-16,ACC-0022,CH-WE-01,59,0,8,24,False
INV-0009169,2024-12-16,ACC-0022,CH-ON-01,96,0,10,24,False
INV-0009170,2024-12-16,ACC-0022,CH-WS-01,90,0,0,24,False
INV-0009171,2024-12-16,ACC-0023,CH-NE-01,53,0,11,37,False
INV-0009172,2024-12-16,ACC-0023,CH-MW-01,72,0,1,37,False
INV-0009173,2024-12-16,ACC-0023,CH-WE-01,61,0,22,37,False
INV-0009174,2024-12-16,ACC-0023,CH-ON-01,23,72,21,37,False
INV-0009175,2024-12-16,ACC-0023,CH-WS-01,64,0,0,37,False
INV-0009176,2024-12-16,ACC-0024,CH-NE-01,49,0,23,16,False
INV-0009177,2024-12-16,ACC-0024,CH-MW-01,59,0,7,16,False
INV-0009178,2024-12-16,ACC-0024,CH-WE-01,35,0,15,16,False
INV-0009179,2024-12-16,ACC-0024,CH-ON-01,103,0,5,16,False
INV-0009180,2024-12-16,ACC-0024,CH-WS-01,80,0,9,16,False
INV-0009181,2024-12-16,HOM-0025,CH-NE-01,94,0,9,40,False
INV-0009182,2024-12-16,HOM-0025,CH-MW-01,95,0,11,40,False
INV-0009183,2024-12-16,HOM-0025,CH-WE-01,71,0,24,40,False
INV-0009184,2024-12-16,HOM-0025,CH-ON-01,89,0,25,40,False
INV-0009185,2024-12-16,HOM-0025,CH-WS-01,51,0,0,40,False
INV-0009186,2024-12-16,HOM-0026,CH-NE-01,49,0,13,26,False
INV-0009187,2024-12-16,HOM-0026,CH-MW-01,68,0,10,26,False
INV-0009188,2024-12-16,HOM-0026,CH-WE-01,23,61,10,26,False
INV-0009189,2024-12-16,HOM-0026,CH-ON-01,20,56,19,26,False
INV-0009190,2024-12-16,HOM-0026,CH-WS-01,32,0,11,26,False
INV-0009191,2024-12-16,HOM-0027,CH-NE-01,102,0,15,43,False
INV-0009192,2024-12-16,HOM-0027,CH-MW-01,40,50,4,43,False
INV-0009193,2024-12-16,HOM-0027,CH-WE-01,37,76,15,43,False
INV-0009194,2024-12-16,HOM-0027,CH-ON-01,74,0,24,43,False
INV-0009195,2024-12-16,HOM-0027,CH-WS-01,88,0,0,43,False
INV-0009196,2024-12-16,HOM-0028,CH-NE-01,20,57,37,24,False
INV-0009197,2024-12-16,HOM-0028,CH-MW-01,27,0,10,24,False
INV-0009198,2024-12-16,HOM-0028,CH-WE-01,21,52,8,24,False
INV-0009199,2024-12-16,HOM-0028,CH-ON-01,30,0,16,24,False
INV-0009200,2024-12-16,HOM-0028,CH-WS-01,49,0,4,24,False
INV-0009201,2024-12-16,HOM-0029,CH-NE-01,105,0,6,39,False
INV-0009202,2024-12-16,HOM-0029,CH-MW-01,85,0,8,39,False
INV-0009203,2024-12-16,HOM-0029,CH-WE-01,69,0,12,39,False
INV-0009204,2024-12-16,HOM-0029,CH-ON-01,30,113,24,39,False
INV-0009205,2024-12-16,HOM-0029,CH-WS-01,94,0,3,39,False
INV-0009206,2024-12-16,HOM-0030,CH-NE-01,25,104,28,43,False
INV-0009207,2024-12-16,HOM-0030,CH-MW-01,66,0,11,43,False
INV-0009208,2024-12-16,HOM-0030,CH-WE-01,93,0,18,43,False
INV-0009209,2024-12-16,HOM-0030,CH-ON-01,98,0,21,43,False
INV-0009210,2024-12-16,HOM-0030,CH-WS-01,108,0,8,43,False
INV-0009211,2024-12-16,HOM-0031,CH-NE-01,67,0,13,25,False
INV-0009212,2024-12-16,HOM-0031,CH-MW-01,36,0,13,25,False
INV-0009213,2024-12-16,HOM-0031,CH-WE-01,75,0,11,25,False
INV-0009214,2024-12-16,HOM-0031,CH-ON-01,96,0,19,25,False
INV-0009215,2024-12-16,HOM-0031,CH-WS-01,56,0,2,25,False
INV-0009216,2024-12-16,HOM-0032,CH-NE-01,13,66,17,28,False
INV-0009217,2024-12-16,HOM-0032,CH-MW-01,17,63,21,28,False
INV-0009218,2024-12-16,HOM-0032,CH-WE-01,38,0,12,28,False
INV-0009219,2024-12-16,HOM-0032,CH-ON-01,41,0,17,28,False
INV-0009220,2024-12-16,HOM-0032,CH-WS-01,57,0,8,28,False
INV-0009221,2024-12-23,APP-0001,CH-NE-01,109,0,8,33,False
INV-0009222,2024-12-23,APP-0001,CH-MW-01,101,0,10,33,False
INV-0009223,2024-12-23,APP-0001,CH-WE-01,76,0,8,33,False
INV-0009224,2024-12-23,APP-0001,CH-ON-01,34,0,33,33,False
INV-0009225,2024-12-23,APP-0001,CH-WS-01,62,0,0,33,False
INV-0009226,2024-12-23,APP-0002,CH-NE-01,45,0,15,23,False
INV-0009227,2024-12-23,APP-0002,CH-MW-01,133,0,17,23,False
INV-0009228,2024-12-23,APP-0002,CH-WE-01,71,0,14,23,False
INV-0009229,2024-12-23,APP-0002,CH-ON-01,23,92,37,23,False
INV-0009230,2024-12-23,APP-0002,CH-WS-01,85,0,7,23,False
INV-0009231,2024-12-23,APP-0003,CH-NE-01,18,0,23,15,False
INV-0009232,2024-12-23,APP-0003,CH-MW-01,70,0,8,15,False
INV-0009233,2024-12-23,APP-0003,CH-WE-01,36,0,10,15,False
INV-0009234,2024-12-23,APP-0003,CH-ON-01,55,0,16,15,False
INV-0009235,2024-12-23,APP-0003,CH-WS-01,41,0,1,15,False
INV-0009236,2024-12-23,APP-0004,CH-NE-01,71,0,25,39,False
INV-0009237,2024-12-23,APP-0004,CH-MW-01,87,0,18,39,False
INV-0009238,2024-12-23,APP-0004,CH-WE-01,101,0,14,39,False
INV-0009239,2024-12-23,APP-0004,CH-ON-01,94,0,13,39,False
INV-0009240,2024-12-23,APP-0004,CH-WS-01,77,0,10,39,False
INV-0009241,2024-12-23,APP-0005,CH-NE-01,38,0,4,36,False
INV-0009242,2024-12-23,APP-0005,CH-MW-01,34,138,31,36,False
INV-0009243,2024-12-23,APP-0005,CH-WE-01,103,0,3,36,False
INV-0009244,2024-12-23,APP-0005,CH-ON-01,69,0,25,36,False
INV-0009245,2024-12-23,APP-0005,CH-WS-01,74,0,10,36,False
INV-0009246,2024-12-23,APP-0006,CH-NE-01,75,0,19,38,False
INV-0009247,2024-12-23,APP-0006,CH-MW-01,58,0,11,38,False
INV-0009248,2024-12-23,APP-0006,CH-WE-01,41,0,22,38,False
INV-0009249,2024-12-23,APP-0006,CH-ON-01,34,46,27,38,False
INV-0009250,2024-12-23,APP-0006,CH-WS-01,92,0,9,38,False
INV-0009251,2024-12-23,APP-0007,CH-NE-01,43,0,14,28,False
INV-0009252,2024-12-23,APP-0007,CH-MW-01,74,0,9,28,False
INV-0009253,2024-12-23,APP-0007,CH-WE-01,18,47,24,28,False
INV-0009254,2024-12-23,APP-0007,CH-ON-01,85,0,25,28,False
INV-0009255,2024-12-23,APP-0007,CH-WS-01,55,0,9,28,False
INV-0009256,2024-12-23,APP-0008,CH-NE-01,44,0,5,17,False
INV-0009257,2024-12-23,APP-0008,CH-MW-01,75,0,14,17,False
INV-0009258,2024-12-23,APP-0008,CH-WE-01,23,0,16,17,False
INV-0009259,2024-12-23,APP-0008,CH-ON-01,46,0,19,17,False
INV-0009260,2024-12-23,APP-0008,CH-WS-01,104,0,5,17,False
INV-0009261,2024-12-23,APP-0009,CH-NE-01,53,0,0,21,False
INV-0009262,2024-12-23,APP-0009,CH-MW-01,31,0,10,21,False
INV-0009263,2024-12-23,APP-0009,CH-WE-01,19,47,13,21,False
INV-0009264,2024-12-23,APP-0009,CH-ON-01,15,36,22,21,False
INV-0009265,2024-12-23,APP-0009,CH-WS-01,59,0,3,21,False
INV-0009266,2024-12-23,APP-0010,CH-NE-01,94,0,11,34,False
INV-0009267,2024-12-23,APP-0010,CH-MW-01,94,0,11,34,False
INV-0009268,2024-12-23,APP-0010,CH-WE-01,27,102,19,34,False
INV-0009269,2024-12-23,APP-0010,CH-ON-01,68,0,0,34,False
INV-0009270,2024-12-23,APP-0010,CH-WS-01,41,0,2,34,False
INV-0009271,2024-12-23,APP-0011,CH-NE-01,62,0,28,44,False
INV-0009272,2024-12-23,APP-0011,CH-MW-01,126,0,20,44,False
INV-0009273,2024-12-23,APP-0011,CH-WE-01,42,96,25,44,False
INV-0009274,2024-12-23,APP-0011,CH-ON-01,116,0,22,44,False
INV-0009275,2024-12-23,APP-0011,CH-WS-01,46,0,4,44,False
INV-0009276,2024-12-23,FTW-0012,CH-NE-01,32,62,20,42,False
INV-0009277,2024-12-23,FTW-0012,CH-MW-01,49,0,4,42,False
INV-0009278,2024-12-23,FTW-0012,CH-WE-01,49,0,11,42,False
INV-0009279,2024-12-23,FTW-0012,CH-ON-01,81,0,36,42,False
INV-0009280,2024-12-23,FTW-0012,CH-WS-01,64,0,5,42,False
INV-0009281,2024-12-23,FTW-0013,CH-NE-01,33,0,12,29,False
INV-0009282,2024-12-23,FTW-0013,CH-MW-01,33,0,19,29,False
INV-0009283,2024-12-23,FTW-0013,CH-WE-01,31,0,22,29,False
INV-0009284,2024-12-23,FTW-0013,CH-ON-01,0,54,35,29,True
INV-0009285,2024-12-23,FTW-0013,CH-WS-01,44,0,0,29,False
INV-0009286,2024-12-23,FTW-0014,CH-NE-01,36,0,17,27,False
INV-0009287,2024-12-23,FTW-0014,CH-MW-01,37,0,17,27,False
INV-0009288,2024-12-23,FTW-0014,CH-WE-01,26,124,11,27,False
INV-0009289,2024-12-23,FTW-0014,CH-ON-01,64,0,10,27,False
INV-0009290,2024-12-23,FTW-0014,CH-WS-01,32,0,8,27,False
INV-0009291,2024-12-23,FTW-0015,CH-NE-01,53,0,15,40,False
INV-0009292,2024-12-23,FTW-0015,CH-MW-01,51,0,18,40,False
INV-0009293,2024-12-23,FTW-0015,CH-WE-01,64,0,3,40,False
INV-0009294,2024-12-23,FTW-0015,CH-ON-01,57,0,16,40,False
INV-0009295,2024-12-23,FTW-0015,CH-WS-01,55,0,0,40,False
INV-0009296,2024-12-23,FTW-0016,CH-NE-01,33,124,16,36,False
INV-0009297,2024-12-23,FTW-0016,CH-MW-01,98,0,8,36,False
INV-0009298,2024-12-23,FTW-0016,CH-WE-01,34,110,15,36,False
INV-0009299,2024-12-23,FTW-0016,CH-ON-01,72,0,25,36,False
INV-0009300,2024-12-23,FTW-0016,CH-WS-01,77,0,3,36,False
INV-0009301,2024-12-23,ACC-0017,CH-NE-01,62,0,7,31,False
INV-0009302,2024-12-23,ACC-0017,CH-MW-01,81,0,10,31,False
INV-0009303,2024-12-23,ACC-0017,CH-WE-01,119,0,18,31,False
INV-0009304,2024-12-23,ACC-0017,CH-ON-01,77,0,15,31,False
INV-0009305,2024-12-23,ACC-0017,CH-WS-01,72,0,2,31,False
INV-0009306,2024-12-23,ACC-0018,CH-NE-01,31,0,29,24,False
INV-0009307,2024-12-23,ACC-0018,CH-MW-01,20,57,12,24,False
INV-0009308,2024-12-23,ACC-0018,CH-WE-01,14,72,34,24,False
INV-0009309,2024-12-23,ACC-0018,CH-ON-01,13,58,17,24,False
INV-0009310,2024-12-23,ACC-0018,CH-WS-01,52,0,4,24,False
INV-0009311,2024-12-23,ACC-0019,CH-NE-01,51,0,27,38,False
INV-0009312,2024-12-23,ACC-0019,CH-MW-01,43,0,10,38,False
INV-0009313,2024-12-23,ACC-0019,CH-WE-01,43,0,16,38,False
INV-0009314,2024-12-23,ACC-0019,CH-ON-01,66,0,23,38,False
INV-0009315,2024-12-23,ACC-0019,CH-WS-01,96,0,3,38,False
INV-0009316,2024-12-23,ACC-0020,CH-NE-01,63,0,14,23,False
INV-0009317,2024-12-23,ACC-0020,CH-MW-01,18,34,6,23,False
INV-0009318,2024-12-23,ACC-0020,CH-WE-01,7,48,24,23,False
INV-0009319,2024-12-23,ACC-0020,CH-ON-01,62,0,12,23,False
INV-0009320,2024-12-23,ACC-0020,CH-WS-01,56,0,6,23,False
INV-0009321,2024-12-23,ACC-0022,CH-NE-01,35,0,11,24,False
INV-0009322,2024-12-23,ACC-0022,CH-MW-01,64,0,24,24,False
INV-0009323,2024-12-23,ACC-0022,CH-WE-01,34,0,25,24,False
INV-0009324,2024-12-23,ACC-0022,CH-ON-01,67,0,29,24,False
INV-0009325,2024-12-23,ACC-0022,CH-WS-01,88,0,2,24,False
INV-0009326,2024-12-23,ACC-0023,CH-NE-01,35,84,18,37,False
INV-0009327,2024-12-23,ACC-0023,CH-MW-01,63,0,9,37,False
INV-0009328,2024-12-23,ACC-0023,CH-WE-01,38,0,23,37,False
INV-0009329,2024-12-23,ACC-0023,CH-ON-01,63,0,32,37,False
INV-0009330,2024-12-23,ACC-0023,CH-WS-01,55,0,9,37,False
INV-0009331,2024-12-23,ACC-0024,CH-NE-01,18,0,31,16,False
INV-0009332,2024-12-23,ACC-0024,CH-MW-01,50,0,9,16,False
INV-0009333,2024-12-23,ACC-0024,CH-WE-01,14,131,21,16,False
INV-0009334,2024-12-23,ACC-0024,CH-ON-01,84,0,19,16,False
INV-0009335,2024-12-23,ACC-0024,CH-WS-01,68,0,12,16,False
INV-0009336,2024-12-23,HOM-0025,CH-NE-01,67,0,27,40,False
INV-0009337,2024-12-23,HOM-0025,CH-MW-01,84,0,11,40,False
INV-0009338,2024-12-23,HOM-0025,CH-WE-01,58,0,13,40,False
INV-0009339,2024-12-23,HOM-0025,CH-ON-01,73,0,16,40,False
INV-0009340,2024-12-23,HOM-0025,CH-WS-01,46,0,5,40,False
INV-0009341,2024-12-23,HOM-0026,CH-NE-01,40,0,9,26,False
INV-0009342,2024-12-23,HOM-0026,CH-MW-01,62,0,6,26,False
INV-0009343,2024-12-23,HOM-0026,CH-WE-01,73,0,11,26,False
INV-0009344,2024-12-23,HOM-0026,CH-ON-01,56,0,20,26,False
INV-0009345,2024-12-23,HOM-0026,CH-WS-01,30,0,2,26,False
INV-0009346,2024-12-23,HOM-0027,CH-NE-01,93,0,9,43,False
INV-0009347,2024-12-23,HOM-0027,CH-MW-01,84,0,6,43,False
INV-0009348,2024-12-23,HOM-0027,CH-WE-01,93,0,20,43,False
INV-0009349,2024-12-23,HOM-0027,CH-ON-01,40,50,34,43,False
INV-0009350,2024-12-23,HOM-0027,CH-WS-01,80,0,8,43,False
INV-0009351,2024-12-23,HOM-0028,CH-NE-01,71,0,6,24,False
INV-0009352,2024-12-23,HOM-0028,CH-MW-01,22,70,5,24,False
INV-0009353,2024-12-23,HOM-0028,CH-WE-01,61,0,12,24,False
INV-0009354,2024-12-23,HOM-0028,CH-ON-01,9,44,21,24,False
INV-0009355,2024-12-23,HOM-0028,CH-WS-01,47,0,2,24,False
INV-0009356,2024-12-23,HOM-0029,CH-NE-01,92,0,13,39,False
INV-0009357,2024-12-23,HOM-0029,CH-MW-01,77,0,8,39,False
INV-0009358,2024-12-23,HOM-0029,CH-WE-01,46,0,23,39,False
INV-0009359,2024-12-23,HOM-0029,CH-ON-01,125,0,18,39,False
INV-0009360,2024-12-23,HOM-0029,CH-WS-01,94,0,0,39,False
INV-0009361,2024-12-23,HOM-0030,CH-NE-01,109,0,20,43,False
INV-0009362,2024-12-23,HOM-0030,CH-MW-01,54,0,12,43,False
INV-0009363,2024-12-23,HOM-0030,CH-WE-01,78,0,15,43,False
INV-0009364,2024-12-23,HOM-0030,CH-ON-01,74,0,24,43,False
INV-0009365,2024-12-23,HOM-0030,CH-WS-01,104,0,4,43,False
INV-0009366,2024-12-23,HOM-0031,CH-NE-01,60,0,7,25,False
INV-0009367,2024-12-23,HOM-0031,CH-MW-01,31,0,5,25,False
INV-0009368,2024-12-23,HOM-0031,CH-WE-01,58,0,17,25,False
INV-0009369,2024-12-23,HOM-0031,CH-ON-01,64,0,32,25,False
INV-0009370,2024-12-23,HOM-0031,CH-WS-01,50,0,6,25,False
INV-0009371,2024-12-23,HOM-0032,CH-NE-01,63,0,16,28,False
INV-0009372,2024-12-23,HOM-0032,CH-MW-01,71,0,9,28,False
INV-0009373,2024-12-23,HOM-0032,CH-WE-01,11,43,27,28,False
INV-0009374,2024-12-23,HOM-0032,CH-ON-01,28,36,13,28,False
INV-0009375,2024-12-23,HOM-0032,CH-WS-01,55,0,2,28,False
INV-0009376,2024-12-30,APP-0001,CH-NE-01,103,0,6,33,False
INV-0009377,2024-12-30,APP-0001,CH-MW-01,98,0,3,33,False
INV-0009378,2024-12-30,APP-0001,CH-WE-01,73,0,3,33,False
INV-0009379,2024-12-30,APP-0001,CH-ON-01,19,120,15,33,False
INV-0009380,2024-12-30,APP-0001,CH-WS-01,62,0,0,33,False
INV-0009381,2024-12-30,APP-0002,CH-NE-01,43,0,2,23,False
INV-0009382,2024-12-30,APP-0002,CH-MW-01,128,0,5,23,False
INV-0009383,2024-12-30,APP-0002,CH-WE-01,71,0,0,23,False
INV-0009384,2024-12-30,APP-0002,CH-ON-01,111,0,4,23,False
INV-0009385,2024-12-30,APP-0002,CH-WS-01,85,0,0,23,False
INV-0009386,2024-12-30,APP-0003,CH-NE-01,18,0,0,15,False
INV-0009387,2024-12-30,APP-0003,CH-MW-01,70,0,0,15,False
INV-0009388,2024-12-30,APP-0003,CH-WE-01,24,0,12,15,False
INV-0009389,2024-12-30,APP-0003,CH-ON-01,44,0,11,15,False
INV-0009390,2024-12-30,APP-0003,CH-WS-01,38,0,3,15,False
INV-0009391,2024-12-30,APP-0004,CH-NE-01,62,0,9,39,False
INV-0009392,2024-12-30,APP-0004,CH-MW-01,81,0,6,39,False
INV-0009393,2024-12-30,APP-0004,CH-WE-01,98,0,3,39,False
INV-0009394,2024-12-30,APP-0004,CH-ON-01,94,0,0,39,False
INV-0009395,2024-12-30,APP-0004,CH-WS-01,77,0,0,39,False
INV-0009396,2024-12-30,APP-0005,CH-NE-01,38,0,0,36,False
INV-0009397,2024-12-30,APP-0005,CH-MW-01,167,0,5,36,False
INV-0009398,2024-12-30,APP-0005,CH-WE-01,99,0,4,36,False
INV-0009399,2024-12-30,APP-0005,CH-ON-01,65,0,4,36,False
INV-0009400,2024-12-30,APP-0005,CH-WS-01,74,0,0,36,False
INV-0009401,2024-12-30,APP-0006,CH-NE-01,64,0,11,38,False
INV-0009402,2024-12-30,APP-0006,CH-MW-01,58,0,0,38,False
INV-0009403,2024-12-30,APP-0006,CH-WE-01,36,62,5,38,False
INV-0009404,2024-12-30,APP-0006,CH-ON-01,70,0,10,38,False
INV-0009405,2024-12-30,APP-0006,CH-WS-01,92,0,0,38,False
INV-0009406,2024-12-30,APP-0007,CH-NE-01,42,0,1,28,False
INV-0009407,2024-12-30,APP-0007,CH-MW-01,71,0,3,28,False
INV-0009408,2024-12-30,APP-0007,CH-WE-01,61,0,4,28,False
INV-0009409,2024-12-30,APP-0007,CH-ON-01,80,0,5,28,False
INV-0009410,2024-12-30,APP-0007,CH-WS-01,46,0,9,28,False
INV-0009411,2024-12-30,APP-0008,CH-NE-01,42,0,2,17,False
INV-0009412,2024-12-30,APP-0008,CH-MW-01,74,0,1,17,False
INV-0009413,2024-12-30,APP-0008,CH-WE-01,16,116,7,17,False
INV-0009414,2024-12-30,APP-0008,CH-ON-01,46,0,0,17,False
INV-0009415,2024-12-30,APP-0008,CH-WS-01,104,0,0,17,False
INV-0009416,2024-12-30,APP-0009,CH-NE-01,47,0,6,21,False
INV-0009417,2024-12-30,APP-0009,CH-MW-01,31,0,0,21,False
INV-0009418,2024-12-30,APP-0009,CH-WE-01,64,0,2,21,False
INV-0009419,2024-12-30,APP-0009,CH-ON-01,51,0,0,21,False
INV-0009420,2024-12-30,APP-0009,CH-WS-01,56,0,3,21,False
INV-0009421,2024-12-30,APP-0010,CH-NE-01,88,0,6,34,False
INV-0009422,2024-12-30,APP-0010,CH-MW-01,91,0,3,34,False
INV-0009423,2024-12-30,APP-0010,CH-WE-01,129,0,0,34,False
INV-0009424,2024-12-30,APP-0010,CH-ON-01,50,0,18,34,False
INV-0009425,2024-12-30,APP-0010,CH-WS-01,39,0,2,34,False
INV-0009426,2024-12-30,APP-0011,CH-NE-01,62,0,0,44,False
INV-0009427,2024-12-30,APP-0011,CH-MW-01,123,0,3,44,False
INV-0009428,2024-12-30,APP-0011,CH-WE-01,138,0,0,44,False
INV-0009429,2024-12-30,APP-0011,CH-ON-01,114,0,2,44,False
INV-0009430,2024-12-30,APP-0011,CH-WS-01,41,152,5,44,False
INV-0009431,2024-12-30,FTW-0012,CH-NE-01,79,0,15,42,False
INV-0009432,2024-12-30,FTW-0012,CH-MW-01,47,0,2,42,False
INV-0009433,2024-12-30,FTW-0012,CH-WE-01,49,0,0,42,False
INV-0009434,2024-12-30,FTW-0012,CH-ON-01,76,0,5,42,False
INV-0009435,2024-12-30,FTW-0012,CH-WS-01,61,0,3,42,False
INV-0009436,2024-12-30,FTW-0013,CH-NE-01,30,0,3,29,False
INV-0009437,2024-12-30,FTW-0013,CH-MW-01,33,0,0,29,False
INV-0009438,2024-12-30,FTW-0013,CH-WE-01,28,54,3,29,False
INV-0009439,2024-12-30,FTW-0013,CH-ON-01,45,0,9,29,False
INV-0009440,2024-12-30,FTW-0013,CH-WS-01,43,0,1,29,False
INV-0009441,2024-12-30,FTW-0014,CH-NE-01,33,0,3,27,False
INV-0009442,2024-12-30,FTW-0014,CH-MW-01,37,0,0,27,False
INV-0009443,2024-12-30,FTW-0014,CH-WE-01,147,0,3,27,False
INV-0009444,2024-12-30,FTW-0014,CH-ON-01,64,0,0,27,False
INV-0009445,2024-12-30,FTW-0014,CH-WS-01,32,0,0,27,False
INV-0009446,2024-12-30,FTW-0015,CH-NE-01,47,0,6,40,False
INV-0009447,2024-12-30,FTW-0015,CH-MW-01,47,0,4,40,False
INV-0009448,2024-12-30,FTW-0015,CH-WE-01,60,0,4,40,False
INV-0009449,2024-12-30,FTW-0015,CH-ON-01,57,0,0,40,False
INV-0009450,2024-12-30,FTW-0015,CH-WS-01,52,0,3,40,False
INV-0009451,2024-12-30,FTW-0016,CH-NE-01,157,0,0,36,False
INV-0009452,2024-12-30,FTW-0016,CH-MW-01,97,0,1,36,False
INV-0009453,2024-12-30,FTW-0016,CH-WE-01,137,0,7,36,False
INV-0009454,2024-12-30,FTW-0016,CH-ON-01,72,0,0,36,False
INV-0009455,2024-12-30,FTW-0016,CH-WS-01,77,0,0,36,False
INV-0009456,2024-12-30,ACC-0017,CH-NE-01,56,0,6,31,False
INV-0009457,2024-12-30,ACC-0017,CH-MW-01,77,0,4,31,False
INV-0009458,2024-12-30,ACC-0017,CH-WE-01,112,0,7,31,False
INV-0009459,2024-12-30,ACC-0017,CH-ON-01,77,0,0,31,False
INV-0009460,2024-12-30,ACC-0017,CH-WS-01,72,0,0,31,False
INV-0009461,2024-12-30,ACC-0018,CH-NE-01,23,39,8,24,False
INV-0009462,2024-12-30,ACC-0018,CH-MW-01,76,0,1,24,False
INV-0009463,2024-12-30,ACC-0018,CH-WE-01,85,0,1,24,False
INV-0009464,2024-12-30,ACC-0018,CH-ON-01,71,0,0,24,False
INV-0009465,2024-12-30,ACC-0018,CH-WS-01,51,0,1,24,False
INV-0009466,2024-12-30,ACC-0019,CH-NE-01,48,0,3,38,False
INV-0009467,2024-12-30,ACC-0019,CH-MW-01,42,0,1,38,False
INV-0009468,2024-12-30,ACC-0019,CH-WE-01,37,62,6,38,False
INV-0009469,2024-12-30,ACC-0019,CH-ON-01,62,0,4,38,False
INV-0009470,2024-12-30,ACC-0019,CH-WS-01,96,0,0,38,False
INV-0009471,2024-12-30,ACC-0020,CH-NE-01,58,0,5,23,False
INV-0009472,2024-12-30,ACC-0020,CH-MW-01,52,0,0,23,False
INV-0009473,2024-12-30,ACC-0020,CH-WE-01,55,0,0,23,False
INV-0009474,2024-12-30,ACC-0020,CH-ON-01,59,0,3,23,False
INV-0009475,2024-12-30,ACC-0020,CH-WS-01,56,0,0,23,False
INV-0009476,2024-12-30,ACC-0022,CH-NE-01,35,0,0,24,False
INV-0009477,2024-12-30,ACC-0022,CH-MW-01,64,0,0,24,False
INV-0009478,2024-12-30,ACC-0022,CH-WE-01,29,0,5,24,False
INV-0009479,2024-12-30,ACC-0022,CH-ON-01,67,0,0,24,False
INV-0009480,2024-12-30,ACC-0022,CH-WS-01,88,0,0,24,False
INV-0009481,2024-12-30,ACC-0023,CH-NE-01,119,0,0,37,False
INV-0009482,2024-12-30,ACC-0023,CH-MW-01,60,0,3,37,False
INV-0009483,2024-12-30,ACC-0023,CH-WE-01,27,46,11,37,False
INV-0009484,2024-12-30,ACC-0023,CH-ON-01,63,0,0,37,False
INV-0009485,2024-12-30,ACC-0023,CH-WS-01,52,0,3,37,False
INV-0009486,2024-12-30,ACC-0024,CH-NE-01,18,0,0,16,False
INV-0009487,2024-12-30,ACC-0024,CH-MW-01,50,0,0,16,False
INV-0009488,2024-12-30,ACC-0024,CH-WE-01,145,0,0,16,False
INV-0009489,2024-12-30,ACC-0024,CH-ON-01,71,0,13,16,False
INV-0009490,2024-12-30,ACC-0024,CH-WS-01,68,0,0,16,False
INV-0009491,2024-12-30,HOM-0025,CH-NE-01,67,0,0,40,False
INV-0009492,2024-12-30,HOM-0025,CH-MW-01,84,0,0,40,False
INV-0009493,2024-12-30,HOM-0025,CH-WE-01,53,0,5,40,False
INV-0009494,2024-12-30,HOM-0025,CH-ON-01,69,0,4,40,False
INV-0009495,2024-12-30,HOM-0025,CH-WS-01,45,0,1,40,False
INV-0009496,2024-12-30,HOM-0026,CH-NE-01,40,0,0,26,False
INV-0009497,2024-12-30,HOM-0026,CH-MW-01,62,0,0,26,False
INV-0009498,2024-12-30,HOM-0026,CH-WE-01,71,0,2,26,False
INV-0009499,2024-12-30,HOM-0026,CH-ON-01,50,0,6,26,False
INV-0009500,2024-12-30,HOM-0026,CH-WS-01,30,0,0,26,False
INV-0009501,2024-12-30,HOM-0027,CH-NE-01,86,0,7,43,False
INV-0009502,2024-12-30,HOM-0027,CH-MW-01,82,0,2,43,False
INV-0009503,2024-12-30,HOM-0027,CH-WE-01,88,0,5,43,False
INV-0009504,2024-12-30,HOM-0027,CH-ON-01,84,0,6,43,False
INV-0009505,2024-12-30,HOM-0027,CH-WS-01,75,0,5,43,False
INV-0009506,2024-12-30,HOM-0028,CH-NE-01,71,0,0,24,False
INV-0009507,2024-12-30,HOM-0028,CH-MW-01,87,0,5,24,False
INV-0009508,2024-12-30,HOM-0028,CH-WE-01,58,0,3,24,False
INV-0009509,2024-12-30,HOM-0028,CH-ON-01,51,0,2,24,False
INV-0009510,2024-12-30,HOM-0028,CH-WS-01,47,0,0,24,False
INV-0009511,2024-12-30,HOM-0029,CH-NE-01,79,0,13,39,False
INV-0009512,2024-12-30,HOM-0029,CH-MW-01,69,0,8,39,False
INV-0009513,2024-12-30,HOM-0029,CH-WE-01,40,0,6,39,False
INV-0009514,2024-12-30,HOM-0029,CH-ON-01,118,0,7,39,False
INV-0009515,2024-12-30,HOM-0029,CH-WS-01,94,0,0,39,False
INV-0009516,2024-12-30,HOM-0030,CH-NE-01,106,0,3,43,False
INV-0009517,2024-12-30,HOM-0030,CH-MW-01,54,0,0,43,False
INV-0009518,2024-12-30,HOM-0030,CH-WE-01,76,0,2,43,False
INV-0009519,2024-12-30,HOM-0030,CH-ON-01,69,0,5,43,False
INV-0009520,2024-12-30,HOM-0030,CH-WS-01,102,0,2,43,False
INV-0009521,2024-12-30,HOM-0031,CH-NE-01,53,0,7,25,False
INV-0009522,2024-12-30,HOM-0031,CH-MW-01,25,73,6,25,False
INV-0009523,2024-12-30,HOM-0031,CH-WE-01,58,0,0,25,False
INV-0009524,2024-12-30,HOM-0031,CH-ON-01,58,0,6,25,False
INV-0009525,2024-12-30,HOM-0031,CH-WS-01,50,0,0,25,False
INV-0009526,2024-12-30,HOM-0032,CH-NE-01,57,0,6,28,False
INV-0009527,2024-12-30,HOM-0032,CH-MW-01,70,0,1,28,False
INV-0009528,2024-12-30,HOM-0032,CH-WE-01,47,0,7,28,False
INV-0009529,2024-12-30,HOM-0032,CH-ON-01,64,0,0,28,False
INV-0009530,2024-12-30,HOM-0032,CH-WS-01,54,0,1,28,False
